Task,Difficulty,Region,Type,Points,ready-to-use,auto-completed
[8] Fill 25 Elite Clue Collection Log Slots,Hard,General,Other,80,no,
[9] Fill 5 Master Clue Collection Log Slots,Hard,General,Other,80,no,
[10] Fill 25 Master Clue Collection Log Slots,Elite,General,Other,200,no,
[11] Burn Some Coloured Logs,Medium,General,Other,30,no,
[12] Equip a Gilded or Trimmed Wizard Item,Hard,General,Other,80,no,
[13] Equip a Full Vestment Set,Hard,General,Other,80,no,
[15] Eat some Purple Sweets,Medium,General,Other,30,no,
[17] Equip a Full God Rune Set,Hard,General,Other,80,no,
[19] Equip a Trimmed Amulet,Medium,General,Other,30,no,
[20] Equip a Full God Dragonhide Set,Hard,General,Other,80,no,
[23] Equip an Ornament Kit Item,Hard,General,Other,80,no,
[25] Equip Some Ranger Boots,Hard,General,Other,80,no,
[27] Fill 3 Elite Clue Collection Log Slots,Medium,General,Other,30,no,
[28] Fill 10 Elite Clue Collection Log Slots,Hard,General,Other,80,no,
[29] Fill 15 Hard Clue Collection Log Slots,Medium,General,Other,30,no,
[30] Fill 30 Hard Clue Collection Log Slots,Hard,General,Other,80,no,
[31] Fill 40 Medium Clue Collection Log Slots,Hard,General,Other,80,no,
[32] Fill 3 Hard Clue Collection Log Slots,Medium,General,Other,30,no,
[33] Fill 5 Medium Clue Collection Log Slots,Medium,General,Other,30,no,
[34] Fill 20 Medium Clue Collection Log Slots,Medium,General,Other,30,no,
[35] Fill 20 Easy Clue Collection Log Slots,Medium,General,Other,30,no,
[36] Fill 50 Easy Clue Collection Log Slots,Hard,General,Other,80,no,
[37] Fill Every Beginner Clue Collection Log Slot,Elite,General,Other,200,no,
[38] Fill 5 Easy Clue Collection Log Slots,Medium,General,Other,30,no,
[39] Fill 5 Beginner Clue Collection Log Slots,Medium,General,Other,30,no,
[40] Fill 10 Beginner Clue Collection Log Slots,Hard,General,Other,80,no,
[41] Gain 10 Unique Items From Master Clues,Hard,General,Other,80,no,
[42] Gain 25 Unique Items From Master Clues,Elite,General,Other,200,no,
[43] Gain 10 Unique Items From Elite Clues,Hard,General,Other,80,no,
[44] Gain 25 Unique Items From Elite Clues,Elite,General,Other,200,no,
[45] Gain 20 Unique Items From Hard Clues,Medium,General,Other,30,no,
[46] Gain 50 Unique Items From Hard Clues,Hard,General,Other,80,no,
[47] Gain 25 Unique Items From Medium Clues,Hard,General,Other,80,no,
[48] Gain 5 Unique Items From Hard Clues,Medium,General,Other,30,no,
[49] Gain 35 Unique Items From Easy Clues,Medium,General,Other,30,no,
[50] Gain 10 Unique Items From Medium Clues,Medium,General,Other,30,no,
[51] Gain 35 Unique Items From Beginner Clues,Hard,General,Other,80,no,
[52] Gain 10 Unique Items From Easy Clues,Medium,General,Other,30,no,
[53] Gain a Unique Item From a Master Clue,Medium,General,Other,30,no,
[54] Gain 10 Unique Items From Beginner Clues,Medium,General,Other,30,no,
[55] Gain a Unique Item From a Hard Clue,Medium,General,Other,30,no,
[56] Gain a Unique Item From an Elite Clue,Hard,General,Other,80,no,
[57] Gain a Unique Item From an Easy Clue,Medium,General,Other,30,no,
[58] Gain a Unique Item From a Medium Clue,Medium,General,Other,30,no,
[59] Gain a Unique Item From a Beginner Clue,Medium,General,Other,30,no,
[61] Defeat a Moss Giant,Easy,General,Combat,10,yes,
[62] Defeat a Lesser Demon,Medium,General,Combat,30,yes,
[63] Defeat a Goblin,Easy,General,Combat,10,yes,
[64] Defeat a Guard,Easy,General,Combat,10,yes,
[65] Restore 75 Prayer Points at an Altar,Hard,General,Combat,80,no,
[66] Reach a Prayer Bonus of 30,Hard,General,Combat,80,no,
[67] 1 Wintertodt Kill,Easy,Kourend,Skilling,10,no,
[68] 10 Wintertodt Kills,Medium,Kourend,Skilling,30,no,
[69] 25 Wintertodt Kills,Medium,Kourend,Skilling,30,no,
[70] 50 Wintertodt Kills,Hard,Kourend,Skilling,80,no,
[71] Complete 1 Farming Contract,Easy,Kourend,Skilling,10,no,
[72] Complete 10 Farming Contracts,Medium,Kourend,Skilling,30,no,
[73] Complete 50 Farming Contracts,Hard,Kourend,Skilling,80,no,
[74] Equip a Wizard Robe and Hat,Medium,General,Combat,30,no,
[75] Equip a Piece of a Mystic Set,Medium,General,Combat,30,no,
[76] Steal a Golovanova Fruit Top,Medium,Kourend,Skilling,30,no,
[77] Plant 100 Golovanova Seeds,Medium,Kourend,Skilling,30,no,
[78] Plant 100 Bologano Seeds,Hard,Kourend,Skilling,80,no,
[79] Plant 100 Logavano Seeds,Hard,Kourend,Skilling,80,no,
[81] Enter the Farming Guild's Mid Tier,Medium,Kourend,Skilling,30,no,
[82] Enter the Farming Guild's High Tier,Hard,Kourend,Skilling,80,no,
[86] Pickpocket a Master Farmer,Medium,General,Skilling,30,no,
[87] Enter the Woodcutting Guild,Medium,Kourend,Skilling,30,no,
[89] Obtain Runite Ore at the Blast Mine,Hard,Kourend,Skilling,80,no,
[93] Check a grown Redwood Tree,Elite,Kourend,Skilling,200,no,
[94] Restore 5 Prayer Points at an Altar,Easy,General,Combat,10,no,
[95] Superhuman Strength and Improved Reflexes,Easy,General,Combat,10,no,
[96] 25 Superior Slayer Encounters,Medium,General,Combat,30,no,
[97] Bury Some Bones,Easy,General,Combat,10,no,
[98] 75 Superior Slayer Encounters,Medium,General,Combat,30,no,
[99] 100 Superior Slayer Encounters,Hard,General,Combat,80,no,
[100] 50 Lizardmen Shaman Kills,Medium,Kourend,Combat,30,no,
[101] 150 Lizardmen Shaman Kills,Medium,Kourend,Combat,30,no,
[102] 300 Lizardmen Shaman Kills,Hard,Kourend,Combat,80,no,
[103] 1 Sarachnis Kill,Easy,Kourend,Combat,10,yes,
[104] 50 Sarachnis Kills,Medium,Kourend,Combat,30,yes,
[105] 150 Sarachnis Kills,Hard,Kourend,Combat,80,yes,
[106] 300 Sarachnis Kills,Hard,Kourend,Combat,80,yes,
[107] 1 Skotizo Kill,Hard,Kourend,Combat,80,yes,
[108] 10 Skotizo Kills,Hard,Kourend,Combat,80,yes,
[110] 1 Alchemical Hydra Kill,Hard,Kourend,Combat,80,yes,
[111] 50 Alchemical Hydra Kills,Hard,Kourend,Combat,80,yes,
[112] 150 Alchemical Hydra Kills,Hard,Kourend,Combat,80,yes,
[113] 300 Alchemical Hydra Kills,Elite,Kourend,Combat,200,yes,
[114] 1 Chambers of Xeric,Hard,Kourend,Other,80,no,
[115] 25 Chambers of Xeric,Hard,Kourend,Other,80,no,
[116] 50 Chambers of Xeric,Hard,Kourend,Other,80,no,
[117] 100 Chambers of Xeric,Elite,Kourend,Other,200,no,
[120] Teleport to Xeric's Honour,Medium,Kourend,Misc,30,no,
[121] Equip a Dragon Warhammer,Elite,Kourend,Combat,200,yes,
[122] Visit Ferox Enclave,Easy,Wilderness,Misc,10,no,
[123] Equip Boots of Brimstone,Hard,Kourend,Combat,80,yes,
[124] Equip a Dust Battlestaff,Hard,Kourend,Combat,80,yes,
[125] Equip a Mist Battlestaff,Hard,General,Combat,80,yes,
[126] Equip an Eternal Slayer Ring,Elite,General,Combat,200,no,
[127] Activate an Imbued Heart,Elite,General,Combat,200,no,
[128] Equip Ferocious Gloves,Hard,Kourend,Combat,80,yes,
[129] Equip a Dragon Hunter Lance,Elite,Kourend,Combat,200,yes,
[130] Equip a Brimstone Ring,Hard,Kourend,Combat,80,yes,
[131] Equip a Twisted Bow,Master,Kourend,Combat,400,yes,
[132] Equip an Elder Maul,Elite,Kourend,Combat,200,yes,
[133] Equip a Kodai Wand,Elite,Kourend,Combat,200,yes,
[134] Reach a Prayer Bonus of 15,Medium,General,Combat,30,no,
[135] Kourend and Kebos Easy Diary Tasks,Medium,Kourend,Diary,30,no,
[136] Kourend and Kebos Medium Diary Tasks,Medium,Kourend,Diary,30,no,
[137] Kourend and Kebos Hard Diary Tasks,Hard,Kourend,Diary,80,no,
[138] Kourend and Kebos Elite Diary Tasks,Elite,Kourend,Diary,200,no,
[139] Open 1 Grubby Chest,Easy,Kourend,Combat,10,no,
[142] Steal 1 Artefact,Medium,Kourend,Skilling,30,no,
[143] Steal 15 Artefacts,Medium,Kourend,Skilling,30,no,
[145] Turn in 1 Library Book,Easy,Kourend,Skilling,10,no,
[146] Turn in 10 Library Books,Medium,Kourend,Skilling,30,no,
[148] 1 Easy Clue Scroll,Medium,General,Other,30,no,
[149] 25 Easy Clue Scrolls,Medium,General,Other,30,no,
[150] 75 Easy Clue Scrolls,Medium,General,Other,30,no,
[152] 1 Medium Clue Scroll,Medium,General,Other,30,no,
[153] 25 Medium Clue Scrolls,Medium,General,Other,30,no,
[154] 75 Medium Clue Scrolls,Medium,General,Other,30,no,
[156] 1 Hard Clue Scroll,Medium,General,Other,30,no,
[157] 25 Hard Clue Scrolls,Medium,General,Other,30,no,
[158] 75 Hard Clue Scrolls,Hard,General,Other,80,no,
[160] 1 Elite Clue Scroll,Medium,General,Other,30,no,
[161] 25 Elite Clue Scrolls,Medium,General,Other,30,no,
[162] 75 Elite Clue Scrolls,Hard,General,Other,80,no,
[164] 1 Master Clue Scroll,Hard,General,Other,80,no,
[165] 25 Master Clue Scrolls,Hard,General,Other,80,no,
[166] 75 Master Clue Scrolls,Elite,General,Other,200,no,
[168] 1 Mimic Kill,Hard,Kourend,Combat,80,no,
[169] 5 Mimic Kills,Hard,Kourend,Combat,80,no,
[172] Bank at Land's End,Easy,Kourend,Misc,10,no,
[173] Bank at Mount Quidamortem,Easy,Kourend,Misc,10,no,
[174] Travel to Molch Island,Easy,Kourend,Misc,10,no,
[175] Equip Tier 5 Shayzien Armour,Hard,Kourend,Misc,80,no,
[177] Equip Xeric's Talisman,Medium,Kourend,Combat,30,yes,
[178] Cast Kourend Castle Teleport,Medium,Kourend,Misc,30,no,
[181] Purchase a Seed Box,Medium,Kourend,Other,30,no,
[183] Equip the Pyromancer's Garb,Hard,Kourend,Other,80,no,
[186] Equip a Fish Sack,Hard,Kourend,Skilling,80,yes,
[187] Equip a Golden Tench,Elite,Kourend,Skilling,200,yes,
[188] Bury Some Wyvern or Dragon Bones,Medium,General,Combat,30,no,
[189] Open the Leagues Menu,Easy,General,Misc,10,yes,
[190] Complete the Leagues Tutorial,Easy,General,Misc,10,yes,
[191] Achieve Your First Level Up,Easy,General,Skilling,10,no,
[192] Achieve Your First Level 5,Easy,General,Skilling,10,no,
[193] Achieve Your First Level 10,Easy,General,Skilling,10,no,
[194] Achieve Your First Level 20,Easy,General,Skilling,10,no,
[195] Achieve Your First Level 30,Medium,General,Skilling,30,no,
[196] Achieve Your First Level 40,Medium,General,Skilling,30,no,
[197] Achieve Your First Level 50,Medium,General,Skilling,30,no,
[198] Achieve Your First Level 60,Medium,General,Skilling,30,no,
[199] Achieve Your First Level 70,Hard,General,Skilling,80,no,
[200] Achieve Your First Level 80,Hard,General,Skilling,80,no,
[201] Achieve Your First Level 90,Elite,General,Skilling,200,no,
[202] Achieve Your First Level 95,Elite,General,Skilling,200,no,
[203] Reach Total Level 100,Medium,General,Skilling,30,no,
[204] Reach Total Level 250,Medium,General,Skilling,30,no,
[205] Reach Total Level 500,Medium,General,Skilling,30,no,
[206] Reach Total Level 750,Medium,General,Skilling,30,no,
[207] Reach Total Level 1000,Hard,General,Skilling,80,no,
[208] Reach Total Level 1250,Hard,General,Skilling,80,no,
[209] Reach Total Level 1500,Hard,General,Skilling,80,no,
[210] Reach Total Level 1750,Hard,General,Skilling,80,no,
[211] Reach Total Level 2000,Elite,General,Skilling,200,no,
[212] Reach Total Level 2100,Elite,General,Skilling,200,no,
[213] Reach Total Level 2200,Elite,General,Skilling,200,no,
[214] Reach Total Level 2277,Master,General,Skilling,400,no,
[215] Reach Base Level 5,Medium,General,Skilling,30,no,
[216] Reach Base Level 10,Medium,General,Skilling,30,no,
[217] Reach Base Level 20,Medium,General,Skilling,30,no,
[218] Reach Base Level 30,Medium,General,Skilling,30,no,
[219] Reach Base Level 40,Hard,General,Skilling,80,no,
[220] Reach Base Level 50,Hard,General,Skilling,80,no,
[221] Reach Base Level 60,Hard,General,Skilling,80,no,
[222] Reach Base Level 70,Hard,General,Skilling,80,no,
[223] Reach Base Level 80,Elite,General,Skilling,200,no,
[224] Reach Base Level 90,Elite,General,Skilling,200,no,
[225] Reach Base Level 95,Master,General,Skilling,400,no,
[226] Reach Level 99 Attack,Elite,General,Skilling,200,no,
[228] Reach Level 99 Strength,Elite,General,Skilling,200,no,
[230] Reach Level 99 Defence,Elite,General,Skilling,200,no,
[232] Reach Level 99 Ranged,Elite,General,Skilling,200,no,
[234] Reach Level 99 Prayer,Elite,General,Skilling,200,no,
[235] Obtain 25 Million Prayer XP,Elite,General,Skilling,200,no,
[236] Reach Level 99 Magic,Elite,General,Skilling,200,no,
[238] Reach Level 99 Runecraft,Elite,General,Skilling,200,no,
[239] Obtain 25 Million Runecraft XP,Elite,General,Skilling,200,no,
[240] Reach Level 99 Construction,Elite,General,Skilling,200,no,
[241] Obtain 25 Million Construction XP,Elite,General,Skilling,200,no,
[242] Reach Level 99 Hitpoints,Elite,General,Skilling,200,no,
[244] Reach Level 99 Agility,Elite,General,Skilling,200,no,
[245] Obtain 25 Million Agility XP,Elite,General,Skilling,200,no,
[246] Reach Level 99 Herblore,Elite,General,Skilling,200,no,
[247] Obtain 25 Million Herblore XP,Elite,General,Skilling,200,no,
[248] Reach Level 99 Thieving,Elite,General,Skilling,200,no,
[249] Obtain 25 Million Thieving XP,Elite,General,Skilling,200,no,
[250] Reach Level 99 Crafting,Elite,General,Skilling,200,no,
[251] Obtain 25 Million Crafting XP,Elite,General,Skilling,200,no,
[252] Reach Level 99 Fletching,Elite,General,Skilling,200,no,
[253] Obtain 25 Million Fletching XP,Elite,General,Skilling,200,no,
[254] Reach Level 99 Slayer,Elite,General,Skilling,200,no,
[255] Obtain 25 Million Slayer XP,Elite,General,Skilling,200,no,
[256] Reach Level 99 Hunter,Elite,General,Skilling,200,no,
[257] Obtain 25 Million Hunter XP,Elite,General,Skilling,200,no,
[258] Reach Level 99 Mining,Elite,General,Skilling,200,no,
[259] Obtain 25 Million Mining XP,Elite,General,Skilling,200,no,
[260] Reach Level 99 Smithing,Elite,General,Skilling,200,no,
[261] Obtain 25 Million Smithing XP,Elite,General,Skilling,200,no,
[262] Reach Level 99 Fishing,Elite,General,Skilling,200,no,
[263] Obtain 25 Million Fishing XP,Elite,General,Skilling,200,no,
[264] Reach Level 99 Cooking,Elite,General,Skilling,200,no,
[265] Obtain 25 Million Cooking XP,Elite,General,Skilling,200,no,
[266] Reach Level 99 Firemaking,Elite,General,Skilling,200,no,
[267] Obtain 25 Million Firemaking XP,Elite,General,Skilling,200,no,
[268] Reach Level 99 Woodcutting,Elite,General,Skilling,200,no,
[269] Obtain 25 Million Woodcutting XP,Elite,General,Skilling,200,no,
[270] Reach Level 99 Farming,Elite,General,Skilling,200,no,
[271] Obtain 25 Million Farming XP,Elite,General,Skilling,200,no,
[272] Obtain a Skilling Pet,Elite,General,Skilling,200,no,
[273] Pickpocket a Citizen,Easy,General,Skilling,10,no,
[274] Open 28 Coin Pouches At Once,Medium,General,Skilling,30,no,
[275] Steal a Chocolate Slice,Easy,General,Skilling,10,no,
[277] Obtain 800 Coins From Coin Pouches At Once,Medium,General,Skilling,30,no,
[279] Steal From a Gem Stall,Hard,General,Skilling,80,no,
[280] Rake a Farming Patch,Easy,General,Skilling,10,no,
[281] Plant Seeds in an Allotment Patch,Easy,General,Skilling,10,no,
[282] Protect Your Crops,Easy,General,Skilling,10,no,
[283] Harvest an Irit Leaf,Medium,General,Skilling,30,partial,
[284] Fill a Bucket With Supercompost,Medium,General,Skilling,30,no,
[285] Check a grown Fruit Tree,Medium,General,Skilling,30,no,
[288] Travel Between Your Spirit Trees,Elite,Kandarin,Skilling,200,no,
[289] Chop Some Logs,Easy,General,Skilling,10,no,
[290] Chop Some Logs With a Steel Axe,Easy,General,Skilling,10,no,
[291] Obtain a Bird Nest,Easy,General,Skilling,10,partial,
[292] Chop 100 Willow Logs,Medium,General,Skilling,30,partial,
[293] Chop Some Logs With a Rune Axe,Medium,General,Skilling,30,no,
[294] Build a Waka Canoe,Medium,General,Skilling,30,no,
[295] Chop 75 Magic Logs,Hard,General,Skilling,80,partial,
[296] Cook Shrimp,Easy,General,Skilling,10,no,
[297] Burn Some Food,Easy,General,Skilling,10,no,
[298] Successfully Cook 5 Pieces of Food,Medium,General,Skilling,30,no,
[299] Ferment 100 Jugs of Wine,Hard,General,Skilling,80,no,
[300] Cook 100 Lobsters,Medium,General,Skilling,30,no,
[301] Make a Pineapple Pizza,Medium,General,Skilling,30,partial,
[302] Cook 100 Sharks,Hard,General,Skilling,80,no,
[303] Mine some Copper Ore,Easy,General,Skilling,10,no,
[304] Mine some Ore With a Steel Pickaxe,Easy,General,Skilling,10,no,
[305] Obtain a Gem While Mining,Medium,General,Skilling,30,no,
[306] Mine 50 Iron Ore,Medium,General,Skilling,30,partial,
[307] Mine some Ore With a Rune Pickaxe,Medium,General,Skilling,30,no,
[308] Obtain a Clue Geode While Mining,Medium,General,Skilling,30,no,
[309] Mine 50 Adamantite Ore,Hard,General,Skilling,80,partial,
[310] Fletch Some Arrow Shafts,Easy,General,Skilling,10,no,
[311] Fletch an Oak Shortbow,Easy,General,Skilling,10,partial,
[312] Fletch 150 Iron Arrows,Medium,General,Skilling,30,no,
[313] Fletch a Willow Shortbow (u),Medium,General,Skilling,30,partial,
[314] Create a Mithril Grapple,Hard,General,Skilling,80,no,
[315] Fletch some Broad Arrows or Bolts,Medium,General,Skilling,30,no,
[317] Fletch a Rune Crossbow,Hard,General,Skilling,80,partial,
[319] Check Your Slayer Task,Easy,General,Combat,10,no,
[320] Slay 250 Creatures,Medium,General,Combat,30,no,
[321] Equip a Spiny Helmet,Easy,General,Combat,10,yes,
[322] Defeat a Superior Slayer Creature,Medium,General,Combat,30,no,
[326] Defeat 10 Superior Slayer Creatures,Hard,General,Combat,80,no,
[327] Defeat 20 Superior Slayer Creatures,Hard,General,Combat,80,no,
[328] Slay an Abyssal Demon,Elite,General,Combat,200,yes,
[330] Defeat 50 Superior Slayer Creatures,Elite,General,Combat,200,no,
[331] Spin a Ball of Wool,Easy,General,Skilling,10,no,
[332] Cut a Sapphire,Easy,General,Skilling,10,no,
[333] Craft a Leather Body,Easy,General,Skilling,10,partial,
[334] Craft 100 Unpowered Orbs,Hard,General,Skilling,80,no,
[335] Craft an Emerald Ring,Medium,General,Skilling,30,partial,
[336] Craft a Ruby Amulet,Medium,General,Skilling,30,partial,
[337] Craft a Dragonstone Amulet,Hard,General,Skilling,80,partial,
[338] Craft 30 Blue Dragonhide Bodies,Hard,General,Skilling,80,no,
[339] Craft an Onyx Amulet,Elite,General,Skilling,200,partial,
[340] Catch a Shrimp,Easy,General,Skilling,10,no,
[341] Catch a Herring,Easy,General,Skilling,10,partial,
[342] Catch an Anchovy,Easy,General,Skilling,10,no,
[343] Catch 100 Lobsters,Medium,General,Skilling,30,no,
[344] Catch 50 Swordfish,Medium,General,Skilling,30,partial,
[345] Catch 50 Salmon,Medium,General,Skilling,30,partial,
[346] Catch 100 Shark,Hard,General,Skilling,80,partial,
[347] Smelt a Bronze Bar,Easy,General,Skilling,10,no,
[348] Smelt an Iron Bar,Easy,General,Skilling,10,no,
[349] Smith 150 Iron Arrowtips,Medium,General,Skilling,30,partial,
[351] Smith a Steel Platebody,Medium,General,Skilling,30,partial,
[352] Smelt a Steel Bar,Medium,General,Skilling,30,no,
"[353] Smith 1,000 Adamant Dart Tips",Hard,Desert,Skilling,80,no,
[354] Smelt a Runite Bar,Hard,General,Skilling,80,no,
[355] Smith a Dragonfire Shield,Elite,General,Skilling,200,partial,
[356] Purchase a Player Owned House,Easy,General,Skilling,10,no,
[357] Build a Room in Your Player Owned House,Medium,General,Skilling,30,no,
[358] Turn any Logs Into a Plank,Easy,General,Skilling,10,no,
[359] Build a Mahogany Portal,Medium,General,Skilling,30,no,
[360] Build an Oak Larder,Medium,General,Skilling,30,no,
[361] Fill a Medium STASH Unit,Medium,General,Skilling,30,no,
[362] Fill a Hard STASH Unit,Hard,General,Skilling,80,no,
[364] Visit the Rune Essence Mine,Easy,General,Skilling,10,no,
[366] Locate a Runecrafting Altar With a Talisman,Easy,General,Skilling,10,no,
[367] Craft 200 Essence Into Runes,Medium,General,Skilling,30,no,
[368] Craft 4 Runes With 1 Essence,Medium,General,Skilling,30,no,
[369] Craft Any Combination Rune,Medium,General,Skilling,30,no,
[370] Craft 2500 Essence Into Runes,Hard,General,Skilling,80,no,
[371] Burn Some Normal Logs,Easy,General,Skilling,10,no,
[372] Burn Some Oak Logs,Easy,General,Skilling,10,no,
[373] Light a Torch,Easy,General,Skilling,10,no,
[374] Burn 100 Willow Logs,Medium,General,Skilling,30,no,
[376] Light a Bullseye Lantern,Medium,General,Skilling,30,no,
[377] Burn 100 Yew Logs,Hard,General,Skilling,80,no,
[378] Burn Some Magic Logs,Hard,General,Skilling,80,no,
[379] Catch a Baby Impling,Easy,General,Skilling,10,no,
[380] Snare a Bird,Easy,General,Skilling,10,no,
"[381] Equip full Graahk, Larupia or Kyatt",Medium,General,Skilling,30,no,
[382] Catch a Swamp Lizard or Salamander,Medium,General,Skilling,30,no,
[384] Catch a Dragon Impling,Hard,General,Skilling,80,no,
[385] Catch a Lucky Impling Bare-Handed,Elite,General,Skilling,200,no,
[386] Obtain a Mark of Grace,Medium,General,Skilling,30,partial,
[387] Use the Protect from Melee Prayer,Medium,General,Combat,30,no,
[389] Complete 50 Laps of a Rooftop Agility Course,Medium,General,Skilling,30,no,
[391] Clean a Grimy Guam,Easy,General,Skilling,10,no,
[392] Make an Attack Potion,Easy,General,Skilling,10,no,
[393] Drink a Strength Potion,Easy,General,Skilling,10,no,
[394] Make 30 Prayer Potions,Medium,General,Skilling,30,no,
[395] Clean a Grimy Avantoe,Medium,General,Skilling,30,no,
[396] Make a 4 dose potion,Medium,General,Skilling,30,no,
[397] Make a Saradomin Brew,Hard,General,Skilling,80,no,
[399] Make a Super Combat Potion,Elite,General,Skilling,200,no,
[400] Obtain a Boss Pet,Elite,General,Combat,200,no,
[401] Reach Combat Level 10,Easy,General,Combat,10,no,
[402] Reach Combat Level 25,Easy,General,Combat,10,no,
[403] Reach Combat Level 50,Medium,General,Combat,30,no,
[404] Reach Combat Level 75,Medium,General,Combat,30,no,
[405] Reach Combat Level 100,Hard,General,Combat,80,no,
[406] Reach Combat Level 110,Hard,General,Combat,80,no,
[407] Reach Combat Level 120,Elite,General,Combat,200,no,
[408] Reach Combat Level 126,Elite,General,Combat,200,no,
[409] Visit Death's Domain,Easy,General,Combat,10,no,
[410] Perform a Special Attack,Easy,General,Combat,10,no,
[411] Add a Jar to a Display Case,Elite,General,Combat,200,no,
[412] Equip a Mithril Weapon,Medium,General,Combat,30,no,
[413] Equip an Adamant Weapon,Medium,General,Combat,30,no,
[414] Equip a Rune Weapon,Medium,General,Combat,30,no,
[415] Equip a Dragon Weapon,Hard,General,Combat,80,no,
[416] Equip an Abyssal Whip,Elite,General,Combat,200,yes,
[417] Equip a Full Mithril Set,Medium,General,Combat,30,no,
[418] Equip a Full Adamant Set,Medium,General,Combat,30,no,
[419] Equip a Full Rune Set,Hard,General,Combat,80,no,
[420] Equip a Full Dragon Set,Master,General,Combat,400,no,
[421] Equip a Studded Body and Chaps,Easy,General,Combat,10,no,
[422] Equip a Full Green Dragonhide Set,Medium,General,Combat,30,no,
[423] Equip a Full Blue Dragonhide Set,Medium,General,Combat,30,no,
[424] Equip a Full Red Dragonhide Set,Medium,General,Combat,30,no,
[425] Equip a Full Black Dragonhide Set,Hard,General,Combat,80,no,
[426] Equip a Maple Shortbow,Medium,General,Combat,30,yes,
[427] Equip a Yew Shortbow,Medium,General,Combat,30,yes,
[428] Equip a Magic Shortbow,Hard,General,Combat,80,yes,
[429] Equip a Rune Crossbow,Hard,General,Combat,80,yes,
[430] Equip an Elemental Staff,Easy,General,Combat,10,no,
[431] Cast Home Teleport,Easy,General,Skilling,10,no,
[432] Teleport Using Law Runes,Medium,General,Skilling,30,no,
[433] Equip an Elemental Battlestaff or Mystic Staff,Medium,General,Combat,30,no,
[434] Cast a Blast Spell,Medium,General,Combat,30,no,
[435] Cast High Level Alchemy,Medium,General,Skilling,30,no,
[436] Equip a Combination Battlestaff or Mystic Staff,Hard,General,Combat,80,no,
[437] Cast a Wave Spell,Hard,General,Combat,80,no,
[438] Cast a Surge Spell,Hard,General,Combat,80,no,
[439] Dismantle 20 Filled Bird Houses,Medium,Misthalin,Skilling,30,no,
[440] Set up a Magic Bird House,Hard,Misthalin,Skilling,80,no,
[443] Catch a Herbiboar 50 Times,Hard,Misthalin,Skilling,80,no,
[444] Catch a Herbiboar 150 Times,Elite,Misthalin,Skilling,200,no,
[445] Catch 50 Implings in Puro-Puro,Medium,Misthalin,Other,30,no,
[447] Complete a Volcanic Mine Game,Medium,Misthalin,Other,30,no,
[449] Mine a Runite Ore Fragment,Elite,Misthalin,Other,200,partial,
[450] Use the Range in Lumbridge Castle,Medium,Misthalin,Skilling,30,no,
[451] Enter the Cooks' Guild,Medium,Misthalin,Skilling,30,no,
[452] Check a grown Magic Tree in Lumbridge,Hard,Misthalin,Skilling,80,no,
[454] Pickpocket a HAM Member,Medium,Misthalin,Skilling,30,no,
[455] Pickpocket a Varrock Guard,Medium,Misthalin,Skilling,30,no,
[457] Steal From the Varrock Tea Stall,Easy,Misthalin,Skilling,10,no,
[458] Pickpocket a Bullseye Lantern From a Cave Goblin,Medium,Misthalin,Skilling,30,no,
[459] Complete the Draynor Agility Course,Easy,Misthalin,Skilling,10,no,
[460] Complete 10 Laps of the Draynor Agility Course,Medium,Misthalin,Skilling,30,no,
[462] Craft 50 Water Runes,Medium,Misthalin,Skilling,30,no,
[463] Craft 50 Cosmic Runes,Medium,Misthalin,Skilling,30,no,
[464] Use Enriched Bones on the Strange Machine,Hard,Misthalin,Skilling,80,no,
[465] Chop a Sulliuscep Cap,Medium,Misthalin,Skilling,30,partial,
[466] Defeat the Lesser Demon in the Wizards' Tower,Easy,Misthalin,Combat,10,yes,
[467] Defeat a Fossil Island Wyvern,Medium,Misthalin,Combat,30,no,
[468] Defeat a Rune Dragon,Hard,Fremennik,Combat,80,yes,
[469] Equip a Dragon Crossbow,Elite,Fremennik,Combat,200,yes,
[470] Equip a Dragon Platebody or Dragon Kiteshield,Elite,Fremennik,Combat,200,no,
[472] Defeat Obor,Medium,Misthalin,Combat,30,yes,
[473] Equip a Hill Giant Club,Hard,Misthalin,Combat,80,yes,
[474] Equip a Dragonfire Shield,Elite,Misthalin,Combat,200,yes,
[476] Defeat Bryophyta,Medium,Misthalin,Combat,30,yes,
[477] Equip Bryophyta's Staff,Hard,Misthalin,Combat,80,yes,
[478] Equip an Ancient Wyvern Shield,Elite,Misthalin,Combat,200,yes,
[479] Equip a Dorgeshuun Crossbow,Medium,Misthalin,Combat,30,yes,
[480] Defeat the Abyssal Sire,Hard,Misthalin,Combat,80,yes,
[481] Equip an Abyssal Bludgeon,Elite,Misthalin,Combat,200,yes,
[483] Equip an Abyssal Dagger,Elite,Misthalin,Combat,200,yes,
[484] Offer an Unsired to the Font of Consumption,Hard,Misthalin,Combat,80,no,
[485] Defeat the Abyssal Sire 50 Times,Elite,Misthalin,Combat,200,no,
[486] Defeat the Abyssal Sire 150 Times,Elite,Misthalin,Combat,200,no,
[487] Defeat the Abyssal Sire 300 Times,Elite,Misthalin,Combat,200,no,
[488] Complete the Easy Lumbridge & Draynor Diary,Medium,Misthalin,Diary,30,no,
[489] Complete the Medium Lumbridge & Draynor Diary,Medium,Misthalin,Diary,30,no,
[490] Complete the Hard Lumbridge & Draynor Diary,Hard,Misthalin,Diary,80,no,
[491] Complete the Elite Lumbridge & Draynor Diary,Elite,Misthalin,Diary,200,no,
[494] Enter Zanaris,Easy,Misthalin,Misc,10,no,
[496] Travel to Fossil Island,Easy,Misthalin,Misc,10,no,
[498] Pet a Stray Dog in Varrock,Easy,Misthalin,Misc,10,no,
[499] Complete Demon Slayer,Medium,Misthalin,Quest,30,no,
[500] Complete Sheep Shearer,Medium,Misthalin,Quest,30,no,
[501] Drink From the Tears of Guthix,Medium,Misthalin,Misc,30,no,
[502] Equip Some Fancy Boots or Fighting Boots,Medium,Misthalin,Misc,30,no,
[503] Complete Vampyre Slayer,Medium,Misthalin,Quest,30,no,
[505] Fully Unlock the Mycelium Transportation System,Medium,Misthalin,Misc,30,no,
[507] Build a Bank on Fossil Island,Medium,Misthalin,Misc,30,no,
[508] Use a Fairy Ring,Easy,Misthalin,Misc,10,no,
[509] Use a Digsite Pendant to Teleport to Fossil Island,Medium,Misthalin,Misc,30,no,
[512] Complete the Natural History Quiz,Easy,Misthalin,Misc,10,no,
[514] Cook a Rabbit in Tirannwn,Easy,Tirannwn,Skilling,10,no,
[515] Dissect 50 Sacred Eels,Hard,Tirannwn,Skilling,80,no,
[516] Harvest Some Sweetcorn in Prifddinas,Medium,Tirannwn,Skilling,30,no,
[517] Check a grown Papaya Tree in Lletya,Medium,Tirannwn,Skilling,30,no,
[518] Check a grown Crystal Tree,Hard,Tirannwn,Skilling,80,no,
[519] Catch a Crystal Impling,Medium,Tirannwn,Skilling,30,no,
[520] Equip an Elven Signet,Elite,Tirannwn,Skilling,200,yes,
[521] Cross a Trap in Isafdar,Easy,Tirannwn,Skilling,10,no,
[522] Complete the Prifddinas Agility Course,Hard,Tirannwn,Skilling,80,no,
[523] Complete the Prifddinas Agility Course in 1:10,Hard,Tirannwn,Skilling,80,no,
[524] Equip a Crystal Grail,Elite,Tirannwn,Combat,200,yes,
[525] Craft 50 Death Runes,Hard,Tirannwn,Skilling,80,no,
[526] Pickpocket an Elf 50 Times,Hard,Tirannwn,Skilling,80,no,
[527] Move Your House to Prifddinas,Medium,Tirannwn,Skilling,30,no,
[528] Defeat a Waterfiend in Tirannwn,Easy,Tirannwn,Combat,10,yes,
[529] Defeat an Elf in Tirannwn,Medium,Tirannwn,Combat,30,no,
[530] Craft a Piece of Crystal Armour,Hard,Tirannwn,Skilling,80,no,
[531] Equip a Full Crystal Armour Set,Elite,Tirannwn,Combat,200,no,
[532] Defeat a Moss Giant in Tirannwn,Easy,Tirannwn,Combat,10,yes,
[533] Defeat a Bloodveld in Tirannwn,Medium,Tirannwn,Combat,30,yes,
[534] Complete the Gauntlet,Hard,Tirannwn,Other,80,no,
[535] Complete the Corrupted Gauntlet,Hard,Tirannwn,Other,80,no,
[536] Equip a Corrupted Weapon,Master,Tirannwn,Combat,400,no,
[537] Defeat a Kurask in Tirannwn,Medium,Tirannwn,Combat,30,yes,
[538] Defeat Zalcano,Hard,Tirannwn,Combat,80,yes,
[540] Defeat Zulrah,Hard,Tirannwn,Combat,80,yes,
[541] Equip a Serpentine Helm,Elite,Tirannwn,Combat,200,yes,
[542] Defeat a Dark Beast in Tirannwn,Hard,Tirannwn,Combat,80,yes,
[543] Craft a Toxic Blowpipe,Elite,Tirannwn,Combat,200,partial,
[544] Equip a Dark Bow in Tirannwn,Hard,Tirannwn,Combat,80,no,
[545] Craft a Toxic Trident,Elite,Tirannwn,Combat,200,no,
[546] Equip a Crystal Bow,Hard,Tirannwn,Combat,80,yes,
[547] Complete the Corrupted Gauntlet 50 Times,Elite,Tirannwn,Other,200,no,
[548] Complete the Corrupted Gauntlet 150 Times,Elite,Tirannwn,Other,200,no,
[549] Equip a Crystal Shield,Hard,Tirannwn,Combat,80,yes,
[550] Defeat Zalcano 50 Times,Hard,Tirannwn,Combat,80,no,
[551] Defeat Zalcano 100 Times,Elite,Tirannwn,Combat,200,no,
[553] Defeat Zulrah 50 Times,Hard,Tirannwn,Combat,80,no,
[554] Defeat Zulrah 150 Times,Elite,Tirannwn,Combat,200,no,
[555] Defeat a Nechryael in Tirannwn,Hard,Tirannwn,Combat,80,yes,
[556] Use the Bank in Lletya,Easy,Tirannwn,Misc,10,no,
[557] Use an Elven Teleport Crystal,Medium,Tirannwn,Misc,30,no,
[558] Craft an Eternal Teleport Crystal,Hard,Tirannwn,Misc,80,partial,
[559] Equip a Piece of the Dragonstone Armour Set,Elite,Tirannwn,Misc,200,no,
[560] Equip a Crystal Crown,Master,Tirannwn,Misc,400,yes,
[561] Find Every Memoriam Crystal,Hard,Tirannwn,Misc,80,no,
[562] Open the Enhanced Crystal Chest,Hard,Tirannwn,Misc,80,no,
[563] Charter a Ship From Prifddinas to Port Tyras,Easy,Tirannwn,Misc,10,no,
[564] Talk to Ilfeen in Tirannwn,Easy,Tirannwn,Misc,10,no,
[565] Switch to the Lunar Spellbook,Easy,Fremennik,Skilling,10,no,
[566] Cast Moonclan Teleport,Hard,Fremennik,Skilling,80,no,
[568] Cast Spellbook Swap,Hard,Fremennik,Skilling,80,no,
[570] Build a Gilded Altar,Hard,General,Skilling,80,no,
[572] Build a Demonic Throne,Master,General,Skilling,400,no,
[573] Craft 50 Astral Runes,Medium,Fremennik,Skilling,30,no,
[574] Complete the Penguin Agility Course,Medium,Fremennik,Skilling,30,no,
[575] Complete the Rellekka Agility Course,Hard,Fremennik,Skilling,80,no,
[576] Harvest a Snapdragon in Weiss,Hard,Fremennik,Skilling,80,no,
[577] Catch a Snowy Knight,Medium,Fremennik,Skilling,30,partial,
[578] Trap a Sabre-toothed Kyatt,Hard,Fremennik,Skilling,80,no,
[579] Unlock Free Use of the Blast Furnace,Medium,Fremennik,Other,30,no,
[580] Use Some Icy Basalt to Teleport to Weiss,Medium,Fremennik,Skilling,30,no,
[581] Use Your Portal Nexus to Teleport to Weiss,Hard,Fremennik,Skilling,80,no,
[582] Create a Catherby Teleport Tablet,Hard,Fremennik,Skilling,80,no,
[583] Defeat a Rock Crab in the Fremennik Province,Easy,Fremennik,Combat,10,yes,
[584] Defeat a Basilisk Knight,Hard,Fremennik,Combat,80,yes,
[585] Defeat Vorkath,Hard,Fremennik,Combat,80,yes,
[586] Equip a Dragonfire Ward,Elite,Fremennik,Combat,200,yes,
[588] Defeat a Cockatrice in the Fremennik Province,Easy,Fremennik,Combat,10,yes,
[589] Defeat a Kurask in the Fremennik Province,Medium,Fremennik,Combat,30,yes,
[590] Equip an Ava's Assembler,Hard,Fremennik,Combat,80,yes,
[591] Equip a Dragonbone Necklace,Elite,Fremennik,Combat,200,yes,
[592] Defeat a Pyrefiend in the Fremennik Province,Easy,Fremennik,Combat,10,yes,
[593] Equip a Granite Shield,Medium,General,Combat,30,yes,
[594] Defeat a Troll in the Fremennik Province,Medium,Fremennik,Combat,30,yes,
[595] Equip a Brine Sabre,Hard,Fremennik,Combat,80,yes,
[596] Defeat the Dagannoth Kings Without Leaving,Hard,Fremennik,Combat,80,no,
[597] Equip Every Dagannoth King Ring,Elite,Fremennik,Combat,200,no,
[598] Defeat a Dagannoth in the Fremennik Province,Medium,Fremennik,Combat,30,yes,
[599] Equip a Berserker Ring,Hard,Fremennik,Combat,80,yes,
[600] Equip a Neitiznot Faceguard,Elite,Fremennik,Combat,200,yes,
[601] Equip a Warrior Ring,Hard,Fremennik,Combat,80,yes,
[602] Defeat Vorkath 5 Times Without Special Damage,Elite,Fremennik,Combat,200,no,
[603] Equip a Helm of Neitiznot,Medium,Fremennik,Combat,30,yes,
[604] Equip a Seer's Ring,Hard,Fremennik,Combat,80,no,
[605] Defeat Vorkath 15 Times Without Leaving,Elite,Fremennik,Combat,200,no,
[606] Defeat a Turoth in the Fremennik Province,Medium,Fremennik,Combat,30,yes,
[607] Equip an Archer's Ring,Hard,Fremennik,Combat,80,no,
[608] Defeat Vorkath 50 Times,Hard,Fremennik,Combat,80,no,
[609] Defeat Vorkath 150 Times,Hard,Fremennik,Combat,80,no,
[610] Defeat Vorkath 300 Times,Elite,Fremennik,Combat,200,no,
[611] Defeat a Jelly in the Fremennik Province,Medium,Fremennik,Combat,30,yes,
[612] Use the Special Attack of a Dragon Axe,Medium,Fremennik,Combat,30,no,
[613] Defeat Each Dagannoth King 50 Times,Hard,Fremennik,Combat,80,no,
[614] Defeat Each Dagannoth King 150 Times,Hard,Fremennik,Combat,80,no,
[615] Defeat Each Dagannoth King 300 Times,Elite,Fremennik,Combat,200,no,
[616] Equip a Leaf-Bladed Sword,Medium,General,Combat,30,yes,
[617] Equip a Mud Battlestaff,Hard,Fremennik,Combat,80,yes,
[618] Equip a Seercull,Hard,Fremennik,Combat,80,yes,
[619] Equip a Leaf-Bladed Battleaxe,Hard,Fremennik,Combat,80,yes,
[620] Equip a Full Skeletal Armour Set,Hard,Fremennik,Combat,80,no,
[621] Equip a Full Spined Armour Set,Hard,Fremennik,Combat,80,no,
[622] Equip a Full Rockshell Armour Set,Hard,Fremennik,Combat,80,no,
[623] Complete the Easy Fremennik Diary,Medium,Fremennik,Diary,30,no,
[624] Complete the Medium Fremennik Diary,Medium,Fremennik,Diary,30,no,
[625] Complete the Hard Fremennik Diary,Hard,Fremennik,Diary,80,no,
[626] Complete the Elite Fremennik Diary,Elite,Fremennik,Diary,200,no,
[627] Deposit an Item Using Peer the Seer,Medium,Fremennik,Misc,30,no,
[628] Complete Throne of Miscellania,Medium,Fremennik,Quest,30,no,
[629] Collect Miscellania Resources at Full Approval,Hard,Fremennik,Misc,80,no,
[630] Equip a Completed God Book,Elite,Fremennik,Other,200,no,
[631] Equip Every Completed God Book,Master,Fremennik,Other,400,no,
[632] Use the Bank on Jatizso,Easy,Fremennik,Misc,10,no,
[633] Complete Royal Trouble,Medium,Fremennik,Quest,30,no,
[634] Use the Bank on Neitiznot,Easy,Fremennik,Misc,10,no,
[636] Use the Bank on Lunar Isle,Easy,Fremennik,Misc,10,no,
[637] Cook 100 Karambwans,Hard,Karamja,Skilling,80,no,
[638] Receive an Agility Arena Ticket,Easy,Karamja,Other,10,partial,
[639] Buy a Snapdragon From Pirate Jackie the Fruit,Medium,Karamja,Other,30,no,
[640] Take a Shortcut Across the Shilo Village River,Medium,Karamja,Skilling,30,no,
[641] Receive 30 Agility Arena Tickets With No Mistakes,Hard,Karamja,Other,80,no,
[644] Catch a Karambwanji,Easy,Karamja,Skilling,10,partial,
[645] Catch a Salmon on Karamja,Medium,Karamja,Skilling,30,no,
[646] Catch 50 Karambwan,Medium,Karamja,Skilling,30,no,
[647] Check a grown Calquat Tree,Hard,Karamja,Skilling,80,no,
[648] Craft 50 Nature Runes,Medium,Karamja,Skilling,30,no,
[649] Enter your Player Owned House,Easy,General,Skilling,10,no,
[650] Defeat a TzHaar,Medium,Karamja,Combat,30,no,
[651] Equip an Obsidian Cape,Medium,Karamja,Combat,30,yes,
[652] Equip a Full Obsidian Armour Set,Hard,Karamja,Combat,80,yes,
[653] Equip a Fire Cape,Elite,Karamja,Combat,200,yes,
[654] Equip an Infernal Cape,Master,Karamja,Combat,400,yes,
[656] Equip a Toktz-Ket-Xil,Medium,Karamja,Combat,30,yes,
[657] Survive a Hit From TzTok-Jad Without Prayer,Hard,Karamja,Other,80,no,
[658] Defeat a Greater Demon on Karamja,Medium,Karamja,Combat,30,yes,
[660] Equip Some Dragon Platelegs or a Dragon Plateskirt,Hard,Karamja,Combat,80,no,
[661] Sacrifice a Fire Cape to Access the Inferno,Elite,Karamja,Other,200,no,
[662] Equip a Toktz-Xil-Ak,Medium,Karamja,Combat,30,yes,
[663] Equip a Toktz-Xil-Ek,Medium,Karamja,Combat,30,yes,
[664] Complete the Fight Caves 5 Times,Elite,Karamja,Other,200,no,
[665] Complete the Fight Caves 10 Times,Elite,Karamja,Other,200,no,
[667] Complete the Inferno 5 Times,Elite,Karamja,Other,200,no,
[668] Complete the Inferno 10 Times,Elite,Karamja,Other,200,no,
[669] Complete the Inferno 15 Times,Master,Karamja,Other,400,no,
[670] Defeat a Steel Dragon on Karamja,Medium,Karamja,Combat,30,yes,
[671] Complete the Easy Karamja Diary,Medium,Karamja,Diary,30,no,
[672] Complete the Medium Karamja Diary,Medium,Karamja,Diary,30,no,
[673] Complete the Hard Karamja Diary,Hard,Karamja,Diary,80,no,
[674] Complete the Elite Karamja Diary,Elite,Karamja,Diary,200,no,
[675] Fill a Crate With Bananas,Easy,Karamja,Misc,10,no,
[676] Enter the Tai Bwo Wannai Hardwood Grove,Medium,Karamja,Misc,30,no,
[677] Equip a Red Topaz Machete,Hard,Karamja,Misc,80,yes,
[678] Purchase an Onyx in Mor Ul Rek,Elite,Karamja,Misc,200,no,
[679] Pick a Pineapple on Karamja,Easy,Karamja,Misc,10,no,
[681] Find a Gout Tuber,Hard,Karamja,Other,80,no,
[683] Enter the Brimhaven Dungeon,Medium,Karamja,Misc,30,no,
[684] Pickpocket a Knight of Ardougne 50 Times,Medium,Kandarin,Skilling,30,no,
[685] Pickpocket a Hero,Hard,Kandarin,Skilling,80,no,
[686] Complete the Gnome Stronghold Agility Course,Easy,Kandarin,Skilling,10,no,
[687] Complete the Barbarian Outpost Agility Course,Medium,Kandarin,Skilling,30,no,
[688] Complete the Seers' Village Agility Course,Hard,Kandarin,Skilling,80,no,
[689] Complete the Ardougne Agility Course,Elite,Kandarin,Skilling,200,no,
[690] Catch a Crimson Swift in the Feldip Hills,Easy,Kandarin,Skilling,10,no,
[691] Trap a Spined Larupia in the Feldip Hills,Medium,Kandarin,Skilling,30,no,
[692] Catch 150 Red Chinchompas in Kandarin,Elite,Kandarin,Skilling,200,no,
[693] Equip a Spottier Cape,Medium,Kandarin,Skilling,30,yes,
[694] Catch a Red Salamander,Medium,Kandarin,Skilling,30,partial,
[695] Enter the Fishing Guild,Medium,Kandarin,Skilling,30,no,
[696] Catch a Monkfish,Medium,Kandarin,Skilling,30,partial,
[697] Equip a Thammaron's Sceptre,Elite,Wilderness,Combat,200,yes,
[698] Complete a Fishing Trawler Game,Medium,Kandarin,Other,30,no,
[699] Equip a Full Angler's Outfit,Hard,Kandarin,Skilling,80,no,
[700] Fletch 100 Maple Longbow (u) in Kandarin,Hard,Kandarin,Skilling,80,no,
[701] Move Your House to Yanille,Medium,Kandarin,Skilling,30,no,
[702] Check a grown Papaya Tree in the Gnome Stronghold,Hard,Kandarin,Skilling,80,no,
[703] Check a grown Dragonfruit Tree in Catherby,Elite,Kandarin,Skilling,200,no,
[705] Defeat a Mithril Dragon,Hard,Kandarin,Combat,80,yes,
[706] Defeat a Demonic Gorilla,Hard,Kandarin,Combat,80,yes,
[707] Defeat a Smoke Devil,Hard,Kandarin,Combat,80,yes,
[708] Defeat a Tortoise With Riders in Kandarin,Medium,Kandarin,Combat,30,no,
[709] Equip a Dragon Scimitar,Medium,Kandarin,Combat,30,yes,
[710] Equip Some Zenyte Jewelry,Elite,Kandarin,Combat,200,no,
[711] Set Up a Dwarf Cannon,Medium,Asgarnia,Combat,30,no,
[712] Equip a Heavy Ballista,Elite,Kandarin,Combat,200,yes,
[713] Equip All Zenyte Jewelry,Master,Kandarin,Combat,400,no,
[714] Enter the Ranging Guild,Medium,Kandarin,Combat,30,no,
[715] Equip a Fighter Torso,Elite,Kandarin,Combat,200,yes,
[716] Equip an Abyssal Tentacle,Elite,Kandarin,Combat,200,yes,
[717] Enter the Wizards' Guild,Medium,Kandarin,Combat,30,no,
[718] Defeat a Cave Kraken,Hard,Kandarin,Combat,80,yes,
[719] Defeat the Thermonuclear Smoke Devil,Medium,Kandarin,Combat,30,yes,
[720] Enhance a Trident of the Seas,Master,Kandarin,Combat,400,no,
[721] Defeat a Bloodveld in Kandarin,Easy,Kandarin,Combat,10,yes,
[722] Equip a Trident of the Seas,Hard,Kandarin,Combat,80,yes,
[723] Equip an Occult Necklace,Elite,Kandarin,Combat,200,yes,
[724] Defeat a Fire Giant in Kandarin,Easy,Kandarin,Combat,10,yes,
[725] Equip a Dragon Full Helm,Master,Kandarin,Combat,400,yes,
[726] Use the Chivalry Prayer,Hard,Kandarin,Combat,80,no,
[727] Use the Piety Prayer,Elite,Kandarin,Combat,200,no,
[728] Defeat the Kraken Boss 50 Times,Hard,Kandarin,Combat,80,no,
[729] Defeat the Kraken Boss 150 Times,Hard,Kandarin,Combat,80,no,
[730] Defeat the Kraken Boss 300 Times,Elite,Kandarin,Combat,200,no,
[731] Defeat 150 Demonic Gorillas,Hard,Kandarin,Combat,80,no,
[732] Defeat 300 Demonic Gorillas,Elite,Kandarin,Combat,200,no,
[733] Defeat 500 Demonic Gorillas,Elite,Kandarin,Combat,200,no,
[734] Visit the Tree Gnome Village,Easy,Kandarin,Misc,10,no,
[737] Visit the Tree Gnome Stronghold,Easy,Kandarin,Misc,10,no,
[738] Win a Game of Castle Wars,Medium,Kandarin,Other,30,no,
[739] Reach Level 5 in Any Barbarian Assault Role,Elite,Kandarin,Other,200,no,
[741] Complete Monk's Friend,Medium,Kandarin,Quest,30,no,
[743] Complete Tower of Life,Medium,Kandarin,Quest,30,no,
[744] Complete Elemental Workshop II,Hard,Kandarin,Quest,80,no,
[745] Complete Sea Slug,Medium,Kandarin,Quest,30,no,
[746] Complete the Observatory Quest,Medium,Kandarin,Quest,30,no,
[747] Brimstail Rune Essence Mine teleport,Easy,Kandarin,Misc,10,no,
[748] Defeat the Penance Queen,Hard,Kandarin,Other,80,yes,
[749] Equip a Marksman Chompy Hat,Medium,Kandarin,Combat,30,no,
[750] Equip an Ogre Forester Chompy Hat,Medium,Kandarin,Combat,30,no,
[751] Equip an Ogre Expert Chompy Hat,Hard,Kandarin,Combat,80,no,
[754] Equip a Monkey Backpack,Medium,Kandarin,Skilling,30,no,
[755] Equip a Karamja Monkey Backpack,Hard,Kandarin,Skilling,80,no,
[756] Equip a Maniacal Monkey Backpack,Elite,Kandarin,Skilling,200,no,
[759] Complete the Easy Kandarin Diary,Medium,Kandarin,Diary,30,no,
[760] Complete the Medium Kandarin Diary,Medium,Kandarin,Diary,30,no,
[761] Complete the Hard Kandarin Diary,Hard,Kandarin,Diary,80,no,
[762] Complete the Elite Kandarin Diary,Elite,Kandarin,Diary,200,no,
[763] Complete the Easy Western Provinces Diary,Medium,General,Diary,30,no,
[764] Complete the Medium Western Provinces Diary,Medium,General,Diary,30,no,
[765] Complete the Hard Western Provinces Diary,Hard,General,Diary,80,no,
[766] Complete the Elite Western Provinces Diary,Elite,General,Diary,200,no,
[767] Equip an Infernal Tool,Elite,General,Skilling,200,no,
[768] Complete the Falador Agility Course,Medium,Asgarnia,Skilling,30,no,
[769] Equip a Full Graceful Outfit,Elite,Asgarnia,Skilling,200,no,
[770] Equip a Full Rogue Outfit,Hard,Asgarnia,Skilling,80,no,
[771] Obtain 20 Golden Nuggets,Medium,Asgarnia,Skilling,30,no,
[772] Equip a Full Prospector Outfit,Hard,Asgarnia,Skilling,80,no,
[773] Enter the Crafting Guild,Medium,Asgarnia,Skilling,30,no,
[774] Craft an Air Rune,Easy,Asgarnia,Skilling,10,partial,
[775] Craft a Body Rune,Medium,Asgarnia,Skilling,30,partial,
[776] Craft 50 Law Runes,Hard,Asgarnia,Skilling,80,no,
[777] Make 20 Ranging Potions,Hard,General,Skilling,80,no,
[778] Make 20 Stamina Potions,Medium,General,Skilling,30,no,
[779] Harvest Any Herb at the Troll Stronghold,Medium,Asgarnia,Skilling,30,no,
[782] Defeat the Giant Mole,Medium,Asgarnia,Combat,30,yes,
[783] Equip a Dragon Defender,Hard,Asgarnia,Combat,80,yes,
[784] Equip a Staff of the Dead,Elite,Asgarnia,Combat,200,yes,
[785] Equip Every Godsword,Master,Asgarnia,Combat,400,no,
[786] Defeat a Troll in Asgarnia,Easy,Asgarnia,Combat,10,yes,
[787] Defeat a Skeletal Wyvern,Medium,Asgarnia,Combat,30,yes,
[788] Defeat K'ril Tsutsaroth,Hard,Asgarnia,Combat,80,yes,
[789] Equip a Zamorakian Spear,Elite,Asgarnia,Combat,200,yes,
[790] Equip a Piece of the Armadyl Armour Set,Elite,Asgarnia,Combat,200,no,
[791] Equip a Full Armadyl Armour Set,Elite,Asgarnia,Combat,200,no,
[793] Defeat General Graardor,Hard,Asgarnia,Combat,80,yes,
[794] Equip a Saradomin Sword,Hard,Asgarnia,Combat,80,yes,
[795] Equip a Piece of the Bandos Armour Set,Elite,Asgarnia,Combat,200,no,
[796] Equip a Full Bandos Armour Set,Elite,Asgarnia,Combat,200,no,
[797] Defeat Kree'arra,Hard,Asgarnia,Combat,80,yes,
[798] Equip an Armadyl Crossbow,Elite,Asgarnia,Combat,200,yes,
"[799] Equip Some Primordial, Pegasian or Eternal Boots",Elite,Asgarnia,Combat,200,no,
[801] Defeat Commander Zilyana,Hard,Asgarnia,Combat,80,yes,
[802] Equip a Godsword,Elite,Asgarnia,Combat,200,no,
[803] Defeat a Blue Dragon in Asgarnia,Medium,Asgarnia,Combat,30,yes,
[804] Charge an Amulet of Glory in the Heroes' Guild,Medium,Asgarnia,Combat,30,no,
[805] Defeat a Black Demon in Asgarnia,Medium,Asgarnia,Combat,30,yes,
[807] Defeat Cerberus,Hard,Asgarnia,Combat,80,yes,
[808] Equip a Pair of Dragon Boots,Hard,Asgarnia,Combat,80,no,
[809] Defeat Any God Wars Dungeon Boss 100 Times,Hard,Asgarnia,Combat,80,no,
[810] Defeat Any God Wars Dungeon Boss 250 Times,Hard,Asgarnia,Combat,80,no,
[811] Defeat Any God Wars Dungeon Boss 500 Times,Elite,Asgarnia,Combat,200,no,
[812] Defeat the Giant Mole 50 Times,Medium,Asgarnia,Combat,30,no,
[813] Defeat the Giant Mole 150 Times,Medium,Asgarnia,Combat,30,no,
[814] Defeat the Giant Mole 300 Times,Hard,Asgarnia,Combat,80,no,
[815] Complete the Easy Falador Diary,Medium,Asgarnia,Diary,30,no,
[816] Complete the Medium Falador Diary,Medium,Asgarnia,Diary,30,no,
[817] Complete the Hard Falador Diary,Hard,Asgarnia,Diary,80,no,
[818] Complete the Elite Falador Diary,Elite,Asgarnia,Diary,200,no,
[819] Complete A Porcine of Interest,Hard,Asgarnia,Quest,80,no,
[820] Equip a Full Void Knight Set,Hard,Asgarnia,Combat,80,no,
[821] Unlock a Gate in Taverley Dungeon,Medium,Asgarnia,Combat,30,no,
[822] Turn in 100 Mole Claws to Wyson the Gardener,Medium,Asgarnia,Combat,30,no,
[823] Enter the Taverley Dungeon,Easy,Asgarnia,Misc,10,no,
[824] Enter the Warriors' Guild,Medium,Asgarnia,Misc,30,no,
[826] Keep the Veteran Void Knight Above 150 Hitpoints,Hard,Asgarnia,Other,80,no,
[827] Complete a Game of Novice Pest Control,Medium,Asgarnia,Other,30,no,
[828] Complete a Game of Intermediate Pest Control,Medium,Asgarnia,Other,30,no,
[829] Complete a Game of Veteran Pest Control,Hard,Asgarnia,Other,80,no,
[830] Open the Crystal Chest,Medium,Asgarnia,Misc,30,no,
[831] Room 1 of Pyramid Plunder,Easy,Desert,Other,10,no,
[832] Room 2 of Pyramid Plunder,Easy,Desert,Other,10,no,
[833] Room 3 of Pyramid Plunder,Easy,Desert,Other,10,no,
[834] Room 4 of Pyramid Plunder,Medium,Desert,Other,30,no,
[835] Room 5 of Pyramid Plunder,Medium,Desert,Other,30,no,
[836] Room 6 of Pyramid Plunder,Medium,Desert,Other,30,no,
[837] Room 7 of Pyramid Plunder,Hard,Desert,Other,80,no,
[838] Room 8 of Pyramid Plunder,Hard,Desert,Other,80,no,
[839] Room 8 of Pyramid Plunder 25 Times,Hard,Desert,Other,80,no,
[842] Pick a Winter Sq'irk,Easy,Desert,Other,10,partial,
[843] Pick a Spring Sq'irk,Medium,Desert,Other,30,partial,
[844] Pick a Autumn Sq'irk,Medium,Desert,Other,30,partial,
[845] Pick a Summer Sq'irk,Hard,Desert,Other,80,partial,
[846] Turn in a Winter Sq'irkjuice to Osman,Easy,Desert,Other,10,no,
[847] Turn in 10 Spring Sq'irkjuices to Osman,Medium,Desert,Other,30,no,
[848] Turn in 25 Autumn Sq'irkjuices to Osman,Hard,Desert,Other,80,no,
[849] Turn in 50 Summer Sq'irkjuices to Osman,Elite,Desert,Other,200,no,
[850] Pickpocket a Bandit in the Bandit Camp,Medium,Desert,Skilling,30,no,
[851] Pickpocket a Menaphite Thug 50 Times,Hard,Desert,Skilling,80,no,
[852] Complete the Al Kharid Agility Course,Easy,Desert,Skilling,10,no,
[853] Turn in a Pyramid Top to Simon Templeton,Medium,Desert,Skilling,30,no,
[854] Craft a Fire Rune,Easy,Desert,Skilling,10,partial,
[855] Craft a Lava Rune at the Fire Altar,Medium,Desert,Skilling,30,no,
[856] Make 20 Magic Potions,Hard,Desert,Skilling,80,no,
[858] Check a grown Potato Cactus,Hard,Desert,Skilling,80,no,
[859] Catch 30 Orange Salamanders,Medium,Desert,Skilling,30,no,
[860] Mine 30 Chunks of Granite,Medium,Desert,Skilling,30,no,
[864] Defeat the Kalphite Queen,Hard,Desert,Combat,80,yes,
[865] Defeat a Kalphite Guardian,Medium,Desert,Combat,30,yes,
[866] Cast Ice Burst,Hard,Desert,Combat,80,no,
[867] Equip a Dragon Chainbody in the Kharidian Desert,Elite,Desert,Combat,200,no,
[868] Cast Ice Rush,Medium,Desert,Combat,30,no,
[869] Cast Ice Blitz,Hard,Desert,Combat,80,no,
[872] Cast Ice Barrage,Elite,Desert,Combat,200,no,
[874] Defeat the Kalphite Queen 50 Times,Hard,Desert,Combat,80,no,
[875] Defeat the Kalphite Queen 150 Times,Hard,Desert,Combat,80,no,
[876] Equip a Dragon 2-Handed Sword,Hard,Desert,Combat,80,no,
[877] Complete the Easy Desert Diary,Medium,Desert,Diary,30,no,
[878] Complete the Medium Desert Diary,Medium,Desert,Diary,30,no,
[879] Complete the Hard Desert Diary,Hard,Desert,Diary,80,no,
[880] Complete the Elite Desert Diary,Elite,Desert,Diary,200,no,
[883] Equip a Piece of the Infinity Robe Set,Elite,Desert,Combat,200,no,
[884] Equip a Full Infinity Robe Set,Master,Desert,Combat,400,no,
[886] Complete Spirits of the Elid,Medium,Desert,Quest,30,no,
[889] Use the Bank in Nardah,Easy,Desert,Misc,10,no,
[890] Pray at the Elidinis Statuette,Medium,Desert,Misc,30,no,
[895] Enter the Kalphite Lair,Easy,Desert,Misc,10,no,
[896] Complete Shadow of the Storm,Medium,Desert,Quest,30,no,
[897] Complete The Golem,Medium,Desert,Quest,30,no,
[898] Floor 1 of the Hallowed Sepulchre,Medium,Morytania,Other,30,no,
[899] Floor 2 of the Hallowed Sepulchre,Medium,Morytania,Other,30,no,
[900] Floor 3 of the Hallowed Sepulchre,Medium,Morytania,Other,30,no,
[901] Floor 4 of the Hallowed Sepulchre,Hard,Morytania,Other,80,no,
[902] Floor 5 of the Hallowed Sepulchre,Elite,Morytania,Other,200,no,
[904] Complete the Hallowed Sepulchre in 6:30,Elite,Morytania,Other,200,no,
[905] Equip a Ring of Endurance,Elite,Morytania,Skilling,200,yes,
[906] Purchase a Reward From the Hallowed Sepulchre,Medium,Morytania,Other,30,no,
[907] Obtain Every Hallowed Tool,Hard,Morytania,Other,80,no,
[908] Complete the Canifis Agility Course,Medium,Morytania,Skilling,30,no,
[909] Complete the Werewolf Agility Course,Medium,Morytania,Skilling,30,no,
[910] Equip Viggora's Chainmace,Elite,Wilderness,Combat,200,yes,
[911] Pickpocket a Vyre 50 Times,Hard,Morytania,Skilling,80,no,
[912] Catch a Swamp Lizard in Morytania,Medium,Morytania,Skilling,30,no,
[913] Craft a Snelm,Easy,Morytania,Skilling,10,no,
[915] Craft a Rune Using Daeyalt Essence,Medium,Morytania,Skilling,30,no,
[917] Assemble a Slayer Helm,Medium,Morytania,Combat,30,no,
[918] Defeat a Gargoyle in Morytania,Medium,Morytania,Combat,30,yes,
[919] Defeat The Nightmare,Hard,Morytania,Combat,80,no,
[920] Defeat a Werewolf in Morytania,Easy,Morytania,Combat,10,yes,
[921] Defeat a Fiyr Shade,Medium,Morytania,Combat,30,yes,
[925] Defeat a Vyrewatch Sentinel,Medium,Morytania,Combat,30,yes,
[926] Defeat an Abyssal Demon in Morytania,Medium,Morytania,Combat,30,yes,
[929] Equip a Piece of any Barrows Armour Set,Medium,Morytania,Combat,30,no,
[930] Equip any Full Barrows Armour Set,Hard,Morytania,Combat,80,no,
[932] Loot a Barrows Chest,Medium,Morytania,Combat,30,no,
[933] Equip an Inquisitor's Mace,Elite,Morytania,Combat,200,yes,
[934] Equip a Granite Hammer or Granite Ring,Medium,Morytania,Combat,30,no,
[935] Equip a Piece of the Inquisitor's Set,Elite,Morytania,Combat,200,no,
[936] Equip a Full Inquisitor's Set,Master,Morytania,Combat,400,no,
[937] Equip a Nightmare Staff,Hard,Morytania,Combat,80,yes,
[938] Equip a Nightmare Staff With an Orb,Master,Morytania,Combat,400,no,
[939] Create an Amulet of Blood Fury,Hard,Morytania,Combat,80,partial,
[940] Equip an Avernic Defender,Hard,Morytania,Combat,80,yes,
[941] Equip a Sanguinesti Staff,Elite,Morytania,Combat,200,yes,
[942] Equip a Scythe of Vitur,Master,Morytania,Combat,400,yes,
[943] Equip a Piece of the Justiciar Set,Elite,Morytania,Combat,200,no,
[944] Equip a Full Justiciar Set,Master,Morytania,Combat,400,no,
[945] Equip a Ghrazi Rapier,Elite,Morytania,Combat,200,yes,
[946] Complete the Theatre of Blood 25 Times,Elite,Morytania,Combat,200,no,
[947] Complete the Theatre of Blood 50 Times,Elite,Morytania,Combat,200,no,
[948] Complete the Theatre of Blood 100 Times,Elite,Morytania,Combat,200,no,
[949] Defeat the Grotesque Guardians,Hard,Morytania,Combat,80,no,
[950] Defeat the Grotesque Guardians 50 Times,Hard,Morytania,Combat,80,no,
[951] Defeat the Grotesque Guardians 150 Times,Hard,Morytania,Combat,80,no,
[952] Complete the Easy Morytania Diary,Medium,Morytania,Diary,30,no,
[953] Complete the Medium Morytania Diary,Medium,Morytania,Diary,30,no,
[954] Complete the Hard Morytania Diary,Hard,Morytania,Diary,80,no,
[955] Complete the Elite Morytania Diary,Elite,Morytania,Diary,200,no,
[956] Complete an Easy Temple Trek,Easy,Morytania,Other,10,no,
[957] Complete a Medium Temple Trek,Medium,Morytania,Other,30,no,
[958] Complete a Hard Temple Trek,Medium,Morytania,Other,30,no,
[959] Visit Port Phasmatys,Easy,Morytania,Misc,10,no,
[960] Complete Haunted Mine,Hard,Morytania,Quest,80,no,
[961] Complete Sins of the Father,Hard,Morytania,Quest,80,no,
[963] Pet Frank,Medium,Morytania,Misc,30,no,
[965] Achieve 100% Shades of Mort'Ton Sanctity,Medium,Morytania,Other,30,no,
[966] Visit Harmony Island,Easy,Morytania,Misc,10,no,
[967] Equip a Salve Amulet (e),Medium,Morytania,Misc,30,yes,
[968] Visit Mos Le'Harmless,Easy,Morytania,Misc,10,no,
[969] Sacrifice Some Bones at the Chaos Temple,Medium,Wilderness,Skilling,30,no,
[970] Sacrifice Some Dragon Bones at the Chaos Temple,Hard,Wilderness,Skilling,80,no,
[971] Bury Some Lava Dragon Bones,Medium,Wilderness,Skilling,30,no,
[972] Catch 100 Dark Crabs,Hard,Wilderness,Skilling,80,no,
[973] Cook a Dark Crab,Elite,Wilderness,Skilling,200,partial,
[974] Make an Extended Antifire Potion,Elite,Wilderness,Skilling,200,no,
[975] Complete the Wilderness Agility Course,Medium,Wilderness,Skilling,30,no,
[976] Catch a Black Salamander,Medium,Wilderness,Skilling,30,partial,
[977] Catch a Black Chinchompa,Medium,Wilderness,Skilling,30,partial,
[978] Equip 100 Black Chinchompas,Hard,Wilderness,Skilling,80,no,
[979] Equip 250 Black Chinchompas,Hard,Wilderness,Skilling,80,no,
[980] Equip 500 Black Chinchompas,Elite,Wilderness,Skilling,200,no,
[981] Craft an Air Battlestaff in the Wilderness,Hard,Wilderness,Skilling,80,no,
[982] Use the Abyss,Medium,Wilderness,Skilling,30,no,
[983] Fill a Large Pouch,Medium,General,Skilling,30,no,
[984] Fill a Giant Pouch,Hard,General,Skilling,80,no,
[985] Mine Some Runite Ore in the Wilderness,Elite,Wilderness,Skilling,200,no,
[986] Defeat a Lava Dragon in the Wilderness,Medium,Wilderness,Combat,30,yes,
[987] Defeat the Crazy Archaeologist,Medium,Wilderness,Combat,30,yes,
[988] Defeat Venenatis,Hard,Wilderness,Combat,80,yes,
[989] Equip a Treasonous Ring,Elite,Wilderness,Combat,200,yes,
[990] Defeat a Fire Giant in the Wilderness,Easy,Wilderness,Combat,10,yes,
[991] Defeat Scorpia,Hard,Wilderness,Combat,80,yes,
[992] Defeat Callisto,Hard,Wilderness,Combat,80,yes,
[993] Equip a Tyrannical Ring,Elite,Wilderness,Combat,200,yes,
[994] Defeat a Chaos Dwarf in the Wilderness,Easy,Wilderness,Combat,10,yes,
[995] Defeat the Chaos Fanatic,Medium,Wilderness,Combat,30,yes,
[996] Defeat Vet'ion,Hard,Wilderness,Combat,80,yes,
[997] Equip a Ring of the Gods,Elite,Wilderness,Combat,200,yes,
[998] Defeat a Green Dragon in the Wilderness,Medium,Wilderness,Combat,30,yes,
[999] Defeat the Chaos Elemental,Hard,Wilderness,Combat,80,yes,
[1000] Defeat the King Black Dragon,Hard,Wilderness,Combat,80,yes,
[1001] Equip a Fedora,Medium,Wilderness,Combat,30,yes,
[1002] Equip a Dragon Pickaxe,Hard,General,Combat,80,yes,
[1003] Equip a Dragon 2-Handed Sword in the Wilderness,Hard,Wilderness,Combat,80,no,
[1004] Defeat the Corporeal Beast,Hard,Wilderness,Combat,80,yes,
[1005] Defeat the Corporeal Beast 50 Times,Hard,Wilderness,Combat,80,no,
[1006] Defeat the Corporeal Beast 150 Times,Elite,Wilderness,Combat,200,no,
[1007] Defeat the Corporeal Beast 250 Times,Elite,Wilderness,Combat,200,no,
[1008] Equip a Spectral or Arcane Spirit Shield,Master,Wilderness,Combat,400,no,
[1009] Equip an Elysian Spirit Shield,Master,Wilderness,Combat,400,yes,
[1010] Equip a Blessed Spirit Shield,Elite,Wilderness,Combat,200,yes,
[1011] Obtain an Ecumenical Key,Medium,Wilderness,Combat,30,partial,
[1012] Equip a Lava Battlestaff,Medium,General,Combat,30,yes,
[1013] Equip an Enchanted Slayer Staff,Hard,Wilderness,Combat,80,no,
[1014] Equip a Bracelet of Ethereum,Medium,Wilderness,Combat,30,yes,
[1015] Equip a Malediction Ward,Elite,Wilderness,Combat,200,yes,
[1016] Equip an Odium Ward,Elite,Wilderness,Combat,200,yes,
[1017] Order a Drink at The Old Nite,Medium,Wilderness,Misc,30,no,
[1018] Equip Craw's Bow,Elite,Wilderness,Combat,200,yes,
[1019] Obtain Every Revenant Weapon,Master,Wilderness,Combat,400,no,
[1021] Equip a God Cape,Medium,Wilderness,Combat,30,no,
[1022] Imbue a God Cape,Hard,Wilderness,Combat,80,no,
[1023] Cast Saradomin Strike,Medium,Wilderness,Combat,30,no,
[1024] Cast Claws of Guthix,Medium,Wilderness,Combat,30,no,
[1025] Cast Flames of Zamorak,Medium,Wilderness,Combat,30,no,
[1026] Complete the Easy Wilderness Diary,Medium,Wilderness,Diary,30,no,
[1027] Complete the Medium Wilderness Diary,Medium,Wilderness,Diary,30,no,
[1028] Complete the Hard Wilderness Diary,Hard,Wilderness,Diary,80,no,
[1029] Complete the Elite Wilderness Diary,Elite,Wilderness,Diary,200,no,
[1031] Use a Lever to Teleport to Edgeville,Easy,Wilderness,Misc,10,no,
[1032] Open a Looting Bag,Easy,Wilderness,Misc,10,no,
[1035] Enter the Wilderness Resource Area,Easy,Wilderness,Misc,10,no,
[1036] Enter the Deep Wilderness Dungeon,Medium,Wilderness,Misc,30,no,
[1037] Enter the Wilderness God Wars Dungeon,Easy,Wilderness,Misc,10,no,
[1038] Use the Bank at the Mage Arena,Easy,Wilderness,Misc,10,no,
[1039] Open One of Larran's Chests,Medium,Wilderness,Combat,30,no,
[1040] Equip a Piece of the Dagon'Hai Set,Elite,Wilderness,Combat,200,no,
[1041] Equip a Full Dagon'Hai Set,Elite,Wilderness,Combat,200,no,
[1042] Craft a Ghorrock Teleport Tablet,Elite,Desert,Skilling,200,no,
[1044] Defeat a Crocodile,Medium,Desert,Combat,30,yes,
[1045] Take a Carpet Ride from Pollnivneach to Sophanem,Easy,Desert,Misc,10,no,
[1046] Make a Combat Potion,Medium,Desert,Skilling,30,no,
[1047] Complete the Easy Varrock Diary,Medium,Misthalin,Diary,30,no,
[1048] Complete the Medium Varrock Diary,Medium,Misthalin,Diary,30,no,
[1049] Complete the Hard Varrock Diary,Hard,Misthalin,Diary,80,no,
[1050] Complete the Elite Varrock Diary,Elite,Misthalin,Diary,200,no,
"[1051] Smith 1,000 Rune Dart Tips",Elite,Desert,Skilling,200,no,
[1052] Obtain a Zalcano Shard,Elite,Tirannwn,Skilling,200,partial,
[1053] Complete the Easy Ardougne Diary,Medium,Kandarin,Diary,30,no,
[1054] Complete the Medium Ardougne Diary,Medium,Kandarin,Diary,30,no,
[1055] Complete the Hard Ardougne Diary,Hard,Kandarin,Diary,80,no,
[1056] Complete the Elite Ardougne Diary,Elite,Kandarin,Diary,200,no,
[1058] Defeat a Drake,Medium,Kourend,Combat,30,yes,
[1060] Equip a Dragon Hunter Crossbow,Elite,Kourend,Combat,200,yes,
[1061] Equip a Twisted Buckler,Elite,Kourend,Combat,200,yes,
[1062] Activate an Arcane or Dexterous Prayer Scroll,Hard,Kourend,Combat,80,no,
[1063] Equip Dinh's Bulwark,Elite,Kourend,Combat,200,yes,
[1064] Equip any Ancestral piece,Elite,Kourend,Combat,200,no,
[1065] Equip a full set of Ancestral,Master,Kourend,Combat,400,no,
[1066] Equip a pair of Dragon Claws,Elite,Kourend,Combat,200,no,
[1067] Recolour a piece of the Ancestral Robes,Elite,Kourend,Combat,200,no,
[1068] Equip a Sarachnis Cudgel,Hard,Kourend,Combat,80,yes,
[1069] Equip a Bonecrusher necklace,Elite,Kourend,Combat,200,yes,
[1070] Obtain a Casket from Fishing,Easy,General,Skilling,10,no,
[1071] Steal Some Silk,Easy,General,Skilling,10,no,
[1072] Equip some Steel armour,Medium,General,Misc,30,no,
[1073] Equip some Black armour,Medium,General,Misc,30,no,
[1074] Equip a Willow Shield,Medium,General,Misc,30,yes,
[1075] Equip an Imcando Hammer,Medium,Asgarnia,Misc,30,yes,
[1076] Open an Ornate Lockbox,Medium,Asgarnia,Other,30,no,
[1078] Defeat Phosani's Nightmare,Hard,Morytania,Combat,80,yes,
[1079] Defeat The Nightmare 25 times,Hard,Morytania,Combat,80,no,
[1080] Defeat The Nightmare 50 times,Elite,Morytania,Combat,200,no,
[1081] Defeat The Nightmare 150 times,Elite,Morytania,Combat,200,no,
[1084] 1 Tempoross Kill,Easy,Desert,Skilling,10,yes,
[1085] 10 Tempoross Kills,Medium,Desert,Skilling,30,yes,
[1086] 25 Tempoross Kills,Hard,Desert,Skilling,80,yes,
[1111] 50 Combat Achievements,Elite,General,Diary,200,no,
[1112] 100 Combat Achievements,Elite,General,Diary,200,no,
[1113] 150 Combat Achievements,Elite,General,Diary,200,no,
[1114] 200 Combat Achievements,Elite,General,Diary,200,no,
[1115] 250 Combat Achievements,Elite,General,Diary,200,no,
[1119] Combat Achievements Easy Tier,Hard,General,Diary,80,no,
[1120] Combat Achievements Medium Tier,Elite,General,Diary,200,no,
[1121] Combat Achievements Hard Tier,Elite,General,Diary,200,no,
[1122] Combat Achievements Elite Tier,Master,General,Diary,400,no,
[1124] Cast Degrime Spell Full Clean,Medium,Kourend,Skilling,30,no,
[1127] Inferior Demonbane Demon Kill,Medium,Kourend,Skilling,30,no,
[1128] Equip a Piece of Zealot's Robes,Medium,Morytania,Combat,30,no,
[1129] Equip a Full Set of Zealot's Robes,Hard,Morytania,Combat,80,no,
[1130] Open a Bronze Chest,Easy,Morytania,Other,10,no,
[1131] Open a Black Chest,Medium,Morytania,Other,30,no,
[1132] Open a Gold Chest,Hard,Morytania,Other,80,no,
[1133] Win a Game of Soul Wars,Medium,Misthalin,Other,30,no,
[1135] Attach a Sanguine ornament kit to the Scythe,Elite,Morytania,Combat,200,no,
[1136] Attach a Holy ornament kit to the Scythe of Vitur,Elite,Morytania,Combat,200,no,
[1137] Purchase a Celestial ring,Hard,Asgarnia,Skilling,80,no,
[1139] Equip a Piece of the Golden Prospector set,Hard,Asgarnia,Skilling,80,no,
[1140] Equip a Full set of Golden Prospector,Elite,Asgarnia,Skilling,200,no,
[1143] Pet the Museum Camp dog,Easy,Misthalin,Misc,10,no,
[1150] Pick Wheat in Catherby,Easy,Kandarin,Misc,10,no,
[1151] Buy Something From Trader Crewmembers,Easy,General,Misc,10,no,
[1152] Get Stung By Bees,Easy,Kandarin,Misc,10,no,
[1153] Drink a Poison Chalice,Medium,Kandarin,Misc,30,no,
[1154] Make some Flour,Medium,General,Misc,30,no,
[1155] Complete Fishing Contest,Medium,Kandarin,Quest,30,no,
[1156] Defeat Nex,Hard,Asgarnia,Combat,80,yes,
[1157] Defeat Nex 50 Times,Hard,Asgarnia,Combat,80,no,
[1158] Defeat Nex 150 Times,Hard,Asgarnia,Combat,80,no,
[1159] Defeat Nex 300 Times,Elite,Asgarnia,Combat,200,no,
[1160] Equip a Piece of Torva Armour,Elite,Asgarnia,Combat,200,no,
[1161] Equip a Full Set of Torva Armour,Master,Asgarnia,Combat,400,no,
[1163] Equip a Zaryte Crossbow,Elite,Asgarnia,Combat,200,yes,
[1164] Equip some Zaryte Vambraces,Hard,Asgarnia,Combat,80,no,
[1166] Defeat Vardorvis,Hard,Varlamore,Combat,80,yes,
[1167] Defeat Vardorvis 50 times,Hard,Varlamore,Combat,80,no,
[1168] Defeat Vardorvis 150 times,Hard,Varlamore,Combat,80,no,
[1169] Defeat Vardorvis 300 times,Elite,Varlamore,Combat,200,no,
[1170] Defeat Awakened Vardorvis,Elite,Varlamore,Combat,200,no,
[1171] Defeat Whisperer,Hard,Asgarnia,Combat,80,no,
[1172] Defeat Whisperer 50 times,Hard,Asgarnia,Combat,80,no,
[1173] Defeat Whisperer 150 times,Hard,Asgarnia,Combat,80,no,
[1174] Defeat Whisperer 300 times,Elite,Asgarnia,Combat,200,no,
[1175] Defeat Awakened Whisperer,Elite,Asgarnia,Combat,200,no,
[1176] Defeat Leviathan,Hard,Desert,Combat,80,no,
[1177] Defeat Leviathan 50 times,Hard,Desert,Combat,80,no,
[1178] Defeat Leviathan 150 times,Hard,Desert,Combat,80,no,
[1179] Defeat Leviathan 300 times,Elite,Desert,Combat,200,no,
[1180] Defeat Awakened Leviathan,Elite,Desert,Combat,200,no,
[1181] Defeat Duke Sucellus,Hard,Fremennik,Combat,80,yes,
[1182] Defeat Duke Sucellus 50 times,Hard,Fremennik,Combat,80,no,
[1183] Defeat Duke Sucellus 150 times,Hard,Fremennik,Combat,80,no,
[1184] Defeat Duke Sucellus 300 times,Elite,Fremennik,Combat,200,no,
[1185] Defeat Awakened Duke Sucellus,Elite,Fremennik,Combat,200,no,
[1186] Complete Tombs of Amascut,Hard,Desert,Combat,80,no,
[1187] Complete Tombs of Amascut 25 times,Hard,Desert,Combat,80,no,
[1188] Complete Tombs of Amascut 50 times,Elite,Desert,Combat,200,no,
[1189] Complete Tombs of Amascut 100 times,Elite,Desert,Combat,200,no,
[1190] Guardians of the Rift 1 Rift closed,Medium,Desert,Skilling,30,no,
[1191] Guardians of the Rift 10 Rifts closed,Medium,Desert,Skilling,30,no,
[1192] Guardians of the Rift 25 Rifts closed,Hard,Desert,Skilling,80,no,
[1193] Defeat Phantom Muspah,Hard,Fremennik,Combat,80,yes,
[1194] Defeat Phantom Muspah 50 times,Hard,Fremennik,Combat,80,no,
[1195] Defeat Phantom Muspah 150 times,Hard,Fremennik,Combat,80,no,
[1196] Defeat Phantom Muspah 300 times,Elite,Fremennik,Combat,200,no,
[1197] Complete Tzhaar-Ket-Rak's first challenge,Hard,Karamja,Other,80,no,
[1198] Complete Tzhaar-Ket-Rak's second challenge,Hard,Karamja,Other,80,no,
[1199] Complete Tzhaar-Ket-Rak's third challenge,Hard,Karamja,Other,80,no,
[1200] Complete Tzhaar-Ket-Rak's fourth challenge,Elite,Karamja,Other,200,no,
[1201] Complete Tzhaar-Ket-Rak's fifth challenge,Elite,Karamja,Other,200,no,
[1202] Complete Tzhaar-Ket-Rak's sixth challenge,Elite,Karamja,Other,200,no,
[1203] Complete a Mahogany homes beginner contract,Medium,General,Other,30,no,
[1204] Complete a Mahogany homes novice contract,Medium,General,Other,30,no,
[1205] Complete a Mahogany homes adept contract,Medium,General,Other,30,no,
[1206] Complete a Mahogany homes expert contract,Hard,General,Other,80,no,
[1207] Complete 10 Mahogany homes contracts,Medium,General,Other,30,no,
[1208] Complete 25 Mahogany homes contracts,Medium,General,Other,30,no,
[1209] Complete 50 Mahogany homes contracts,Hard,General,Other,80,no,
[1210] Mine a shooting star,Hard,General,Other,80,no,
[1211] Giants' Foundry 50 quality sword,Medium,Desert,Other,30,no,
[1212] Giants' Foundry 100 quality sword,Medium,Desert,Other,30,no,
[1213] Giants' Foundry 150 quality sword,Hard,Desert,Other,80,no,
[1214] Giants' Foundry 10 handins,Medium,Desert,Other,30,no,
[1215] Giants' Foundry 25 handins,Hard,Desert,Other,80,no,
[1216] Giants' Foundry 50 handins,Hard,Desert,Other,80,no,
[1217] Chop some Rising Roots,Medium,General,Other,30,no,
[1218] Complete the Struggling Sapling event,Medium,General,Other,30,no,
[1219] Complete the Flowering Bush event,Medium,General,Other,30,no,
[1220] Kill a Kalphite with the Keris Partisan,Medium,Desert,Combat,30,no,
[1221] Hit 150 with the Keris Partisan,Elite,Desert,Combat,200,no,
[1222] Equip the Venator Ring,Elite,Desert,Combat,200,yes,
[1223] Equip the Bellator Ring,Elite,Asgarnia,Combat,200,yes,
[1224] Equip the Ultor Ring,Elite,Varlamore,Combat,200,yes,
[1225] Equip the Magus Ring,Elite,Fremennik,Combat,200,yes,
[1226] Equip full Virtus,Master,General,Combat,400,no,
[1227] Equip the Ancient Sceptre,Hard,Fremennik,Combat,80,yes,
[1228] Equip the Elidinis Ward,Elite,Desert,Combat,200,no,
[1230] Equip a Piece of Masori Armour,Elite,Desert,Combat,200,no,
[1231] Equip a full set of Masori,Master,Desert,Combat,400,no,
[1232] Equip Osmumten's Fang,Elite,Desert,Combat,200,yes,
[1233] Equip Osmumten's Fang (or),Master,Desert,Combat,400,yes,
[1235] Equip the Lightbearer,Hard,Desert,Combat,80,yes,
[1236] Equip the Tumeken's Shadow,Master,Desert,Combat,400,yes,
[1237] Create the Divine Rune pouch,Medium,Desert,Combat,30,partial,
[1240] Create the Colossal Rune Pouch,Hard,Desert,Skilling,80,no,
[1241] Equip the Abyssal Lantern,Hard,Desert,Skilling,80,yes,
[1242] Equip a full set of Raiment of the eye,Elite,Desert,Skilling,200,no,
[1244] Equip the Venator Bow,Elite,Fremennik,Combat,200,yes,
[1245] Create the Saturated Heart,Master,Fremennik,Combat,400,partial,
[1246] Equip a full set of the Smith's outfit,Hard,Desert,Other,80,no,
[1247] Equip the Colossal Blade,Medium,Desert,Other,30,yes,
[1248] Obtain the Fish Barrel,Hard,Desert,Other,80,partial,
[1249] Obtain the Big Harpoonfish,Medium,Desert,Other,30,partial,
[1250] Equip the Tome of Water,Medium,Desert,Other,30,yes,
[1251] Equip Amy's Saw,Medium,Asgarnia,Other,30,yes,
[1252] Obtain the Plank Sack,Medium,Asgarnia,Other,30,partial,
[1253] Equip a full set of the Carpenters Outfit,Elite,Asgarnia,Other,200,no,
[1254] Equip the Forestry Basket,Medium,Misthalin,Other,30,yes,
[1256] Equip the Voidwaker,Elite,Wilderness,Combat,200,yes,
[1257] Equip the Webweaver,Elite,Wilderness,Combat,200,no,
[1258] Equip the Accursed Sceptre,Elite,Wilderness,Combat,200,yes,
[1259] Equip the Ursine Chainmace,Elite,Wilderness,Combat,200,yes,
[1260] Equip the Soulreaper Axe,Elite,General,Combat,200,yes,
[1262] Create the long rope shortcut in Darkmeyer,Medium,Morytania,Skilling,30,no,
[1263] Plant an Anima Seed,Hard,Kourend,Skilling,80,no,
[1265] Smith a Rune Item,Hard,General,Skilling,80,no,
[1266] Chop 200 Redwood Logs,Hard,Kourend,Skilling,80,partial,
[1268] Enter Puro Puro from Gielinor,Easy,General,Misc,10,no,
[1269] Dye a cape orange,Easy,General,Misc,10,no,
[1271] Kill Salarin the Twisted,Easy,Kandarin,Combat,10,yes,
[1276] Kill a Necromancer,Easy,General,Combat,10,yes,
[1277] Drink a LizardKicker,Easy,Kourend,Misc,10,no,
[1280] Kill three chickens in 6 seconds,Medium,General,Combat,30,no,
[1285] Smelt a mithril bar in a volcanic fissure,Medium,Kourend,Skilling,30,no,
[1286] Equip a Protest Banner,Easy,Kourend,Misc,10,yes,
[1287] Cry in a wheat field,Easy,General,Misc,10,no,
[1288] Dance in a graveyard,Easy,General,Misc,10,no,
[1289] Brutally murder Conrad King,Easy,Kourend,Combat,10,no,
[1290] Kill a Yak,Easy,Fremennik,Combat,10,yes,
[1291] Equip a full set of Yakhide Armour,Medium,Fremennik,Skilling,30,no,
[1292] Chop down an arctic pine tree,Easy,Fremennik,Skilling,10,no,
[1293] Kill 8 penguins within 5 seconds,Medium,Fremennik,Combat,30,no,
[1294] Loot a dragonstone from the Rogues Castle,Hard,Wilderness,Misc,80,no,
[1295] Equip a team cape,Easy,Wilderness,Misc,10,no,
[1296] Destroy the one ring to rule them all,Medium,Wilderness,Misc,30,no,
[1297] Equip full Elder chaos robe,Elite,Wilderness,Combat,200,no,
[1300] Use Broken Handz's telescope,Easy,Tirannwn,Misc,10,no,
[1301] Ring all of the Prifddinas bells,Medium,Tirannwn,Misc,30,no,
[1303] Trade in a cat for death runes,Hard,Kandarin,Misc,80,no,
[1304] Read a prayer book near a lectern,Medium,General,Misc,30,no,
[1306] Milk a cow,Easy,Misthalin,Misc,10,no,
[1307] Have the Taxidermist stuff something for you,Medium,Morytania,Misc,30,no,
[1308] Insult Aggie the Witch,Easy,Misthalin,Misc,10,no,
[1311] Have Ned make you some rope,Easy,Misthalin,Misc,10,no,
[1312] Kill a port sarim prisoner,Easy,Asgarnia,Combat,10,no,
[1313] Get a chair to follow you,Easy,Misthalin,Misc,10,no,
[1314] Get your revenge against a Dark Wizard,Easy,Misthalin,Combat,10,no,
[1315] Chop a log from a potato tree,Easy,Misthalin,Skilling,10,no,
[1316] Churn some butter,Medium,Misthalin,Misc,30,no,
[1319] Commune a Pharoah's Sceptre to the Necropolis,Medium,Desert,Misc,30,no,
[1320] Telegrab a Bloody bracer,Medium,Morytania,Misc,30,no,
[1321] Have Elsie tell you a story,Easy,Misthalin,Misc,10,no,
[1322] Unlock permanent boat travel with Andras,Hard,Morytania,Misc,80,no,
[1324] Eat a magic cabbage,Easy,Asgarnia,Misc,10,no,
[1326] Feed a ghast some sweets,Medium,Morytania,Misc,30,no,
[1327] Pan for an Uncut Jade,Easy,Misthalin,Misc,10,no,
[1329] Open the Dark Chest,Medium,Misthalin,Combat,30,no,
[1330] Scrape some blue dragonhide,Medium,General,Combat,30,no,
[1331] Defeat the Evil chicken,Medium,Asgarnia,Combat,30,yes,
[1332] Slash a web in varrock sewers,Easy,Misthalin,Misc,10,no,
[1335] Equip a frog mask,Medium,General,Misc,30,yes,
[1336] Give Thurgo a redberry pie,Easy,Asgarnia,Skilling,10,no,
[1338] Make 50 Ancient Brews,Medium,Asgarnia,Skilling,30,no,
[1339] Make 50 Forgotten Brews,Elite,Fremennik,Skilling,200,no,
[1340] Make 50 Menaphite Remedies,Hard,Desert,Skilling,80,no,
[1341] Open 15 Larran's Chests,Medium,Wilderness,Combat,30,no,
[1342] Open 50 Larran's Chests,Hard,Wilderness,Combat,80,no,
[1343] Open 1 Muddy Chest,Medium,Wilderness,Combat,30,no,
[1344] Open 10 Muddy Chests,Hard,Wilderness,Combat,80,no,
[1346] Build a Spirit tree & fairy ring,Elite,General,Skilling,200,no,
[1347] Cook 100 pies,Hard,General,Skilling,80,no,
[1348] Cook 20 Redberry Pies,Hard,General,Skilling,80,no,
[1349] Cook 100 Anglerfish,Elite,Kourend,Skilling,200,partial,
[1350] Successfully Cut a Red Topaz,Easy,General,Skilling,10,no,
[1351] Create a green d'hide shield,Medium,General,Skilling,30,partial,
[1352] Create a black d'hide shield,Hard,General,Skilling,80,partial,
[1353] Blow 100 Light Orbs,Hard,General,Skilling,80,no,
[1354] Burn 20 Pyre Logs,Medium,Morytania,Skilling,30,no,
[1355] Burn 20 Blisterwood Logs,Hard,Morytania,Skilling,80,no,
[1356] Burn 200 Redwood Logs,Hard,Kourend,Skilling,80,no,
[1357] Fletch 25 Oak Stocks,Medium,General,Skilling,30,no,
[1358] Fletch 1000 arrow shafts,Medium,General,Skilling,30,no,
[1360] Fletch 200 Magic Longbow (u),Hard,General,Skilling,80,partial,
[1361] Fletch a Magic Shield,Hard,General,Skilling,80,partial,
[1362] Fletch a Redwood Shield,Hard,Kourend,Skilling,80,partial,
[1364] Fletch 100 Dragon Javelins,Elite,General,Skilling,200,no,
[1365] Fletch 200 Dragon Darts,Elite,Desert,Skilling,200,no,
[1366] Create an Antipoison,Easy,General,Skilling,10,no,
[1367] Create a Compost Potion,Easy,General,Skilling,10,no,
[1368] Create a Guthix Rest Tea,Medium,General,Skilling,30,no,
[1369] Catch a wild kebbit,Easy,Kandarin,Skilling,10,no,
[1371] Mine 5 Tin Ore,Easy,General,Skilling,10,partial,
[1372] Mine 15 coal,Medium,General,Skilling,30,partial,
[1373] Smith a Bronze full helm,Easy,General,Skilling,10,partial,
[1374] Smith a Bronze plateskirt,Easy,General,Skilling,10,partial,
[1375] Smith 10 Steel bolts (unf),Medium,General,Skilling,30,partial,
[1376] Chop 500 Redwood logs,Elite,Kourend,Skilling,200,partial,
[1377] Catch 300 Red Chinchompas in Tirannwn,Elite,Tirannwn,Skilling,200,no,
[1378] Mine 200 Soft Clay in Tirannwn,Hard,Tirannwn,Skilling,80,no,
[1379] Mine 200 Runite Ore in Tirannwn,Elite,Tirannwn,Skilling,200,no,
[1380] Create 100 Divine Super Combat Potions,Elite,Tirannwn,Skilling,200,no,
[1381] Create 100 Divine Ranging Potions,Elite,Tirannwn,Skilling,200,no,
[1383] Smith 500 Runite bolts (unf) in Prifddinas,Elite,Tirannwn,Skilling,200,no,
[1384] Complete 50 laps of the Prifddinas Agility Course,Hard,Tirannwn,Skilling,80,no,
[1385] Chop 100 Teak Logs in Prifddinas,Hard,Tirannwn,Skilling,80,no,
[1386] Make 50 Teak Planks in Prifddinas,Hard,Tirannwn,Skilling,80,no,
[1387] Kill a Black Dragon in Tirannwn,Medium,Tirannwn,Combat,30,yes,
[1388] Kill 50 Elves in Tirannwn,Hard,Tirannwn,Combat,80,no,
[1389] Use a prayer altar to restore 90 prayer in Prifddinas,Hard,Tirannwn,Skilling,80,no,
[1390] Dismantle a Zulrah scale unique,Elite,Tirannwn,Combat,200,no,
[1391] Obtain a Magic seed from a birds nest,Hard,General,Skilling,80,no,
[1392] Defeat Cerberus 50 times,Hard,Asgarnia,Combat,80,no,
[1393] Defeat Cerberus 150 times,Hard,Asgarnia,Combat,80,no,
[1394] Defeat Cerberus 300 times,Elite,Asgarnia,Combat,200,no,
[1395] Cook 20 Karambwans in a row,Hard,Karamja,Skilling,80,no,
[1396] Equip an Enhanced Crystal Weapon,Elite,Tirannwn,Combat,200,no,
[1397] Defeat Zulrah 300 Times,Elite,Tirannwn,Combat,200,no,
[1398] Defeat Venenatis 50 times,Hard,Wilderness,Combat,80,no,
[1399] Defeat Venenatis 150 times,Hard,Wilderness,Combat,80,no,
[1400] Defeat Venenatis 300 times,Elite,Wilderness,Combat,200,no,
[1401] Defeat Vet'ion 50 times,Hard,Wilderness,Combat,80,no,
[1402] Defeat Vet'ion 150 times,Hard,Wilderness,Combat,80,no,
[1403] Defeat Vet'ion 300 times,Elite,Wilderness,Combat,200,no,
[1404] Defeat Callisto 50 times,Hard,Wilderness,Combat,80,no,
[1405] Defeat Callisto 150 times,Hard,Wilderness,Combat,80,no,
[1406] Defeat Callisto 300 times,Elite,Wilderness,Combat,200,no,
[1407] Complete Sleeping Giants,Medium,Desert,Quest,30,no,
[1408] Complete Beneath Cursed Sands,Hard,Desert,Quest,80,no,
[1413] Complete 1 Speed Task,Hard,General,Diary,80,no,
[1414] Complete 5 Speed Tasks,Hard,General,Diary,80,no,
[1415] Complete 10 Speed Tasks,Elite,General,Diary,200,no,
[1416] Complete 20 Speed Tasks,Elite,General,Diary,200,no,
[1417] Complete 30 Speed Tasks,Elite,General,Diary,200,no,
[1418] The Inferno Combat Achievements,Master,Karamja,Diary,400,no,
[1419] The Fight Caves Combat Achievements,Master,Karamja,Diary,400,no,
[1420] The Whisperer Combat Achievements,Elite,Asgarnia,Diary,200,no,
[1421] Vardorvis Combat Achievements,Elite,Varlamore,Diary,200,no,
[1422] Duke Sucellus Combat Achievements,Elite,Fremennik,Diary,200,no,
[1423] The Leviathan Combat Achievements,Elite,Desert,Diary,200,no,
[1424] Chambers of Xeric Combat Achievements,Master,Kourend,Diary,400,no,
[1425] Theatre of Blood Combat Achievements,Master,Morytania,Diary,400,no,
[1426] Tombs of Amascut Combat Achievements,Master,Desert,Diary,400,no,
[1427] Godwars Dungeon Combat Achievements,Master,Asgarnia,Diary,400,no,
[1428] Zulrah Combat Achievements,Elite,Tirannwn,Diary,200,no,
[1429] Dagannoth Kings Combat Achievements,Elite,Fremennik,Diary,200,no,
[1430] Vorkath Combat Achievements,Elite,Fremennik,Diary,200,no,
[1431] Phantom Muspah Combat Achievements,Elite,Fremennik,Diary,200,no,
[1432] The Nightmare Combat Achievements,Elite,Morytania,Diary,200,no,
[1433] Phosani's Nightmare Combat Achievements,Elite,Morytania,Diary,200,no,
[1434] Grotesque Guardians Combat Achievements,Elite,Morytania,Diary,200,no,
[1435] Abyssal Sire Combat Achievements,Elite,Misthalin,Diary,200,no,
[1436] Alchemical Hydra Combat Achievements,Elite,Kourend,Diary,200,no,
[1437] Gauntlet Combat Achievements,Master,Tirannwn,Diary,400,no,
[1438] Equip a Light Ballista,Elite,Kandarin,Combat,200,yes,
[1439] Kill a Frogeel,Hard,Kandarin,Combat,80,yes,
[1440] Kill a Jubster,Hard,Kandarin,Combat,80,yes,
[1441] Kill a Swordchick,Medium,Kandarin,Combat,30,yes,
[1442] Kill a Newtroost,Medium,Kandarin,Combat,30,yes,
[1444] Sell 20 Iron Sheets,Medium,Kandarin,Misc,30,no,
[1446] Score a Goal in Gnomeball,Hard,Kandarin,Misc,80,no,
[1448] 5 Collection log slots,Medium,General,Diary,30,no,
[1449] 15 Collection log slots,Medium,General,Diary,30,no,
[1450] 30 Collection log slots,Medium,General,Diary,30,no,
[1451] 50 Collection log slots,Medium,General,Diary,30,no,
[1452] 100 Collection log slots,Hard,General,Diary,80,no,
[1453] 200 Collection log slots,Hard,General,Diary,80,no,
[1454] 350 Collection log slots,Elite,General,Diary,200,no,
[1455] 500 Collection log slots,Elite,General,Diary,200,no,
[1456] 750 Collection log slots,Master,General,Diary,400,no,
[1458] TzHaar-Ket-Rak's Combat Achievements,Master,Karamja,Diary,400,no,
[1459] Equip a piece of Virtus,Elite,General,Combat,200,no,
[1464] Obtain 35 Million Prayer XP,Elite,General,Skilling,200,no,
[1466] Obtain 35 Million Runecraft XP,Elite,General,Skilling,200,no,
[1467] Obtain 35 Million Construction XP,Elite,General,Skilling,200,no,
[1469] Obtain 35 Million Agility XP,Elite,General,Skilling,200,no,
[1470] Obtain 35 Million Herblore XP,Elite,General,Skilling,200,no,
[1471] Obtain 35 Million Thieving XP,Elite,General,Skilling,200,no,
[1472] Obtain 35 Million Crafting XP,Elite,General,Skilling,200,no,
[1473] Obtain 35 Million Fletching XP,Elite,General,Skilling,200,no,
[1474] Obtain 35 Million Slayer XP,Elite,General,Skilling,200,no,
[1475] Obtain 35 Million Hunter XP,Elite,General,Skilling,200,no,
[1476] Obtain 35 Million Mining XP,Elite,General,Skilling,200,no,
[1477] Obtain 35 Million Smithing XP,Elite,General,Skilling,200,no,
[1478] Obtain 35 Million Fishing XP,Elite,General,Skilling,200,no,
[1479] Obtain 35 Million Cooking XP,Elite,General,Skilling,200,no,
[1480] Obtain 35 Million Firemaking XP,Elite,General,Skilling,200,no,
[1481] Obtain 35 Million Woodcutting XP,Elite,General,Skilling,200,no,
[1482] Obtain 35 Million Farming XP,Elite,General,Skilling,200,no,
[1483] Obtain 50 Million Attack XP,Elite,General,Skilling,200,no,
[1484] Obtain 50 Million Strength XP,Elite,General,Skilling,200,no,
[1485] Obtain 50 Million Defence XP,Elite,General,Skilling,200,no,
[1486] Obtain 50 Million Ranged XP,Elite,General,Skilling,200,no,
[1487] Obtain 50 Million Prayer XP,Elite,General,Skilling,200,no,
[1488] Obtain 50 Million Magic XP,Elite,General,Skilling,200,no,
[1489] Obtain 50 Million Runecraft XP,Elite,General,Skilling,200,no,
[1490] Obtain 50 Million Construction XP,Elite,General,Skilling,200,no,
[1491] Obtain 50 Million Hitpoints XP,Elite,General,Skilling,200,no,
[1492] Obtain 50 Million Agility XP,Elite,General,Skilling,200,no,
[1493] Obtain 50 Million Herblore XP,Elite,General,Skilling,200,no,
[1494] Obtain 50 Million Thieving XP,Elite,General,Skilling,200,no,
[1495] Obtain 50 Million Crafting XP,Elite,General,Skilling,200,no,
[1496] Obtain 50 Million Fletching XP,Elite,General,Skilling,200,no,
[1497] Obtain 50 Million Slayer XP,Elite,General,Skilling,200,no,
[1498] Obtain 50 Million Hunter XP,Elite,General,Skilling,200,no,
[1499] Obtain 50 Million Mining XP,Elite,General,Skilling,200,no,
[1500] Obtain 50 Million Smithing XP,Elite,General,Skilling,200,no,
[1501] Obtain 50 Million Fishing XP,Elite,General,Skilling,200,no,
[1502] Obtain 50 Million Cooking XP,Elite,General,Skilling,200,no,
[1503] Obtain 50 Million Firemaking XP,Elite,General,Skilling,200,no,
[1504] Obtain 50 Million Woodcutting XP,Elite,General,Skilling,200,no,
[1505] Obtain 50 Million Farming XP,Elite,General,Skilling,200,no,
[1506] Equip Full Ahrims Armour Set,Hard,Morytania,Combat,80,no,
[1507] Equip Full Guthans Armour Set,Hard,Morytania,Combat,80,no,
[1508] Equip Full Dharoks Armour Set,Hard,Morytania,Combat,80,no,
[1509] Equip Full Veracs Armour Set,Hard,Morytania,Combat,80,no,
[1510] Equip Full Torags Armour Set,Hard,Morytania,Combat,80,no,
[1511] Equip Full Karils Armour Set,Hard,Morytania,Combat,80,no,
[1512] Equip any piece of Crystal Armour,Hard,Tirannwn,Combat,80,no,
[1513] Receive a Dragonstone Amulet from an Impling,Hard,Tirannwn,Skilling,80,no,
[1514] Load a blowpipe with Dragon Darts,Elite,Tirannwn,Combat,200,no,
[1515] Equip a Warped Sceptre,Hard,Kandarin,Combat,80,yes,
[1516] Complete Path of Glouphrie,Hard,Kandarin,Quest,80,no,
[1517] Feed Longramble,Hard,Kandarin,Misc,80,no,
[1518] Complete the Ritual Forestry Event,Medium,General,Other,30,no,
[1519] Complete the Pheasant Forestry Event,Medium,General,Other,30,no,
[1520] Equip a two-handed Axe,Hard,General,Other,80,no,
[1521] Complete Tzhaar-Ket-Rak's Special challenge,Master,Karamja,Other,400,no,
[1522] Complete the Varrock Agility Course,Easy,Misthalin,Skilling,10,no,
[1523] Complete 10 Laps of the Varrock Agility Course,Medium,Misthalin,Skilling,30,no,
[1524] Complete 1 Slayer Task,Medium,General,Combat,30,no,
[1525] Use the Falador Party room,Easy,Asgarnia,Misc,10,no,
[1526] Eat Eel sushi,Medium,Misthalin,Combat,30,no,
[1527] Use a Herring on a mighty tree,Medium,Kandarin,Misc,30,no,
[1528] Make a pie for Romily,Medium,Misthalin,Misc,30,no,
[1529] Sleep in Paramaya Inn,Medium,Karamja,Misc,30,no,
[1530] Find the Needle,Medium,General,Misc,30,no,
[1531] Get a Gem from a Gorak,Medium,Misthalin,Combat,30,no,
[1532] Provide Terry a buckle,Medium,Misthalin,Misc,30,no,
[1534] Stun a monster,Medium,Desert,Combat,30,no,
[1535] Get 250 Target points,Medium,Kandarin,Other,30,no,
[1536] Get 750 Target points,Hard,Kandarin,Other,80,no,
[1537] Get 1000 Target points,Elite,Kandarin,Other,200,no,
[1538] Land a hoop on a stick,Medium,General,Skilling,30,no,
[1539] Beat Jacky Jester,Hard,General,Skilling,80,no,
[1540] Use a Hat Stand,Easy,General,Misc,10,no,
[1541] Pickpocket a King Worm,Hard,Kandarin,Skilling,80,no,
[1542] Receive a gift from Arnold,Easy,Kandarin,Misc,10,no,
[1543] Throw a Shot Put 12 yards,Medium,Asgarnia,Misc,30,no,
[1544] Obtain Jack's legendary rod,Easy,Kandarin,Misc,10,no,
[1545] Set a mummy ablaze,Easy,Desert,Combat,10,no,
[1546] Smuggle some Rum,Medium,Morytania,Misc,30,no,
[1547] Upset the homeless,Easy,Misthalin,Misc,10,no,
[1548] Catch a Salmon,Easy,Desert,Skilling,10,partial,
[1549] Balance 5 barrels on your head,Easy,Asgarnia,Misc,10,no,
[1550] Hang a Painting of a Watermill,Medium,Asgarnia,Misc,30,no,
[1551] Trade with Bardur,Hard,Fremennik,Misc,80,no,
[1552] Kill a Spider by kicking it,Easy,Misthalin,Combat,10,no,
[1553] Kill a Cow in one hit,Easy,Misthalin,Combat,10,yes,
[1554] Kill a Rat,Easy,Misthalin,Combat,10,yes,
[1555] Kill a Mugger,Easy,Misthalin,Combat,10,yes,
[1556] Talk to Hans,Easy,Misthalin,Misc,10,no,
[1557] Ask for a Quest from Bob,Easy,Misthalin,Misc,10,no,
[1558] Kill a Ram,Easy,Misthalin,Combat,10,yes,
[1559] Kill a Chicken with your fists,Easy,Misthalin,Combat,10,no,
[1560] Equip an Iron dagger,Easy,Misthalin,Misc,10,yes,
[1561] Pray at an Altar in Lumbridge,Easy,Misthalin,Misc,10,no,
[1562] Eat an Onion,Easy,Misthalin,Misc,10,no,
[1563] Kill a Duck with a fire spell,Easy,Misthalin,Combat,10,no,
[1564] Kill an Imp with an earth spell,Easy,Misthalin,Combat,10,no,
[1565] Kill a Frog,Easy,Misthalin,Combat,10,yes,
[1566] Kill a Goblin holding a spear,Easy,Misthalin,Combat,10,no,
[1567] Buy a candle in Lumbridge,Medium,General,Misc,30,no,
[1568] Drink some of Ali's tea,Easy,Desert,Misc,10,no,
[1569] Kill a Billy Goat,Easy,Desert,Combat,10,yes,
[1570] Kill 10 Locusts,Medium,Desert,Combat,30,no,
[1571] Mine 15 Granite in the Necropolis,Medium,Desert,Skilling,30,no,
[1572] Craft some Pottery In Sophanem,Medium,Desert,Skilling,30,no,
[1573] Have Drew create 500 buckets,Hard,Desert,Skilling,80,no,
[1574] Kill 30 Bandits,Medium,Desert,Combat,30,no,
[1575] Pay Saniboch for Permanent Access,Elite,Karamja,Misc,200,no,
[1576] Equip a Pirate Hook,Master,Karamja,Skilling,400,no,
[1578] Mine 25 gold rocks in Tirannwn,Medium,Tirannwn,Skilling,30,no,
[1579] Chop 100 Maples in Tirannwn,Medium,Tirannwn,Skilling,30,no,
[1580] Kill 5 Bunnies,Medium,General,Combat,30,no,
[1581] Cut the Swaying Tree,Easy,Fremennik,Skilling,10,no,
[1582] Steal a Cow bell in Rellekka,Medium,Fremennik,Skilling,30,no,
[1583] Fill up 20 buckets of sand in Rellekka,Medium,Fremennik,Misc,30,no,
[1584] Catch a Sapphire Glacialis,Medium,Fremennik,Skilling,30,partial,
[1585] Worship the Ectofuntus,Medium,Morytania,Skilling,30,no,
[1586] Smelt a Steel Bar in Port Phasmatys,Medium,Morytania,Skilling,30,no,
[1587] Cook 20 Sharks in Darkmeyer,Hard,Morytania,Skilling,80,no,
[1588] Equip a full set of Vyre Noble,Medium,Morytania,Misc,30,no,
[1589] Chop 100 Blisterwood Logs,Medium,Morytania,Skilling,30,partial,
[1590] Cross the Chaos Temple Stone Shortcut,Hard,Wilderness,Skilling,80,no,
[1591] Offer an egg to a shrine,Medium,Kourend,Skilling,30,no,
[1592] Make 50 Oak Planks in Kourend,Medium,Kourend,Skilling,30,no,
[1593] Equip the Cursed Amulet of Magic,Medium,Kourend,Combat,30,yes,
[1594] Kill a Barbarian in Kourend,Easy,Kourend,Combat,10,yes,
[1595] Kill a King Sand Crab,Medium,Kourend,Combat,30,yes,
[1596] Kill 5 Sand Crabs,Medium,Kourend,Combat,30,no,
[1597] Dig 25 Saltpetre,Medium,Kourend,Misc,30,no,
[1598] Chop 25 Juniper Logs,Medium,Kourend,Skilling,30,partial,
[1599] Create 100 Juniper Charcoal,Medium,Kourend,Misc,30,partial,
[1600] Use the Mine cart transportation System,Easy,Kourend,Misc,10,no,
[1601] Capture 10 sandworms,Medium,Kourend,Skilling,30,no,
[1602] Craft 100 Soul runes,Elite,Kourend,Skilling,200,no,
[1603] Craft 100 Blood runes,Hard,Kourend,Skilling,80,no,
[1604] Complete the Shayzien Basic Agility Course,Medium,Kourend,Skilling,30,no,
[1605] Complete the Shayzien Advanced Agility Course,Hard,Kourend,Skilling,80,no,
[1606] Eat a Field Ration,Easy,Kourend,Misc,10,no,
[1607] Chop 15 Yew Logs in Shayzien,Medium,Kourend,Skilling,30,no,
[1608] Smith Steel in Kourend Castle,Medium,Kourend,Skilling,30,no,
[1609] Catch 150 Anglerfish,Elite,Kourend,Skilling,200,partial,
[1610] Restore 14 Prayer points in Hosidius,Medium,Kourend,Skilling,30,no,
"[1611] Kill a Moss, Fire & Hill Giant in Kourend",Medium,Kourend,Combat,30,no,
[1612] Talk to the Voice of Yama,Medium,Kourend,Misc,30,no,
[1613] Mine 25 Pure Essence,Medium,Misthalin,Skilling,30,partial,
[1614] Catch a Grey Chinchompa,Medium,General,Skilling,30,no,
[1615] Catch 50 Grey Chinchompas,Hard,General,Skilling,80,no,
[1616] Catch 500 Chinchompas,Elite,General,Skilling,200,no,
[1617] Kill 5 Spinners,Medium,Asgarnia,Combat,30,no,
[1618] Equip a piece of Beekeeper's Outfit,Medium,General,Misc,30,no,
[1619] Obtain a Kebab from the Certer Brothers,Hard,General,Misc,80,no,
[1620] Equip a piece of Camouflage outfit,Medium,General,Misc,30,no,
[1621] Complete the Evil Bob random event,Medium,General,Misc,30,no,
[1622] Complete the Postie Pete random event,Medium,General,Misc,30,no,
[1623] Equip a piece of Zombie Outfit,Medium,General,Misc,30,no,
[1624] Trade a herb with Jekyll,Medium,General,Misc,30,no,
[1625] Complete the Maze random event,Medium,General,Misc,30,no,
[1626] Equip a piece of Mime Outfit,Medium,General,Misc,30,no,
[1627] Complete the Pinball random event,Medium,General,Misc,30,no,
[1628] Complete the Pillory random event,Medium,General,Misc,30,no,
[1629] Complete the Prison Pete random event,Medium,General,Misc,30,no,
[1630] Open the Mystery Box,Medium,General,Misc,30,no,
[1631] Complete the Surprise Exam random event,Medium,General,Misc,30,no,
[1632] Complete the Garden of Death,Medium,Kourend,Quest,30,no,
[1633] Harvest 25 Zamorak's Grapes,Hard,Kourend,Skilling,80,partial,
[1634] Mine 50 Volcanic Sulphur,Medium,Kourend,Skilling,30,partial,
[1635] Create 10 Dynamite,Hard,Kourend,Skilling,80,partial,
[1636] Smith Shayzien (1),Medium,Kourend,Skilling,30,no,
[1637] Smith Shayzien (5),Elite,Kourend,Skilling,200,no,
[1638] Repair a Fishing Crane,Easy,Kourend,Skilling,10,no,
[1639] Defeat a Gang Boss,Hard,Kourend,Combat,80,yes,
[1641] Scurrius Combat Achievements,Hard,Misthalin,Diary,80,no,
[1642] Araxxor Combat Achievements,Elite,Morytania,Diary,200,no,
[1643] Use a teleport anchoring scroll,Hard,Wilderness,Combat,80,no,
[1644] Open 1 Zombie Pirate Locker,Medium,Wilderness,Combat,30,no,
[1645] Open 15 Zombie Pirate Lockers,Hard,Wilderness,Combat,80,no,
[1646] Open 50 Zombie Pirate Lockers,Hard,Wilderness,Combat,80,no,
[1647] Redeem 50 Wilderness Agility Tickets,Hard,Wilderness,Skilling,80,no,
[1648] Defeat Scurrius,Medium,Misthalin,Combat,30,yes,
[1649] Defeat Scurrius 10 times,Medium,Misthalin,Combat,30,no,
[1650] Defeat Scurrius 25 times,Medium,Misthalin,Combat,30,no,
[1651] Charter a Ship From Sunset Coast to Civitas,Easy,Varlamore,Misc,10,no,
[1652] Build a Quetzal Landing Site,Medium,Varlamore,Skilling,30,no,
[1653] Travel using the Quetzal Transport System,Easy,Varlamore,Misc,10,no,
[1654] Teleport to Civitas illa Fortis,Medium,Varlamore,Skilling,30,no,
[1655] Teleport to the Fortis Colosseum,Medium,Varlamore,Diary,30,no,
[1656] Create a Quetzal Whistle,Medium,Varlamore,Skilling,30,no,
[1657] Complete a Hunter Rumour,Medium,Varlamore,Skilling,30,no,
[1658] Complete 10 Hunter Rumours,Medium,Varlamore,Skilling,30,no,
[1659] Complete 25 Hunter Rumours,Medium,Varlamore,Skilling,30,no,
[1660] Complete 50 Hunter Rumours,Hard,Varlamore,Skilling,80,no,
[1661] Complete a Ribbiting Tale,Hard,Varlamore,Quest,80,no,
[1662] Use the Bank Chest inside Fortis Colosseum,Hard,Varlamore,Combat,80,no,
[1663] Use the Fortis Salute emote,Hard,Varlamore,Combat,80,no,
[1664] Complete Wave 1 of Fortis Colosseum,Medium,Varlamore,Combat,30,no,
[1665] Complete Wave 6 of Fortis Colosseum,Hard,Varlamore,Combat,80,no,
[1666] Complete Wave 12 of Fortis Colosseum,Elite,Varlamore,Combat,200,no,
"[1667] Obtain 20,000 Glory",Elite,Varlamore,Combat,200,no,
"[1668] Obtain 40,000 Glory",Elite,Varlamore,Combat,200,no,
"[1669] Obtain 58,000 Glory",Master,Varlamore,Combat,400,no,
[1670] Equip a piece of Sunfire Fanatic,Hard,Varlamore,Combat,80,no,
[1671] Equip full Sunfire Fanatic,Hard,Varlamore,Combat,80,no,
[1672] Equip Blessed Dizana's Quiver,Master,Varlamore,Combat,400,yes,
[1673] Equip Tonalztics of Ralos,Elite,Varlamore,Combat,200,yes,
[1674] Equip Echo Boots,Hard,Varlamore,Combat,80,yes,
[1675] Colosseum Combat Achievements,Master,Varlamore,Diary,400,no,
[1676] Perilous Moons Combat Achievements,Elite,Varlamore,Diary,200,no,
[1677] Equip a piece of Blood Moon armour,Medium,Varlamore,Combat,30,no,
[1678] Equip full Blood Moon armour,Hard,Varlamore,Combat,80,no,
[1679] Equip a piece of Eclipse Moon armour,Medium,Varlamore,Combat,30,no,
[1680] Equip full Eclipse Moon armour,Hard,Varlamore,Combat,80,no,
[1681] Equip a piece of Blue Moon armour,Medium,Varlamore,Combat,30,no,
[1682] Equip full Blue Moon armour,Hard,Varlamore,Combat,80,no,
[1683] Defeat Sol Heredit 5 times,Master,Varlamore,Combat,400,no,
[1684] Defeat Sol Heredit 10 times,Master,Varlamore,Combat,400,no,
[1685] Subdue the Moons of Peril,Medium,Varlamore,Combat,30,no,
[1686] Subdue the Moons of Peril 10 times,Medium,Varlamore,Combat,30,no,
[1687] Subdue the Moons of Peril 25 times,Medium,Varlamore,Combat,30,no,
[1688] Subdue the Moons of Peril 50 times,Hard,Varlamore,Combat,80,no,
[1689] Craft 1000 Sunfire Runes,Hard,Varlamore,Skilling,80,no,
[1690] Mine a Calcified Deposit,Medium,Varlamore,Skilling,30,partial,
[1691] Mine 250 Blessed Bone Shards,Medium,Varlamore,Skilling,30,partial,
[1692] Teleport to Cam Torum using a Calcified Moth,Medium,Varlamore,Skilling,30,no,
[1693] Create 100 Jugs of Blessed Sunfire Wine,Hard,Varlamore,Skilling,80,no,
[1694] Mine 20 Mithril Ore in the Stonecutter Outpost,Medium,Varlamore,Skilling,30,no,
[1695] Check the health of Mahogany Tree in Marcellus's Patch,Hard,Varlamore,Skilling,80,no,
[1696] Catch 50 Moonlight Antelopes,Elite,Varlamore,Skilling,200,no,
[1697] Catch 25 Sunlight Antelopes,Hard,Varlamore,Skilling,80,no,
[1698] Steal from the Fortis Spice Stall,Medium,Varlamore,Skilling,30,no,
[1699] Steal a House Key,Medium,Varlamore,Skilling,30,no,
[1700] Steal 15 House Keys,Medium,Varlamore,Skilling,30,no,
[1701] Fish a House Key,Medium,Varlamore,Skilling,30,no,
[1702] Pay an Urchin for Information,Medium,Varlamore,Skilling,30,no,
[1703] Steal a Blessed Bone Statuette,Hard,Varlamore,Skilling,80,no,
[1704] Steal 25 Valuables,Medium,Varlamore,Skilling,30,no,
[1705] Steal 100 Valuables,Medium,Varlamore,Skilling,30,no,
[1706] Equip full Guild Hunter Outfit,Hard,Varlamore,Skilling,80,no,
[1707] Obtain the Huntsman's Kit,Hard,Varlamore,Skilling,80,partial,
[1708] Open a Master Hunter's Loot Sack,Hard,Varlamore,Skilling,80,no,
[1709] Open an Adept Hunter's Loot Sack,Medium,Varlamore,Skilling,30,no,
[1711] Cook 100 Moonlight Antelopes,Hard,Varlamore,Skilling,80,no,
[1712] Drink from a bird bath,Easy,Varlamore,Misc,10,no,
[1713] Pet Xolo in Civitas,Easy,Varlamore,Misc,10,no,
[1714] Pick some Sweetcorn from a Field,Easy,Varlamore,Misc,10,no,
[1715] Kill a Guard in Varlamore underground,Easy,Varlamore,Combat,10,yes,
[1716] Kill a Buffalo,Easy,Varlamore,Combat,10,yes,
[1717] Milk a Buffalo,Easy,Varlamore,Misc,10,no,
[1718] Kill an Icefiend in Varlamore,Easy,Varlamore,Combat,10,yes,
[1719] Chop 20 Magic Logs in Varlamore,Hard,Varlamore,Skilling,80,no,
[1720] Catch 100 Tecu salamanders,Elite,Varlamore,Skilling,200,no,
[1721] Complete Meat and Greet,Medium,Varlamore,Quest,30,no,
[1722] Equip a Tecu Salamander,Elite,Varlamore,Skilling,200,yes,
[1723] 1 Araxxor Kill,Hard,Morytania,Combat,80,yes,
[1724] 50 Araxxor Kills,Hard,Morytania,Combat,80,yes,
[1725] 150 Araxxor Kills,Hard,Morytania,Combat,80,yes,
[1726] 300 Araxxor Kills,Elite,Morytania,Combat,200,yes,
[1727] Equip the Amulet of Rancour,Elite,Morytania,Combat,200,yes,
[1728] Equip the Noxious Halberd,Elite,Morytania,Combat,200,yes,
[1729] Equip Aranea Boots,Hard,Morytania,Combat,80,yes,
[1730] 1 Hueycoatl Kill,Medium,Varlamore,Combat,30,no,
[1731] 50 Hueycoatl Kills,Hard,Varlamore,Combat,80,no,
[1732] 150 Hueycoatl Kills,Hard,Varlamore,Combat,80,no,
[1733] Equip a piece of Hueycoatl armour,Medium,Varlamore,Combat,30,no,
[1734] Equip full Hueycoatl armour,Hard,Varlamore,Combat,80,no,
[1735] Purchase the Reagents Pouch,Hard,Varlamore,Skilling,80,no,
[1736] Purchase the Chugging Barrel,Elite,Varlamore,Skilling,200,no,
[1737] Equip full Alchemists outfit,Hard,Varlamore,Skilling,80,no,
[1738] Make 50 Goading Potions,Hard,Varlamore,Skilling,80,no,
[1739] Make 100 Prayer Regeneration Potions,Hard,Varlamore,Skilling,80,no,
[1740] Equip a piece of Alchemists outfit,Medium,Varlamore,Skilling,30,no,
[1741] Equip Pendant of Ates,Medium,Varlamore,Combat,30,yes,
[1742] Equip a Zombie Axe,Hard,Misthalin,Combat,80,yes,
[1743] 1 Amoxliatl Kill,Medium,Varlamore,Combat,30,yes,
[1744] 50 Amoxliatl Kills,Hard,Varlamore,Combat,80,yes,
[1745] 150 Amoxliatl Kills,Hard,Varlamore,Combat,80,yes,
[1746] Complete 10 laps of the Varlamore Agility Course,Medium,Varlamore,Skilling,30,no,
[1747] Equip Glacial Temotli,Hard,Varlamore,Combat,80,yes,
[1748] Open the Varlamore Moon Chest,Elite,Varlamore,Misc,200,no,
[1749] Equip the Moonlight Fanatic Helmet,Elite,Varlamore,Misc,200,no,
[1750] Kill a Dire Wolf,Medium,Varlamore,Combat,30,yes,
[1751] Give a Dwarf Redberry Antelope,Medium,Varlamore,Skilling,30,no,
[1752] Kill 10 Frost Crabs,Medium,Varlamore,Combat,30,no,
[1753] Activate the Statue of Ates,Medium,Varlamore,Misc,30,no,
[1754] Give Oli some Stew,Easy,Varlamore,Misc,10,no,
[1755] Pet Renu,Easy,Varlamore,Misc,10,no,
[1756] Defeat a Tormented Demon,Medium,Misthalin,Combat,30,yes,
[1757] Defeat 50 Tormented Demons,Medium,Misthalin,Combat,30,no,
[1758] Defeat 150 Tormented Demons,Hard,Misthalin,Combat,80,no,
[1759] Defeat 300 Tormented Demons,Hard,Misthalin,Combat,80,no,
[1760] Equip Burning claws,Hard,Misthalin,Combat,80,yes,
[1761] Equip a Tormented Weapon,Hard,Misthalin,Combat,80,no,
[1762] Create 25 Divine Super Attack Potions,Hard,Tirannwn,Skilling,80,no,
[1763] Create 25 Divine Super Strength Potions,Hard,Tirannwn,Skilling,80,no,
[1764] Dissect 250 Sacred Eels,Elite,Tirannwn,Skilling,200,no,
[1765] Chop 50 Magic Logs in Tirannwn,Hard,Tirannwn,Skilling,80,no,
[1766] Pick up 10 Whiteberries in Tirannwn,Medium,Tirannwn,Misc,30,no,
[1767] Successfully hop over the Tripwire in Tirannwn,Medium,Tirannwn,Skilling,30,no,
[1768] Thieve a Diamond from a Gem Stall in Tirannwn,Medium,Tirannwn,Skilling,30,no,
[1769] Thieve a tiara from a Silver Stall in Tirannwn,Medium,Tirannwn,Skilling,30,no,
[1770] Complete Perilous Moons,Hard,Varlamore,Quest,80,no,
[1771] Pick a Cabbage in Varrock,Easy,Misthalin,Misc,10,no,
[1772] Amoxliatl Combat Achievements,Hard,Varlamore,Combat,80,no,
[1773] Hueycoatl Combat Achievements,Hard,Varlamore,Combat,80,no,
[1774] Use the Northern Staircase in Lumbridge,Easy,Misthalin,Misc,10,no,
[1775] Stroke your cat,Easy,Misthalin,Misc,10,no,
[1776] Get a haircut,Easy,Misthalin,Misc,10,no,
[1777] Shear an Alpaca,Easy,Varlamore,Misc,10,no,
[1778] Investigate Meztlan,Medium,Varlamore,Misc,30,no,
[1779] Fill a Grape Barrel for the Foreman,Medium,Varlamore,Misc,30,no,
[1780] Drink a beer in the Longhall,Easy,Misthalin,Misc,10,no,
[1781] Kill a Barbarian in the Barbarian Village,Easy,Misthalin,Combat,10,yes,
[1782] Obtain a Cake from a Nest,Medium,Varlamore,Misc,30,no,
[1783] Scatter some Ashes,Easy,General,Misc,10,no,
[1784] Clean 25 Grimy Guam Leafs,Easy,General,Skilling,10,no,
[1785] Clean 15 Grimy Tarromin,Easy,General,Skilling,10,no,
[1786] Clean 50 Grimy Ranarr Weed,Medium,General,Skilling,30,no,
[1787] Clean 100 Grimy Avantoe,Hard,General,Skilling,80,no,
[1788] Clean 50 Grimy Cadantine,Medium,General,Skilling,30,no,
[1789] Clean 50 Grimy Lantadyme,Hard,General,Skilling,80,no,
[1790] Kill 1 unique Echo Boss,Hard,General,Combat,80,no,
[1791] Kill 2 unique Echo Bosses,Hard,General,Combat,80,no,
[1792] Kill 3 unique Echo Bosses,Hard,General,Combat,80,no,
[1793] Equip one unique Echo Item,Hard,General,Combat,80,no,
[1794] Equip two unique Echo Items,Hard,General,Combat,80,no,
[1795] Equip three unique Echo Items,Hard,General,Combat,80,no,
[1796] Kill 25 Echo Bosses,Elite,General,Combat,200,no,
[1797] Kill 75 Echo Bosses,Elite,General,Combat,200,no,
[1798] Kill a Snake in Karamja,Easy,Karamja,Combat,10,yes,
[1799] Take a Canoe to Champions Guild,Easy,Misthalin,Misc,10,no,
[1800] Eat a Banana,Easy,General,Misc,10,no,
[1801] Mine some essence,Easy,General,Misc,10,no,
[1802] Open a Frozen Cache,Medium,Fremennik,Combat,30,no,
[1803] Obtain a Frozen Cache from a Cache,Hard,Fremennik,Combat,80,no,
[1804] Blast Furnace 100 Mithril Bars,Hard,Fremennik,Skilling,80,no,
[1805] Blast Furnace 100 Runite Bars,Elite,Fremennik,Skilling,200,no,
[1806] Complete 25 laps of the Rellekka Agility Course,Hard,Fremennik,Skilling,80,no,
[1807] Kill a Brine Rat,Medium,Fremennik,Combat,30,yes,
[1808] Load a blowpipe with Rune Darts,Hard,Tirannwn,Combat,80,no,
[1809] Equip a Crystal Tool,Master,Tirannwn,Skilling,400,no,
[1810] Complete Death on the Isle,Hard,Varlamore,Quest,80,no,
[1811] Check the health of 5 Crystal Trees,Elite,Tirannwn,Skilling,200,no,
[1812] Equip a Defender,Medium,Asgarnia,Combat,30,no,
[1813] Consume a Saradomin's Light,Medium,Asgarnia,Combat,30,no,
[1814] Trade in 1000 Minnows,Hard,Kandarin,Skilling,80,no,
[1815] Light a Pyre Ship,Medium,Kandarin,Skilling,30,no,
[1816] Barehand catch a Shark,Elite,Kandarin,Skilling,200,no,
[1817] Steal from a Fur Stall,Medium,Kandarin,Skilling,30,no,
[1818] Steal from a Silver Stall,Medium,Kandarin,Skilling,30,no,
[1819] Steal from a Spice Stall,Medium,Kandarin,Skilling,30,no,
[1820] Cut 50 Maple Logs,Medium,General,Skilling,30,no,
[1821] Burn 25 Maple Logs,Medium,General,Skilling,30,no,
[1822] Chop 100 Yew Logs,Hard,General,Skilling,80,partial,
[1823] Mine 50 Mithril Ore,Medium,General,Skilling,30,partial,
[1824] Smith 250 Mithril bolts (unf),Medium,General,Skilling,30,partial,
[1825] Catch 25 Sardines,Medium,General,Skilling,30,no,
[1826] Cook 10 Sardines,Medium,General,Skilling,30,no,
[1827] Catch 10 Pike,Medium,General,Skilling,30,partial,
[1828] Cook 20 Pike,Medium,General,Skilling,30,partial,
[1830] Equip a Rat Bone Weapon,Medium,Misthalin,Combat,30,no,
[1831] Catch a Polar Kebbit,Easy,Fremennik,Skilling,10,no,
[1832] Catch a Cerulean Twitch,Easy,Fremennik,Skilling,10,partial,
[1833] Catch a Sabre-toothed Kebbit,Medium,Fremennik,Skilling,30,no,
[1834] Steal a Fish,Medium,Fremennik,Skilling,30,no,
[1835] Steal a Wooden Stock,Medium,Fremennik,Skilling,30,no,
[1836] Equip a Damaged God book,Medium,Fremennik,Misc,30,no,
[1837] Kill a Rooster,Easy,Fremennik,Combat,10,yes,
[1838] Loot a Lyre,Medium,Fremennik,Combat,30,partial,
[1840] Kill a Rock Lobster,Hard,Fremennik,Combat,80,yes,
[1841] Kill a Wallasalki,Medium,Fremennik,Combat,30,yes,
[1842] Pick up Snapegrass,Easy,Fremennik,Misc,10,no,
[1843] Kill a Suqah,Medium,Fremennik,Combat,30,yes,
[1844] Steal a Chisel,Medium,Fremennik,Skilling,30,no,
