{"type":"FeatureCollection","properties":{"version":2,"resolution":"hybrid-tile","dirtySquareCount":98,"note":"Clean map-squares are 64x64 rects; overridden squares are tile-accurate outlines."},"features":[{"type":"Feature","properties":{"areaId":1,"name":"Misthalin","tileCount":513391,"partCount":156},"geometry":{"type":"MultiPolygon","coordinates":[[[[1856,5824],[1920,5824],[1920,5888],[1856,5888],[1856,5824]]],[[[1856,5888],[1920,5888],[1920,5952],[1856,5952],[1856,5888]]],[[[1856,5952],[1920,5952],[1920,6016],[1856,6016],[1856,5952]]],[[[1856,6016],[1920,6016],[1920,6080],[1856,6080],[1856,6016]]],[[[1920,5824],[1984,5824],[1984,5888],[1920,5888],[1920,5824]]],[[[1920,5888],[1984,5888],[1984,5952],[1920,5952],[1920,5888]]],[[[1920,5952],[1984,5952],[1984,6016],[1920,6016],[1920,5952]]],[[[1920,6016],[1984,6016],[1984,6080],[1920,6080],[1920,6016]]],[[[1984,5824],[2048,5824],[2048,5888],[1984,5888],[1984,5824]]],[[[1984,5888],[2048,5888],[2048,5952],[1984,5952],[1984,5888]]],[[[1984,5952],[2048,5952],[2048,6016],[1984,6016],[1984,5952]]],[[[1984,6016],[2048,6016],[2048,6080],[1984,6080],[1984,6016]]],[[[2048,2752],[2112,2752],[2112,2816],[2048,2816],[2048,2752]]],[[[2048,2816],[2112,2816],[2112,2880],[2048,2880],[2048,2816]]],[[[2048,2880],[2112,2880],[2112,2944],[2048,2944],[2048,2880]]],[[[2048,2944],[2112,2944],[2112,3008],[2048,3008],[2048,2944]]],[[[2048,5824],[2112,5824],[2112,5888],[2048,5888],[2048,5824]]],[[[2048,5888],[2112,5888],[2112,5952],[2048,5952],[2048,5888]]],[[[2048,5952],[2112,5952],[2112,6016],[2048,6016],[2048,5952]]],[[[2048,6016],[2112,6016],[2112,6080],[2048,6080],[2048,6016]]],[[[2112,2752],[2176,2752],[2176,2816],[2112,2816],[2112,2752]]],[[[2112,2816],[2176,2816],[2176,2880],[2112,2880],[2112,2816]]],[[[2112,2880],[2176,2880],[2176,2944],[2112,2944],[2112,2880]]],[[[2112,2944],[2176,2944],[2176,3008],[2112,3008],[2112,2944]]],[[[2112,5824],[2176,5824],[2176,5888],[2112,5888],[2112,5824]]],[[[2112,5888],[2176,5888],[2176,5952],[2112,5952],[2112,5888]]],[[[2112,5952],[2176,5952],[2176,6016],[2112,6016],[2112,5952]]],[[[2112,6016],[2176,6016],[2176,6080],[2112,6080],[2112,6016]]],[[[2176,2752],[2240,2752],[2240,2816],[2176,2816],[2176,2752]]],[[[2176,2816],[2240,2816],[2240,2880],[2176,2880],[2176,2816]]],[[[2176,2880],[2240,2880],[2240,2944],[2176,2944],[2176,2880]]],[[[2176,2944],[2240,2944],[2240,3008],[2176,3008],[2176,2944]]],[[[2240,2752],[2304,2752],[2304,2816],[2240,2816],[2240,2752]]],[[[2240,2816],[2304,2816],[2304,2880],[2240,2880],[2240,2816]]],[[[2240,2880],[2304,2880],[2304,2944],[2240,2944],[2240,2880]]],[[[2240,2944],[2304,2944],[2304,3008],[2240,3008],[2240,2944]]],[[[2304,2752],[2368,2752],[2368,2816],[2304,2816],[2304,2752]]],[[[2304,2816],[2368,2816],[2368,2880],[2304,2880],[2304,2816]]],[[[2304,2880],[2368,2880],[2368,2944],[2304,2944],[2304,2880]]],[[[2304,2944],[2368,2944],[2368,3008],[2304,3008],[2304,2944]]],[[[2368,2752],[2432,2752],[2432,2816],[2368,2816],[2368,2752]]],[[[2368,2816],[2432,2816],[2432,2880],[2368,2880],[2368,2816]]],[[[2688,5312],[2752,5312],[2752,5376],[2688,5376],[2688,5312]]],[[[3072,2304],[3136,2304],[3136,2368],[3072,2368],[3072,2304]]],[[[3072,2368],[3136,2368],[3136,2432],[3072,2432],[3072,2368]]],[[[3072,2432],[3136,2432],[3136,2496],[3072,2496],[3072,2432]]],[[[3072,2496],[3136,2496],[3136,2560],[3072,2560],[3072,2496]]],[[[3072,3136],[3136,3136],[3136,3200],[3072,3200],[3072,3136]]],[[[3072,3456],[3136,3456],[3136,3520],[3072,3520],[3072,3456]]],[[[3072,9472],[3136,9472],[3136,9536],[3072,9536],[3072,9472]]],[[[3072,9536],[3136,9536],[3136,9600],[3072,9600],[3072,9536]]],[[[3072,9600],[3136,9600],[3136,9664],[3072,9664],[3072,9600]]],[[[3072,9664],[3136,9664],[3136,9728],[3072,9728],[3072,9664]]],[[[3072,9728],[3136,9728],[3136,9792],[3072,9792],[3072,9728]]],[[[3072,9792],[3136,9792],[3136,9856],[3072,9856],[3072,9792]]],[[[3072,9856],[3136,9856],[3136,9920],[3072,9920],[3072,9856]]],[[[3136,2304],[3200,2304],[3200,2368],[3136,2368],[3136,2304]]],[[[3136,2368],[3200,2368],[3200,2432],[3136,2432],[3136,2368]]],[[[3136,2432],[3200,2432],[3200,2496],[3136,2496],[3136,2432]]],[[[3136,2496],[3200,2496],[3200,2560],[3136,2560],[3136,2496]]],[[[3136,3264],[3200,3264],[3200,3328],[3136,3328],[3136,3264]]],[[[3136,3328],[3200,3328],[3200,3392],[3136,3392],[3136,3328]]],[[[3136,3392],[3200,3392],[3200,3456],[3136,3456],[3136,3392]]],[[[3136,3456],[3200,3456],[3200,3520],[3136,3520],[3136,3456]]],[[[3136,9472],[3200,9472],[3200,9536],[3136,9536],[3136,9472]]],[[[3136,9536],[3200,9536],[3200,9600],[3136,9600],[3136,9536]]],[[[3136,9600],[3200,9600],[3200,9664],[3136,9664],[3136,9600]]],[[[3136,9664],[3200,9664],[3200,9728],[3136,9728],[3136,9664]]],[[[3136,9728],[3200,9728],[3200,9792],[3136,9792],[3136,9728]]],[[[3136,9792],[3200,9792],[3200,9856],[3136,9856],[3136,9792]]],[[[3136,9856],[3200,9856],[3200,9920],[3136,9920],[3136,9856]]],[[[3200,2304],[3264,2304],[3264,2368],[3200,2368],[3200,2304]]],[[[3200,2368],[3264,2368],[3264,2432],[3200,2432],[3200,2368]]],[[[3200,2432],[3264,2432],[3264,2496],[3200,2496],[3200,2432]]],[[[3200,2496],[3264,2496],[3264,2560],[3200,2560],[3200,2496]]],[[[3200,3392],[3264,3392],[3264,3456],[3200,3456],[3200,3392]]],[[[3200,3456],[3264,3456],[3264,3520],[3200,3520],[3200,3456]]],[[[3200,9472],[3264,9472],[3264,9536],[3200,9536],[3200,9472]]],[[[3200,9536],[3264,9536],[3264,9600],[3200,9600],[3200,9536]]],[[[3200,9600],[3264,9600],[3264,9664],[3200,9664],[3200,9600]]],[[[3200,9664],[3264,9664],[3264,9728],[3200,9728],[3200,9664]]],[[[3200,9728],[3264,9728],[3264,9792],[3200,9792],[3200,9728]]],[[[3200,9792],[3264,9792],[3264,9856],[3200,9856],[3200,9792]]],[[[3200,9856],[3264,9856],[3264,9920],[3200,9920],[3200,9856]]],[[[3264,2304],[3328,2304],[3328,2368],[3264,2368],[3264,2304]]],[[[3264,2368],[3328,2368],[3328,2432],[3264,2432],[3264,2368]]],[[[3264,2432],[3328,2432],[3328,2496],[3264,2496],[3264,2432]]],[[[3264,2496],[3328,2496],[3328,2560],[3264,2560],[3264,2496]]],[[[3264,3392],[3328,3392],[3328,3456],[3264,3456],[3264,3392]]],[[[3264,3456],[3328,3456],[3328,3520],[3264,3520],[3264,3456]]],[[[3328,3392],[3392,3392],[3392,3456],[3328,3456],[3328,3392]]],[[[3328,11456],[3392,11456],[3392,11520],[3328,11520],[3328,11456]]],[[[3648,3648],[3712,3648],[3712,3712],[3648,3712],[3648,3648]]],[[[3648,3840],[3712,3840],[3712,3904],[3648,3904],[3648,3840]]],[[[3648,3904],[3712,3904],[3712,3968],[3648,3968],[3648,3904]]],[[[3712,3648],[3776,3648],[3776,3712],[3712,3712],[3712,3648]]],[[[3712,3712],[3776,3712],[3776,3776],[3712,3776],[3712,3712]]],[[[3712,3776],[3776,3776],[3776,3840],[3712,3840],[3712,3776]]],[[[3712,3840],[3776,3840],[3776,3904],[3712,3904],[3712,3840]]],[[[3712,3904],[3776,3904],[3776,3968],[3712,3968],[3712,3904]]],[[[3776,3648],[3840,3648],[3840,3712],[3776,3712],[3776,3648]]],[[[3776,3712],[3840,3712],[3840,3776],[3776,3776],[3776,3712]]],[[[3776,3776],[3840,3776],[3840,3840],[3776,3840],[3776,3776]]],[[[3776,3840],[3840,3840],[3840,3904],[3776,3904],[3776,3840]]],[[[3776,3904],[3840,3904],[3840,3968],[3776,3968],[3776,3904]]],[[[3840,3648],[3904,3648],[3904,3712],[3840,3712],[3840,3648]]],[[[3840,3712],[3904,3712],[3904,3776],[3840,3776],[3840,3712]]],[[[3840,3776],[3904,3776],[3904,3840],[3840,3840],[3840,3776]]],[[[3840,3840],[3904,3840],[3904,3904],[3840,3904],[3840,3840]]],[[[3840,3904],[3904,3904],[3904,3968],[3840,3968],[3840,3904]]],[[[3070,3241],[3071,3241],[3072,3241],[3072,3242],[3072,3243],[3072,3244],[3072,3245],[3072,3246],[3072,3247],[3072,3248],[3072,3249],[3072,3250],[3072,3251],[3072,3252],[3072,3253],[3072,3254],[3072,3255],[3072,3256],[3072,3257],[3072,3258],[3072,3259],[3072,3260],[3072,3261],[3072,3262],[3072,3263],[3072,3264],[3071,3264],[3070,3264],[3069,3264],[3069,3263],[3068,3263],[3068,3262],[3068,3261],[3068,3260],[3068,3259],[3068,3258],[3068,3257],[3068,3256],[3068,3255],[3067,3255],[3067,3254],[3067,3253],[3066,3253],[3066,3252],[3066,3251],[3066,3250],[3065,3250],[3065,3249],[3065,3248],[3066,3248],[3066,3247],[3066,3246],[3066,3245],[3067,3245],[3067,3244],[3067,3243],[3068,3243],[3068,3242],[3069,3242],[3070,3242],[3070,3241]]],[[[3070,3241],[3070,3242],[3069,3242],[3068,3242],[3068,3243],[3067,3243],[3067,3244],[3067,3245],[3066,3245],[3066,3246],[3066,3247],[3066,3248],[3065,3248],[3065,3249],[3065,3250],[3066,3250],[3066,3251],[3066,3252],[3066,3253],[3067,3253],[3067,3254],[3067,3255],[3068,3255],[3068,3256],[3068,3257],[3068,3258],[3068,3259],[3068,3260],[3068,3261],[3068,3262],[3068,3263],[3069,3263],[3069,3264],[3070,3264],[3071,3264],[3072,3264],[3072,3263],[3072,3262],[3072,3261],[3072,3260],[3072,3259],[3072,3258],[3072,3257],[3072,3256],[3072,3255],[3072,3254],[3072,3253],[3072,3252],[3072,3251],[3072,3250],[3072,3249],[3072,3248],[3072,3247],[3072,3246],[3072,3245],[3072,3244],[3072,3243],[3072,3242],[3072,3241],[3071,3241],[3070,3241]]],[[[3068,3328],[3069,3328],[3070,3328],[3071,3328],[3072,3328],[3072,3329],[3072,3330],[3072,3331],[3072,3332],[3072,3333],[3072,3334],[3072,3335],[3072,3336],[3072,3337],[3072,3338],[3072,3339],[3072,3340],[3072,3341],[3072,3342],[3072,3343],[3072,3344],[3072,3345],[3072,3346],[3072,3347],[3072,3348],[3072,3349],[3072,3350],[3072,3351],[3072,3352],[3072,3353],[3072,3354],[3072,3355],[3072,3356],[3072,3357],[3072,3358],[3072,3359],[3072,3360],[3072,3361],[3072,3362],[3072,3363],[3072,3364],[3072,3365],[3072,3366],[3072,3367],[3072,3368],[3072,3369],[3072,3370],[3072,3371],[3072,3372],[3072,3373],[3072,3374],[3072,3375],[3072,3376],[3072,3377],[3072,3378],[3072,3379],[3072,3380],[3072,3381],[3072,3382],[3072,3383],[3072,3384],[3072,3385],[3072,3386],[3072,3387],[3072,3388],[3072,3389],[3072,3390],[3072,3391],[3072,3392],[3071,3392],[3070,3392],[3069,3392],[3068,3392],[3067,3392],[3066,3392],[3065,3392],[3065,3391],[3065,3390],[3065,3389],[3065,3388],[3065,3387],[3065,3386],[3065,3385],[3065,3384],[3066,3384],[3066,3383],[3066,3382],[3066,3381],[3066,3380],[3066,3379],[3066,3378],[3066,3377],[3066,3376],[3066,3375],[3066,3374],[3066,3373],[3066,3372],[3066,3371],[3066,3370],[3066,3369],[3066,3368],[3066,3367],[3065,3367],[3064,3367],[3064,3366],[3063,3366],[3063,3365],[3063,3364],[3062,3364],[3062,3363],[3061,3363],[3061,3362],[3061,3361],[3061,3360],[3060,3360],[3060,3359],[3060,3358],[3060,3357],[3060,3356],[3060,3355],[3060,3354],[3060,3353],[3061,3353],[3061,3352],[3061,3351],[3061,3350],[3062,3350],[3062,3349],[3062,3348],[3062,3347],[3062,3346],[3062,3345],[3062,3344],[3061,3344],[3061,3343],[3061,3342],[3061,3341],[3061,3340],[3061,3339],[3061,3338],[3061,3337],[3062,3337],[3062,3336],[3062,3335],[3062,3334],[3063,3334],[3063,3333],[3064,3333],[3064,3332],[3064,3331],[3065,3331],[3065,3330],[3066,3330],[3067,3330],[3067,3329],[3068,3329],[3068,3328]]],[[[3068,3328],[3068,3329],[3067,3329],[3067,3330],[3066,3330],[3065,3330],[3065,3331],[3064,3331],[3064,3332],[3064,3333],[3063,3333],[3063,3334],[3062,3334],[3062,3335],[3062,3336],[3062,3337],[3061,3337],[3061,3338],[3061,3339],[3061,3340],[3061,3341],[3061,3342],[3061,3343],[3061,3344],[3062,3344],[3062,3345],[3062,3346],[3062,3347],[3062,3348],[3062,3349],[3062,3350],[3061,3350],[3061,3351],[3061,3352],[3061,3353],[3060,3353],[3060,3354],[3060,3355],[3060,3356],[3060,3357],[3060,3358],[3060,3359],[3060,3360],[3061,3360],[3061,3361],[3061,3362],[3061,3363],[3062,3363],[3062,3364],[3063,3364],[3063,3365],[3063,3366],[3064,3366],[3064,3367],[3065,3367],[3066,3367],[3066,3368],[3066,3369],[3066,3370],[3066,3371],[3066,3372],[3066,3373],[3066,3374],[3066,3375],[3066,3376],[3066,3377],[3066,3378],[3066,3379],[3066,3380],[3066,3381],[3066,3382],[3066,3383],[3066,3384],[3065,3384],[3065,3385],[3065,3386],[3065,3387],[3065,3388],[3065,3389],[3065,3390],[3065,3391],[3065,3392],[3066,3392],[3067,3392],[3068,3392],[3069,3392],[3070,3392],[3071,3392],[3072,3392],[3072,3391],[3072,3390],[3072,3389],[3072,3388],[3072,3387],[3072,3386],[3072,3385],[3072,3384],[3072,3383],[3072,3382],[3072,3381],[3072,3380],[3072,3379],[3072,3378],[3072,3377],[3072,3376],[3072,3375],[3072,3374],[3072,3373],[3072,3372],[3072,3371],[3072,3370],[3072,3369],[3072,3368],[3072,3367],[3072,3366],[3072,3365],[3072,3364],[3072,3363],[3072,3362],[3072,3361],[3072,3360],[3072,3359],[3072,3358],[3072,3357],[3072,3356],[3072,3355],[3072,3354],[3072,3353],[3072,3352],[3072,3351],[3072,3350],[3072,3349],[3072,3348],[3072,3347],[3072,3346],[3072,3345],[3072,3344],[3072,3343],[3072,3342],[3072,3341],[3072,3340],[3072,3339],[3072,3338],[3072,3337],[3072,3336],[3072,3335],[3072,3334],[3072,3333],[3072,3332],[3072,3331],[3072,3330],[3072,3329],[3072,3328],[3071,3328],[3070,3328],[3069,3328],[3068,3328]]],[[[3065,3392],[3066,3392],[3067,3392],[3068,3392],[3069,3392],[3070,3392],[3071,3392],[3072,3392],[3072,3393],[3072,3394],[3072,3395],[3072,3396],[3072,3397],[3072,3398],[3072,3399],[3072,3400],[3072,3401],[3072,3402],[3072,3403],[3072,3404],[3072,3405],[3072,3406],[3072,3407],[3072,3408],[3072,3409],[3072,3410],[3072,3411],[3072,3412],[3072,3413],[3072,3414],[3072,3415],[3072,3416],[3072,3417],[3072,3418],[3072,3419],[3072,3420],[3072,3421],[3072,3422],[3072,3423],[3072,3424],[3072,3425],[3072,3426],[3072,3427],[3072,3428],[3072,3429],[3071,3429],[3070,3429],[3070,3428],[3069,3428],[3069,3427],[3069,3426],[3068,3426],[3068,3425],[3067,3425],[3067,3424],[3067,3423],[3067,3422],[3066,3422],[3066,3421],[3066,3420],[3066,3419],[3066,3418],[3066,3417],[3066,3416],[3066,3415],[3066,3414],[3066,3413],[3066,3412],[3066,3411],[3067,3411],[3067,3410],[3066,3410],[3066,3409],[3066,3408],[3066,3407],[3066,3406],[3066,3405],[3066,3404],[3066,3403],[3066,3402],[3066,3401],[3066,3400],[3066,3399],[3066,3398],[3066,3397],[3066,3396],[3066,3395],[3066,3394],[3065,3394],[3065,3393],[3065,3392]]],[[[3065,3392],[3065,3393],[3065,3394],[3066,3394],[3066,3395],[3066,3396],[3066,3397],[3066,3398],[3066,3399],[3066,3400],[3066,3401],[3066,3402],[3066,3403],[3066,3404],[3066,3405],[3066,3406],[3066,3407],[3066,3408],[3066,3409],[3066,3410],[3067,3410],[3067,3411],[3066,3411],[3066,3412],[3066,3413],[3066,3414],[3066,3415],[3066,3416],[3066,3417],[3066,3418],[3066,3419],[3066,3420],[3066,3421],[3066,3422],[3067,3422],[3067,3423],[3067,3424],[3067,3425],[3068,3425],[3068,3426],[3069,3426],[3069,3427],[3069,3428],[3070,3428],[3070,3429],[3071,3429],[3072,3429],[3072,3428],[3072,3427],[3072,3426],[3072,3425],[3072,3424],[3072,3423],[3072,3422],[3072,3421],[3072,3420],[3072,3419],[3072,3418],[3072,3417],[3072,3416],[3072,3415],[3072,3414],[3072,3413],[3072,3412],[3072,3411],[3072,3410],[3072,3409],[3072,3408],[3072,3407],[3072,3406],[3072,3405],[3072,3404],[3072,3403],[3072,3402],[3072,3401],[3072,3400],[3072,3399],[3072,3398],[3072,3397],[3072,3396],[3072,3395],[3072,3394],[3072,3393],[3072,3392],[3071,3392],[3070,3392],[3069,3392],[3068,3392],[3067,3392],[3066,3392],[3065,3392]]],[[[3069,3264],[3070,3264],[3071,3264],[3072,3264],[3072,3265],[3072,3266],[3072,3267],[3072,3268],[3072,3269],[3072,3270],[3072,3271],[3072,3272],[3072,3273],[3072,3274],[3072,3275],[3072,3276],[3072,3277],[3072,3278],[3072,3279],[3072,3280],[3072,3281],[3072,3282],[3072,3283],[3072,3284],[3072,3285],[3072,3286],[3072,3287],[3072,3288],[3072,3289],[3072,3290],[3072,3291],[3072,3292],[3072,3293],[3072,3294],[3072,3295],[3072,3296],[3072,3297],[3072,3298],[3072,3299],[3072,3300],[3072,3301],[3072,3302],[3072,3303],[3072,3304],[3072,3305],[3072,3306],[3072,3307],[3072,3308],[3072,3309],[3072,3310],[3072,3311],[3072,3312],[3072,3313],[3072,3314],[3072,3315],[3072,3316],[3072,3317],[3072,3318],[3072,3319],[3072,3320],[3072,3321],[3072,3322],[3072,3323],[3072,3324],[3072,3325],[3072,3326],[3072,3327],[3072,3328],[3071,3328],[3070,3328],[3070,3327],[3070,3326],[3069,3326],[3069,3325],[3069,3324],[3069,3323],[3068,3323],[3068,3322],[3068,3321],[3068,3320],[3068,3319],[3068,3318],[3068,3317],[3068,3316],[3068,3315],[3068,3314],[3068,3313],[3069,3313],[3069,3312],[3069,3311],[3069,3310],[3068,3310],[3068,3309],[3068,3308],[3068,3307],[3067,3307],[3067,3306],[3067,3305],[3067,3304],[3067,3303],[3067,3302],[3067,3301],[3067,3300],[3067,3299],[3067,3298],[3067,3297],[3067,3296],[3068,3296],[3068,3295],[3068,3294],[3068,3293],[3069,3293],[3069,3292],[3069,3291],[3069,3290],[3069,3289],[3069,3288],[3070,3288],[3070,3287],[3070,3286],[3070,3285],[3070,3284],[3071,3284],[3071,3283],[3071,3282],[3071,3281],[3071,3280],[3071,3279],[3071,3278],[3070,3278],[3070,3277],[3070,3276],[3070,3275],[3070,3274],[3070,3273],[3070,3272],[3071,3272],[3071,3271],[3071,3270],[3070,3270],[3070,3269],[3070,3268],[3070,3267],[3069,3267],[3069,3266],[3069,3265],[3069,3264]]],[[[3069,3264],[3069,3265],[3069,3266],[3069,3267],[3070,3267],[3070,3268],[3070,3269],[3070,3270],[3071,3270],[3071,3271],[3071,3272],[3070,3272],[3070,3273],[3070,3274],[3070,3275],[3070,3276],[3070,3277],[3070,3278],[3071,3278],[3071,3279],[3071,3280],[3071,3281],[3071,3282],[3071,3283],[3071,3284],[3070,3284],[3070,3285],[3070,3286],[3070,3287],[3070,3288],[3069,3288],[3069,3289],[3069,3290],[3069,3291],[3069,3292],[3069,3293],[3068,3293],[3068,3294],[3068,3295],[3068,3296],[3067,3296],[3067,3297],[3067,3298],[3067,3299],[3067,3300],[3067,3301],[3067,3302],[3067,3303],[3067,3304],[3067,3305],[3067,3306],[3067,3307],[3068,3307],[3068,3308],[3068,3309],[3068,3310],[3069,3310],[3069,3311],[3069,3312],[3069,3313],[3068,3313],[3068,3314],[3068,3315],[3068,3316],[3068,3317],[3068,3318],[3068,3319],[3068,3320],[3068,3321],[3068,3322],[3068,3323],[3069,3323],[3069,3324],[3069,3325],[3069,3326],[3070,3326],[3070,3327],[3070,3328],[3071,3328],[3072,3328],[3072,3327],[3072,3326],[3072,3325],[3072,3324],[3072,3323],[3072,3322],[3072,3321],[3072,3320],[3072,3319],[3072,3318],[3072,3317],[3072,3316],[3072,3315],[3072,3314],[3072,3313],[3072,3312],[3072,3311],[3072,3310],[3072,3309],[3072,3308],[3072,3307],[3072,3306],[3072,3305],[3072,3304],[3072,3303],[3072,3302],[3072,3301],[3072,3300],[3072,3299],[3072,3298],[3072,3297],[3072,3296],[3072,3295],[3072,3294],[3072,3293],[3072,3292],[3072,3291],[3072,3290],[3072,3289],[3072,3288],[3072,3287],[3072,3286],[3072,3285],[3072,3284],[3072,3283],[3072,3282],[3072,3281],[3072,3280],[3072,3279],[3072,3278],[3072,3277],[3072,3276],[3072,3275],[3072,3274],[3072,3273],[3072,3272],[3072,3271],[3072,3270],[3072,3269],[3072,3268],[3072,3267],[3072,3266],[3072,3265],[3072,3264],[3071,3264],[3070,3264],[3069,3264]]],[[[3072,3200],[3073,3200],[3074,3200],[3075,3200],[3076,3200],[3077,3200],[3078,3200],[3079,3200],[3080,3200],[3081,3200],[3082,3200],[3083,3200],[3084,3200],[3085,3200],[3086,3200],[3087,3200],[3088,3200],[3089,3200],[3090,3200],[3091,3200],[3092,3200],[3093,3200],[3094,3200],[3095,3200],[3096,3200],[3097,3200],[3098,3200],[3099,3200],[3100,3200],[3101,3200],[3102,3200],[3103,3200],[3104,3200],[3105,3200],[3106,3200],[3107,3200],[3108,3200],[3109,3200],[3110,3200],[3111,3200],[3112,3200],[3113,3200],[3114,3200],[3115,3200],[3116,3200],[3117,3200],[3118,3200],[3119,3200],[3120,3200],[3121,3200],[3122,3200],[3123,3200],[3124,3200],[3125,3200],[3126,3200],[3127,3200],[3128,3200],[3129,3200],[3130,3200],[3131,3200],[3132,3200],[3133,3200],[3134,3200],[3135,3200],[3136,3200],[3136,3201],[3136,3202],[3136,3203],[3136,3204],[3136,3205],[3136,3206],[3136,3207],[3136,3208],[3136,3209],[3136,3210],[3136,3211],[3136,3212],[3136,3213],[3136,3214],[3136,3215],[3136,3216],[3136,3217],[3136,3218],[3136,3219],[3136,3220],[3136,3221],[3136,3222],[3136,3223],[3136,3224],[3136,3225],[3136,3226],[3136,3227],[3136,3228],[3136,3229],[3136,3230],[3136,3231],[3136,3232],[3136,3233],[3136,3234],[3136,3235],[3136,3236],[3136,3237],[3136,3238],[3136,3239],[3136,3240],[3136,3241],[3136,3242],[3136,3243],[3136,3244],[3136,3245],[3136,3246],[3136,3247],[3136,3248],[3136,3249],[3136,3250],[3136,3251],[3136,3252],[3136,3253],[3136,3254],[3136,3255],[3136,3256],[3136,3257],[3136,3258],[3136,3259],[3136,3260],[3136,3261],[3136,3262],[3136,3263],[3136,3264],[3135,3264],[3134,3264],[3133,3264],[3132,3264],[3131,3264],[3130,3264],[3129,3264],[3128,3264],[3127,3264],[3126,3264],[3125,3264],[3124,3264],[3123,3264],[3122,3264],[3121,3264],[3120,3264],[3119,3264],[3118,3264],[3117,3264],[3116,3264],[3115,3264],[3114,3264],[3113,3264],[3112,3264],[3111,3264],[3110,3264],[3109,3264],[3108,3264],[3107,3264],[3106,3264],[3105,3264],[3104,3264],[3103,3264],[3102,3264],[3101,3264],[3100,3264],[3099,3264],[3098,3264],[3097,3264],[3096,3264],[3095,3264],[3094,3264],[3093,3264],[3092,3264],[3091,3264],[3090,3264],[3089,3264],[3088,3264],[3087,3264],[3086,3264],[3085,3264],[3084,3264],[3083,3264],[3082,3264],[3081,3264],[3080,3264],[3079,3264],[3078,3264],[3077,3264],[3076,3264],[3075,3264],[3074,3264],[3073,3264],[3072,3264],[3072,3263],[3072,3262],[3072,3261],[3072,3260],[3072,3259],[3072,3258],[3072,3257],[3072,3256],[3072,3255],[3072,3254],[3072,3253],[3072,3252],[3072,3251],[3072,3250],[3072,3249],[3072,3248],[3072,3247],[3072,3246],[3072,3245],[3072,3244],[3072,3243],[3072,3242],[3072,3241],[3072,3240],[3072,3239],[3072,3238],[3072,3237],[3072,3236],[3072,3235],[3072,3234],[3072,3233],[3072,3232],[3072,3231],[3072,3230],[3072,3229],[3072,3228],[3072,3227],[3072,3226],[3072,3225],[3072,3224],[3072,3223],[3072,3222],[3072,3221],[3072,3220],[3072,3219],[3072,3218],[3072,3217],[3072,3216],[3072,3215],[3072,3214],[3072,3213],[3072,3212],[3072,3211],[3072,3210],[3072,3209],[3072,3208],[3072,3207],[3072,3206],[3072,3205],[3072,3204],[3072,3203],[3072,3202],[3072,3201],[3072,3200]]],[[[3072,3200],[3072,3201],[3072,3202],[3072,3203],[3072,3204],[3072,3205],[3072,3206],[3072,3207],[3072,3208],[3072,3209],[3072,3210],[3072,3211],[3072,3212],[3072,3213],[3072,3214],[3072,3215],[3072,3216],[3072,3217],[3072,3218],[3072,3219],[3072,3220],[3072,3221],[3072,3222],[3072,3223],[3072,3224],[3072,3225],[3072,3226],[3072,3227],[3072,3228],[3072,3229],[3072,3230],[3072,3231],[3072,3232],[3072,3233],[3072,3234],[3072,3235],[3072,3236],[3072,3237],[3072,3238],[3072,3239],[3072,3240],[3072,3241],[3072,3242],[3072,3243],[3072,3244],[3072,3245],[3072,3246],[3072,3247],[3072,3248],[3072,3249],[3072,3250],[3072,3251],[3072,3252],[3072,3253],[3072,3254],[3072,3255],[3072,3256],[3072,3257],[3072,3258],[3072,3259],[3072,3260],[3072,3261],[3072,3262],[3072,3263],[3072,3264],[3073,3264],[3074,3264],[3075,3264],[3076,3264],[3077,3264],[3078,3264],[3079,3264],[3080,3264],[3081,3264],[3082,3264],[3083,3264],[3084,3264],[3085,3264],[3086,3264],[3087,3264],[3088,3264],[3089,3264],[3090,3264],[3091,3264],[3092,3264],[3093,3264],[3094,3264],[3095,3264],[3096,3264],[3097,3264],[3098,3264],[3099,3264],[3100,3264],[3101,3264],[3102,3264],[3103,3264],[3104,3264],[3105,3264],[3106,3264],[3107,3264],[3108,3264],[3109,3264],[3110,3264],[3111,3264],[3112,3264],[3113,3264],[3114,3264],[3115,3264],[3116,3264],[3117,3264],[3118,3264],[3119,3264],[3120,3264],[3121,3264],[3122,3264],[3123,3264],[3124,3264],[3125,3264],[3126,3264],[3127,3264],[3128,3264],[3129,3264],[3130,3264],[3131,3264],[3132,3264],[3133,3264],[3134,3264],[3135,3264],[3136,3264],[3136,3263],[3136,3262],[3136,3261],[3136,3260],[3136,3259],[3136,3258],[3136,3257],[3136,3256],[3136,3255],[3136,3254],[3136,3253],[3136,3252],[3136,3251],[3136,3250],[3136,3249],[3136,3248],[3136,3247],[3136,3246],[3136,3245],[3136,3244],[3136,3243],[3136,3242],[3136,3241],[3136,3240],[3136,3239],[3136,3238],[3136,3237],[3136,3236],[3136,3235],[3136,3234],[3136,3233],[3136,3232],[3136,3231],[3136,3230],[3136,3229],[3136,3228],[3136,3227],[3136,3226],[3136,3225],[3136,3224],[3136,3223],[3136,3222],[3136,3221],[3136,3220],[3136,3219],[3136,3218],[3136,3217],[3136,3216],[3136,3215],[3136,3214],[3136,3213],[3136,3212],[3136,3211],[3136,3210],[3136,3209],[3136,3208],[3136,3207],[3136,3206],[3136,3205],[3136,3204],[3136,3203],[3136,3202],[3136,3201],[3136,3200],[3135,3200],[3134,3200],[3133,3200],[3132,3200],[3131,3200],[3130,3200],[3129,3200],[3128,3200],[3127,3200],[3126,3200],[3125,3200],[3124,3200],[3123,3200],[3122,3200],[3121,3200],[3120,3200],[3119,3200],[3118,3200],[3117,3200],[3116,3200],[3115,3200],[3114,3200],[3113,3200],[3112,3200],[3111,3200],[3110,3200],[3109,3200],[3108,3200],[3107,3200],[3106,3200],[3105,3200],[3104,3200],[3103,3200],[3102,3200],[3101,3200],[3100,3200],[3099,3200],[3098,3200],[3097,3200],[3096,3200],[3095,3200],[3094,3200],[3093,3200],[3092,3200],[3091,3200],[3090,3200],[3089,3200],[3088,3200],[3087,3200],[3086,3200],[3085,3200],[3084,3200],[3083,3200],[3082,3200],[3081,3200],[3080,3200],[3079,3200],[3078,3200],[3077,3200],[3076,3200],[3075,3200],[3074,3200],[3073,3200],[3072,3200]]],[[[3072,3264],[3073,3264],[3074,3264],[3075,3264],[3076,3264],[3077,3264],[3078,3264],[3079,3264],[3080,3264],[3081,3264],[3082,3264],[3083,3264],[3084,3264],[3085,3264],[3086,3264],[3087,3264],[3088,3264],[3089,3264],[3090,3264],[3091,3264],[3092,3264],[3093,3264],[3094,3264],[3095,3264],[3096,3264],[3097,3264],[3098,3264],[3099,3264],[3100,3264],[3101,3264],[3102,3264],[3103,3264],[3104,3264],[3105,3264],[3106,3264],[3107,3264],[3108,3264],[3109,3264],[3110,3264],[3111,3264],[3112,3264],[3113,3264],[3114,3264],[3115,3264],[3116,3264],[3117,3264],[3118,3264],[3119,3264],[3120,3264],[3121,3264],[3122,3264],[3123,3264],[3124,3264],[3125,3264],[3126,3264],[3127,3264],[3128,3264],[3129,3264],[3130,3264],[3131,3264],[3132,3264],[3133,3264],[3134,3264],[3135,3264],[3136,3264],[3136,3265],[3136,3266],[3136,3267],[3136,3268],[3136,3269],[3136,3270],[3136,3271],[3136,3272],[3136,3273],[3136,3274],[3136,3275],[3136,3276],[3136,3277],[3136,3278],[3136,3279],[3136,3280],[3136,3281],[3136,3282],[3136,3283],[3136,3284],[3136,3285],[3136,3286],[3136,3287],[3136,3288],[3136,3289],[3136,3290],[3136,3291],[3136,3292],[3136,3293],[3136,3294],[3136,3295],[3136,3296],[3136,3297],[3136,3298],[3136,3299],[3136,3300],[3136,3301],[3136,3302],[3136,3303],[3136,3304],[3136,3305],[3136,3306],[3136,3307],[3136,3308],[3136,3309],[3136,3310],[3136,3311],[3136,3312],[3136,3313],[3136,3314],[3136,3315],[3136,3316],[3136,3317],[3136,3318],[3136,3319],[3136,3320],[3136,3321],[3136,3322],[3136,3323],[3136,3324],[3136,3325],[3136,3326],[3136,3327],[3136,3328],[3135,3328],[3134,3328],[3133,3328],[3132,3328],[3131,3328],[3130,3328],[3129,3328],[3128,3328],[3127,3328],[3126,3328],[3125,3328],[3124,3328],[3123,3328],[3122,3328],[3121,3328],[3120,3328],[3119,3328],[3118,3328],[3117,3328],[3116,3328],[3115,3328],[3114,3328],[3113,3328],[3112,3328],[3111,3328],[3110,3328],[3109,3328],[3108,3328],[3107,3328],[3106,3328],[3105,3328],[3104,3328],[3103,3328],[3102,3328],[3101,3328],[3100,3328],[3099,3328],[3098,3328],[3097,3328],[3096,3328],[3095,3328],[3094,3328],[3093,3328],[3092,3328],[3091,3328],[3090,3328],[3089,3328],[3088,3328],[3087,3328],[3086,3328],[3085,3328],[3084,3328],[3083,3328],[3082,3328],[3081,3328],[3080,3328],[3079,3328],[3078,3328],[3077,3328],[3076,3328],[3075,3328],[3074,3328],[3073,3328],[3072,3328],[3072,3327],[3072,3326],[3072,3325],[3072,3324],[3072,3323],[3072,3322],[3072,3321],[3072,3320],[3072,3319],[3072,3318],[3072,3317],[3072,3316],[3072,3315],[3072,3314],[3072,3313],[3072,3312],[3072,3311],[3072,3310],[3072,3309],[3072,3308],[3072,3307],[3072,3306],[3072,3305],[3072,3304],[3072,3303],[3072,3302],[3072,3301],[3072,3300],[3072,3299],[3072,3298],[3072,3297],[3072,3296],[3072,3295],[3072,3294],[3072,3293],[3072,3292],[3072,3291],[3072,3290],[3072,3289],[3072,3288],[3072,3287],[3072,3286],[3072,3285],[3072,3284],[3072,3283],[3072,3282],[3072,3281],[3072,3280],[3072,3279],[3072,3278],[3072,3277],[3072,3276],[3072,3275],[3072,3274],[3072,3273],[3072,3272],[3072,3271],[3072,3270],[3072,3269],[3072,3268],[3072,3267],[3072,3266],[3072,3265],[3072,3264]]],[[[3072,3264],[3072,3265],[3072,3266],[3072,3267],[3072,3268],[3072,3269],[3072,3270],[3072,3271],[3072,3272],[3072,3273],[3072,3274],[3072,3275],[3072,3276],[3072,3277],[3072,3278],[3072,3279],[3072,3280],[3072,3281],[3072,3282],[3072,3283],[3072,3284],[3072,3285],[3072,3286],[3072,3287],[3072,3288],[3072,3289],[3072,3290],[3072,3291],[3072,3292],[3072,3293],[3072,3294],[3072,3295],[3072,3296],[3072,3297],[3072,3298],[3072,3299],[3072,3300],[3072,3301],[3072,3302],[3072,3303],[3072,3304],[3072,3305],[3072,3306],[3072,3307],[3072,3308],[3072,3309],[3072,3310],[3072,3311],[3072,3312],[3072,3313],[3072,3314],[3072,3315],[3072,3316],[3072,3317],[3072,3318],[3072,3319],[3072,3320],[3072,3321],[3072,3322],[3072,3323],[3072,3324],[3072,3325],[3072,3326],[3072,3327],[3072,3328],[3073,3328],[3074,3328],[3075,3328],[3076,3328],[3077,3328],[3078,3328],[3079,3328],[3080,3328],[3081,3328],[3082,3328],[3083,3328],[3084,3328],[3085,3328],[3086,3328],[3087,3328],[3088,3328],[3089,3328],[3090,3328],[3091,3328],[3092,3328],[3093,3328],[3094,3328],[3095,3328],[3096,3328],[3097,3328],[3098,3328],[3099,3328],[3100,3328],[3101,3328],[3102,3328],[3103,3328],[3104,3328],[3105,3328],[3106,3328],[3107,3328],[3108,3328],[3109,3328],[3110,3328],[3111,3328],[3112,3328],[3113,3328],[3114,3328],[3115,3328],[3116,3328],[3117,3328],[3118,3328],[3119,3328],[3120,3328],[3121,3328],[3122,3328],[3123,3328],[3124,3328],[3125,3328],[3126,3328],[3127,3328],[3128,3328],[3129,3328],[3130,3328],[3131,3328],[3132,3328],[3133,3328],[3134,3328],[3135,3328],[3136,3328],[3136,3327],[3136,3326],[3136,3325],[3136,3324],[3136,3323],[3136,3322],[3136,3321],[3136,3320],[3136,3319],[3136,3318],[3136,3317],[3136,3316],[3136,3315],[3136,3314],[3136,3313],[3136,3312],[3136,3311],[3136,3310],[3136,3309],[3136,3308],[3136,3307],[3136,3306],[3136,3305],[3136,3304],[3136,3303],[3136,3302],[3136,3301],[3136,3300],[3136,3299],[3136,3298],[3136,3297],[3136,3296],[3136,3295],[3136,3294],[3136,3293],[3136,3292],[3136,3291],[3136,3290],[3136,3289],[3136,3288],[3136,3287],[3136,3286],[3136,3285],[3136,3284],[3136,3283],[3136,3282],[3136,3281],[3136,3280],[3136,3279],[3136,3278],[3136,3277],[3136,3276],[3136,3275],[3136,3274],[3136,3273],[3136,3272],[3136,3271],[3136,3270],[3136,3269],[3136,3268],[3136,3267],[3136,3266],[3136,3265],[3136,3264],[3135,3264],[3134,3264],[3133,3264],[3132,3264],[3131,3264],[3130,3264],[3129,3264],[3128,3264],[3127,3264],[3126,3264],[3125,3264],[3124,3264],[3123,3264],[3122,3264],[3121,3264],[3120,3264],[3119,3264],[3118,3264],[3117,3264],[3116,3264],[3115,3264],[3114,3264],[3113,3264],[3112,3264],[3111,3264],[3110,3264],[3109,3264],[3108,3264],[3107,3264],[3106,3264],[3105,3264],[3104,3264],[3103,3264],[3102,3264],[3101,3264],[3100,3264],[3099,3264],[3098,3264],[3097,3264],[3096,3264],[3095,3264],[3094,3264],[3093,3264],[3092,3264],[3091,3264],[3090,3264],[3089,3264],[3088,3264],[3087,3264],[3086,3264],[3085,3264],[3084,3264],[3083,3264],[3082,3264],[3081,3264],[3080,3264],[3079,3264],[3078,3264],[3077,3264],[3076,3264],[3075,3264],[3074,3264],[3073,3264],[3072,3264]]],[[[3072,3328],[3073,3328],[3074,3328],[3075,3328],[3076,3328],[3077,3328],[3078,3328],[3079,3328],[3080,3328],[3081,3328],[3082,3328],[3083,3328],[3084,3328],[3085,3328],[3086,3328],[3087,3328],[3088,3328],[3089,3328],[3090,3328],[3091,3328],[3092,3328],[3093,3328],[3094,3328],[3095,3328],[3096,3328],[3097,3328],[3098,3328],[3099,3328],[3100,3328],[3101,3328],[3102,3328],[3103,3328],[3104,3328],[3105,3328],[3106,3328],[3107,3328],[3108,3328],[3109,3328],[3110,3328],[3111,3328],[3112,3328],[3113,3328],[3114,3328],[3115,3328],[3116,3328],[3117,3328],[3118,3328],[3119,3328],[3120,3328],[3121,3328],[3122,3328],[3123,3328],[3124,3328],[3125,3328],[3126,3328],[3127,3328],[3128,3328],[3129,3328],[3130,3328],[3131,3328],[3132,3328],[3133,3328],[3134,3328],[3135,3328],[3136,3328],[3136,3329],[3136,3330],[3136,3331],[3136,3332],[3136,3333],[3136,3334],[3136,3335],[3136,3336],[3136,3337],[3136,3338],[3136,3339],[3136,3340],[3136,3341],[3136,3342],[3136,3343],[3136,3344],[3136,3345],[3136,3346],[3136,3347],[3136,3348],[3136,3349],[3136,3350],[3136,3351],[3136,3352],[3136,3353],[3136,3354],[3136,3355],[3136,3356],[3136,3357],[3136,3358],[3136,3359],[3136,3360],[3136,3361],[3136,3362],[3136,3363],[3136,3364],[3136,3365],[3136,3366],[3136,3367],[3136,3368],[3136,3369],[3136,3370],[3136,3371],[3136,3372],[3136,3373],[3136,3374],[3136,3375],[3136,3376],[3136,3377],[3136,3378],[3136,3379],[3136,3380],[3136,3381],[3136,3382],[3136,3383],[3136,3384],[3136,3385],[3136,3386],[3136,3387],[3136,3388],[3136,3389],[3136,3390],[3136,3391],[3136,3392],[3135,3392],[3134,3392],[3133,3392],[3132,3392],[3131,3392],[3130,3392],[3129,3392],[3128,3392],[3127,3392],[3126,3392],[3125,3392],[3124,3392],[3123,3392],[3122,3392],[3121,3392],[3120,3392],[3119,3392],[3118,3392],[3117,3392],[3116,3392],[3115,3392],[3114,3392],[3113,3392],[3112,3392],[3111,3392],[3110,3392],[3109,3392],[3108,3392],[3107,3392],[3106,3392],[3105,3392],[3104,3392],[3103,3392],[3102,3392],[3101,3392],[3100,3392],[3099,3392],[3098,3392],[3097,3392],[3096,3392],[3095,3392],[3094,3392],[3093,3392],[3092,3392],[3091,3392],[3090,3392],[3089,3392],[3088,3392],[3087,3392],[3086,3392],[3085,3392],[3084,3392],[3083,3392],[3082,3392],[3081,3392],[3080,3392],[3079,3392],[3078,3392],[3077,3392],[3076,3392],[3075,3392],[3074,3392],[3073,3392],[3072,3392],[3072,3391],[3072,3390],[3072,3389],[3072,3388],[3072,3387],[3072,3386],[3072,3385],[3072,3384],[3072,3383],[3072,3382],[3072,3381],[3072,3380],[3072,3379],[3072,3378],[3072,3377],[3072,3376],[3072,3375],[3072,3374],[3072,3373],[3072,3372],[3072,3371],[3072,3370],[3072,3369],[3072,3368],[3072,3367],[3072,3366],[3072,3365],[3072,3364],[3072,3363],[3072,3362],[3072,3361],[3072,3360],[3072,3359],[3072,3358],[3072,3357],[3072,3356],[3072,3355],[3072,3354],[3072,3353],[3072,3352],[3072,3351],[3072,3350],[3072,3349],[3072,3348],[3072,3347],[3072,3346],[3072,3345],[3072,3344],[3072,3343],[3072,3342],[3072,3341],[3072,3340],[3072,3339],[3072,3338],[3072,3337],[3072,3336],[3072,3335],[3072,3334],[3072,3333],[3072,3332],[3072,3331],[3072,3330],[3072,3329],[3072,3328]]],[[[3072,3328],[3072,3329],[3072,3330],[3072,3331],[3072,3332],[3072,3333],[3072,3334],[3072,3335],[3072,3336],[3072,3337],[3072,3338],[3072,3339],[3072,3340],[3072,3341],[3072,3342],[3072,3343],[3072,3344],[3072,3345],[3072,3346],[3072,3347],[3072,3348],[3072,3349],[3072,3350],[3072,3351],[3072,3352],[3072,3353],[3072,3354],[3072,3355],[3072,3356],[3072,3357],[3072,3358],[3072,3359],[3072,3360],[3072,3361],[3072,3362],[3072,3363],[3072,3364],[3072,3365],[3072,3366],[3072,3367],[3072,3368],[3072,3369],[3072,3370],[3072,3371],[3072,3372],[3072,3373],[3072,3374],[3072,3375],[3072,3376],[3072,3377],[3072,3378],[3072,3379],[3072,3380],[3072,3381],[3072,3382],[3072,3383],[3072,3384],[3072,3385],[3072,3386],[3072,3387],[3072,3388],[3072,3389],[3072,3390],[3072,3391],[3072,3392],[3073,3392],[3074,3392],[3075,3392],[3076,3392],[3077,3392],[3078,3392],[3079,3392],[3080,3392],[3081,3392],[3082,3392],[3083,3392],[3084,3392],[3085,3392],[3086,3392],[3087,3392],[3088,3392],[3089,3392],[3090,3392],[3091,3392],[3092,3392],[3093,3392],[3094,3392],[3095,3392],[3096,3392],[3097,3392],[3098,3392],[3099,3392],[3100,3392],[3101,3392],[3102,3392],[3103,3392],[3104,3392],[3105,3392],[3106,3392],[3107,3392],[3108,3392],[3109,3392],[3110,3392],[3111,3392],[3112,3392],[3113,3392],[3114,3392],[3115,3392],[3116,3392],[3117,3392],[3118,3392],[3119,3392],[3120,3392],[3121,3392],[3122,3392],[3123,3392],[3124,3392],[3125,3392],[3126,3392],[3127,3392],[3128,3392],[3129,3392],[3130,3392],[3131,3392],[3132,3392],[3133,3392],[3134,3392],[3135,3392],[3136,3392],[3136,3391],[3136,3390],[3136,3389],[3136,3388],[3136,3387],[3136,3386],[3136,3385],[3136,3384],[3136,3383],[3136,3382],[3136,3381],[3136,3380],[3136,3379],[3136,3378],[3136,3377],[3136,3376],[3136,3375],[3136,3374],[3136,3373],[3136,3372],[3136,3371],[3136,3370],[3136,3369],[3136,3368],[3136,3367],[3136,3366],[3136,3365],[3136,3364],[3136,3363],[3136,3362],[3136,3361],[3136,3360],[3136,3359],[3136,3358],[3136,3357],[3136,3356],[3136,3355],[3136,3354],[3136,3353],[3136,3352],[3136,3351],[3136,3350],[3136,3349],[3136,3348],[3136,3347],[3136,3346],[3136,3345],[3136,3344],[3136,3343],[3136,3342],[3136,3341],[3136,3340],[3136,3339],[3136,3338],[3136,3337],[3136,3336],[3136,3335],[3136,3334],[3136,3333],[3136,3332],[3136,3331],[3136,3330],[3136,3329],[3136,3328],[3135,3328],[3134,3328],[3133,3328],[3132,3328],[3131,3328],[3130,3328],[3129,3328],[3128,3328],[3127,3328],[3126,3328],[3125,3328],[3124,3328],[3123,3328],[3122,3328],[3121,3328],[3120,3328],[3119,3328],[3118,3328],[3117,3328],[3116,3328],[3115,3328],[3114,3328],[3113,3328],[3112,3328],[3111,3328],[3110,3328],[3109,3328],[3108,3328],[3107,3328],[3106,3328],[3105,3328],[3104,3328],[3103,3328],[3102,3328],[3101,3328],[3100,3328],[3099,3328],[3098,3328],[3097,3328],[3096,3328],[3095,3328],[3094,3328],[3093,3328],[3092,3328],[3091,3328],[3090,3328],[3089,3328],[3088,3328],[3087,3328],[3086,3328],[3085,3328],[3084,3328],[3083,3328],[3082,3328],[3081,3328],[3080,3328],[3079,3328],[3078,3328],[3077,3328],[3076,3328],[3075,3328],[3074,3328],[3073,3328],[3072,3328]]],[[[3072,3392],[3073,3392],[3074,3392],[3075,3392],[3076,3392],[3077,3392],[3078,3392],[3079,3392],[3080,3392],[3081,3392],[3082,3392],[3083,3392],[3084,3392],[3085,3392],[3086,3392],[3087,3392],[3088,3392],[3089,3392],[3090,3392],[3091,3392],[3092,3392],[3093,3392],[3094,3392],[3095,3392],[3096,3392],[3097,3392],[3098,3392],[3099,3392],[3100,3392],[3101,3392],[3102,3392],[3103,3392],[3104,3392],[3105,3392],[3106,3392],[3107,3392],[3108,3392],[3109,3392],[3110,3392],[3111,3392],[3112,3392],[3113,3392],[3114,3392],[3115,3392],[3116,3392],[3117,3392],[3118,3392],[3119,3392],[3120,3392],[3121,3392],[3122,3392],[3123,3392],[3124,3392],[3125,3392],[3126,3392],[3127,3392],[3128,3392],[3129,3392],[3130,3392],[3131,3392],[3132,3392],[3133,3392],[3134,3392],[3135,3392],[3136,3392],[3136,3393],[3136,3394],[3136,3395],[3136,3396],[3136,3397],[3136,3398],[3136,3399],[3136,3400],[3136,3401],[3136,3402],[3136,3403],[3136,3404],[3136,3405],[3136,3406],[3136,3407],[3136,3408],[3136,3409],[3136,3410],[3136,3411],[3136,3412],[3136,3413],[3136,3414],[3136,3415],[3136,3416],[3136,3417],[3136,3418],[3136,3419],[3136,3420],[3136,3421],[3136,3422],[3136,3423],[3136,3424],[3136,3425],[3136,3426],[3136,3427],[3136,3428],[3136,3429],[3136,3430],[3136,3431],[3136,3432],[3136,3433],[3136,3434],[3136,3435],[3136,3436],[3136,3437],[3136,3438],[3136,3439],[3136,3440],[3136,3441],[3136,3442],[3136,3443],[3136,3444],[3136,3445],[3136,3446],[3136,3447],[3136,3448],[3136,3449],[3136,3450],[3136,3451],[3136,3452],[3136,3453],[3136,3454],[3136,3455],[3136,3456],[3135,3456],[3134,3456],[3133,3456],[3132,3456],[3131,3456],[3130,3456],[3129,3456],[3128,3456],[3127,3456],[3126,3456],[3125,3456],[3124,3456],[3123,3456],[3122,3456],[3121,3456],[3120,3456],[3119,3456],[3118,3456],[3117,3456],[3116,3456],[3115,3456],[3114,3456],[3113,3456],[3112,3456],[3111,3456],[3110,3456],[3109,3456],[3108,3456],[3107,3456],[3106,3456],[3105,3456],[3104,3456],[3103,3456],[3102,3456],[3101,3456],[3100,3456],[3099,3456],[3098,3456],[3097,3456],[3096,3456],[3095,3456],[3094,3456],[3093,3456],[3092,3456],[3091,3456],[3090,3456],[3089,3456],[3088,3456],[3087,3456],[3086,3456],[3085,3456],[3084,3456],[3083,3456],[3082,3456],[3081,3456],[3080,3456],[3079,3456],[3078,3456],[3077,3456],[3076,3456],[3075,3456],[3074,3456],[3073,3456],[3072,3456],[3072,3455],[3072,3454],[3072,3453],[3072,3452],[3072,3451],[3072,3450],[3072,3449],[3072,3448],[3072,3447],[3072,3446],[3072,3445],[3072,3444],[3072,3443],[3072,3442],[3072,3441],[3072,3440],[3072,3439],[3072,3438],[3072,3437],[3072,3436],[3072,3435],[3072,3434],[3072,3433],[3072,3432],[3072,3431],[3072,3430],[3072,3429],[3072,3428],[3072,3427],[3072,3426],[3072,3425],[3072,3424],[3072,3423],[3072,3422],[3072,3421],[3072,3420],[3072,3419],[3072,3418],[3072,3417],[3072,3416],[3072,3415],[3072,3414],[3072,3413],[3072,3412],[3072,3411],[3072,3410],[3072,3409],[3072,3408],[3072,3407],[3072,3406],[3072,3405],[3072,3404],[3072,3403],[3072,3402],[3072,3401],[3072,3400],[3072,3399],[3072,3398],[3072,3397],[3072,3396],[3072,3395],[3072,3394],[3072,3393],[3072,3392]]],[[[3072,3392],[3072,3393],[3072,3394],[3072,3395],[3072,3396],[3072,3397],[3072,3398],[3072,3399],[3072,3400],[3072,3401],[3072,3402],[3072,3403],[3072,3404],[3072,3405],[3072,3406],[3072,3407],[3072,3408],[3072,3409],[3072,3410],[3072,3411],[3072,3412],[3072,3413],[3072,3414],[3072,3415],[3072,3416],[3072,3417],[3072,3418],[3072,3419],[3072,3420],[3072,3421],[3072,3422],[3072,3423],[3072,3424],[3072,3425],[3072,3426],[3072,3427],[3072,3428],[3072,3429],[3072,3430],[3072,3431],[3072,3432],[3072,3433],[3072,3434],[3072,3435],[3072,3436],[3072,3437],[3072,3438],[3072,3439],[3072,3440],[3072,3441],[3072,3442],[3072,3443],[3072,3444],[3072,3445],[3072,3446],[3072,3447],[3072,3448],[3072,3449],[3072,3450],[3072,3451],[3072,3452],[3072,3453],[3072,3454],[3072,3455],[3072,3456],[3073,3456],[3074,3456],[3075,3456],[3076,3456],[3077,3456],[3078,3456],[3079,3456],[3080,3456],[3081,3456],[3082,3456],[3083,3456],[3084,3456],[3085,3456],[3086,3456],[3087,3456],[3088,3456],[3089,3456],[3090,3456],[3091,3456],[3092,3456],[3093,3456],[3094,3456],[3095,3456],[3096,3456],[3097,3456],[3098,3456],[3099,3456],[3100,3456],[3101,3456],[3102,3456],[3103,3456],[3104,3456],[3105,3456],[3106,3456],[3107,3456],[3108,3456],[3109,3456],[3110,3456],[3111,3456],[3112,3456],[3113,3456],[3114,3456],[3115,3456],[3116,3456],[3117,3456],[3118,3456],[3119,3456],[3120,3456],[3121,3456],[3122,3456],[3123,3456],[3124,3456],[3125,3456],[3126,3456],[3127,3456],[3128,3456],[3129,3456],[3130,3456],[3131,3456],[3132,3456],[3133,3456],[3134,3456],[3135,3456],[3136,3456],[3136,3455],[3136,3454],[3136,3453],[3136,3452],[3136,3451],[3136,3450],[3136,3449],[3136,3448],[3136,3447],[3136,3446],[3136,3445],[3136,3444],[3136,3443],[3136,3442],[3136,3441],[3136,3440],[3136,3439],[3136,3438],[3136,3437],[3136,3436],[3136,3435],[3136,3434],[3136,3433],[3136,3432],[3136,3431],[3136,3430],[3136,3429],[3136,3428],[3136,3427],[3136,3426],[3136,3425],[3136,3424],[3136,3423],[3136,3422],[3136,3421],[3136,3420],[3136,3419],[3136,3418],[3136,3417],[3136,3416],[3136,3415],[3136,3414],[3136,3413],[3136,3412],[3136,3411],[3136,3410],[3136,3409],[3136,3408],[3136,3407],[3136,3406],[3136,3405],[3136,3404],[3136,3403],[3136,3402],[3136,3401],[3136,3400],[3136,3399],[3136,3398],[3136,3397],[3136,3396],[3136,3395],[3136,3394],[3136,3393],[3136,3392],[3135,3392],[3134,3392],[3133,3392],[3132,3392],[3131,3392],[3130,3392],[3129,3392],[3128,3392],[3127,3392],[3126,3392],[3125,3392],[3124,3392],[3123,3392],[3122,3392],[3121,3392],[3120,3392],[3119,3392],[3118,3392],[3117,3392],[3116,3392],[3115,3392],[3114,3392],[3113,3392],[3112,3392],[3111,3392],[3110,3392],[3109,3392],[3108,3392],[3107,3392],[3106,3392],[3105,3392],[3104,3392],[3103,3392],[3102,3392],[3101,3392],[3100,3392],[3099,3392],[3098,3392],[3097,3392],[3096,3392],[3095,3392],[3094,3392],[3093,3392],[3092,3392],[3091,3392],[3090,3392],[3089,3392],[3088,3392],[3087,3392],[3086,3392],[3085,3392],[3084,3392],[3083,3392],[3082,3392],[3081,3392],[3080,3392],[3079,3392],[3078,3392],[3077,3392],[3076,3392],[3075,3392],[3074,3392],[3073,3392],[3072,3392]]],[[[3136,3136],[3137,3136],[3138,3136],[3139,3136],[3140,3136],[3141,3136],[3142,3136],[3143,3136],[3144,3136],[3145,3136],[3146,3136],[3147,3136],[3148,3136],[3149,3136],[3150,3136],[3151,3136],[3152,3136],[3153,3136],[3154,3136],[3155,3136],[3156,3136],[3157,3136],[3158,3136],[3159,3136],[3160,3136],[3161,3136],[3162,3136],[3163,3136],[3164,3136],[3165,3136],[3166,3136],[3167,3136],[3168,3136],[3169,3136],[3170,3136],[3171,3136],[3172,3136],[3173,3136],[3174,3136],[3175,3136],[3176,3136],[3177,3136],[3178,3136],[3179,3136],[3180,3136],[3181,3136],[3182,3136],[3183,3136],[3184,3136],[3185,3136],[3186,3136],[3187,3136],[3188,3136],[3189,3136],[3190,3136],[3191,3136],[3192,3136],[3193,3136],[3194,3136],[3195,3136],[3196,3136],[3197,3136],[3198,3136],[3199,3136],[3200,3136],[3200,3137],[3200,3138],[3200,3139],[3200,3140],[3200,3141],[3200,3142],[3200,3143],[3200,3144],[3200,3145],[3200,3146],[3200,3147],[3200,3148],[3200,3149],[3200,3150],[3200,3151],[3200,3152],[3200,3153],[3200,3154],[3200,3155],[3200,3156],[3200,3157],[3200,3158],[3200,3159],[3200,3160],[3200,3161],[3200,3162],[3200,3163],[3200,3164],[3200,3165],[3200,3166],[3200,3167],[3200,3168],[3200,3169],[3200,3170],[3200,3171],[3200,3172],[3200,3173],[3200,3174],[3200,3175],[3200,3176],[3200,3177],[3200,3178],[3200,3179],[3200,3180],[3200,3181],[3200,3182],[3200,3183],[3200,3184],[3200,3185],[3200,3186],[3200,3187],[3200,3188],[3200,3189],[3200,3190],[3200,3191],[3200,3192],[3200,3193],[3200,3194],[3200,3195],[3200,3196],[3200,3197],[3200,3198],[3200,3199],[3200,3200],[3199,3200],[3198,3200],[3197,3200],[3196,3200],[3195,3200],[3194,3200],[3193,3200],[3192,3200],[3191,3200],[3190,3200],[3189,3200],[3188,3200],[3187,3200],[3186,3200],[3185,3200],[3184,3200],[3183,3200],[3182,3200],[3181,3200],[3180,3200],[3179,3200],[3178,3200],[3177,3200],[3176,3200],[3175,3200],[3174,3200],[3173,3200],[3172,3200],[3171,3200],[3170,3200],[3169,3200],[3168,3200],[3167,3200],[3166,3200],[3165,3200],[3164,3200],[3163,3200],[3162,3200],[3161,3200],[3160,3200],[3159,3200],[3158,3200],[3157,3200],[3156,3200],[3155,3200],[3154,3200],[3153,3200],[3152,3200],[3151,3200],[3150,3200],[3149,3200],[3148,3200],[3147,3200],[3146,3200],[3145,3200],[3144,3200],[3143,3200],[3142,3200],[3141,3200],[3140,3200],[3139,3200],[3138,3200],[3137,3200],[3136,3200],[3136,3199],[3136,3198],[3136,3197],[3136,3196],[3136,3195],[3136,3194],[3136,3193],[3136,3192],[3136,3191],[3136,3190],[3136,3189],[3136,3188],[3136,3187],[3136,3186],[3136,3185],[3136,3184],[3136,3183],[3136,3182],[3136,3181],[3136,3180],[3136,3179],[3136,3178],[3136,3177],[3136,3176],[3136,3175],[3136,3174],[3136,3173],[3136,3172],[3136,3171],[3136,3170],[3136,3169],[3136,3168],[3136,3167],[3136,3166],[3136,3165],[3136,3164],[3136,3163],[3136,3162],[3136,3161],[3136,3160],[3136,3159],[3136,3158],[3136,3157],[3136,3156],[3136,3155],[3136,3154],[3136,3153],[3136,3152],[3136,3151],[3136,3150],[3136,3149],[3136,3148],[3136,3147],[3136,3146],[3136,3145],[3136,3144],[3136,3143],[3136,3142],[3136,3141],[3136,3140],[3136,3139],[3136,3138],[3136,3137],[3136,3136]]],[[[3136,3136],[3136,3137],[3136,3138],[3136,3139],[3136,3140],[3136,3141],[3136,3142],[3136,3143],[3136,3144],[3136,3145],[3136,3146],[3136,3147],[3136,3148],[3136,3149],[3136,3150],[3136,3151],[3136,3152],[3136,3153],[3136,3154],[3136,3155],[3136,3156],[3136,3157],[3136,3158],[3136,3159],[3136,3160],[3136,3161],[3136,3162],[3136,3163],[3136,3164],[3136,3165],[3136,3166],[3136,3167],[3136,3168],[3136,3169],[3136,3170],[3136,3171],[3136,3172],[3136,3173],[3136,3174],[3136,3175],[3136,3176],[3136,3177],[3136,3178],[3136,3179],[3136,3180],[3136,3181],[3136,3182],[3136,3183],[3136,3184],[3136,3185],[3136,3186],[3136,3187],[3136,3188],[3136,3189],[3136,3190],[3136,3191],[3136,3192],[3136,3193],[3136,3194],[3136,3195],[3136,3196],[3136,3197],[3136,3198],[3136,3199],[3136,3200],[3137,3200],[3138,3200],[3139,3200],[3140,3200],[3141,3200],[3142,3200],[3143,3200],[3144,3200],[3145,3200],[3146,3200],[3147,3200],[3148,3200],[3149,3200],[3150,3200],[3151,3200],[3152,3200],[3153,3200],[3154,3200],[3155,3200],[3156,3200],[3157,3200],[3158,3200],[3159,3200],[3160,3200],[3161,3200],[3162,3200],[3163,3200],[3164,3200],[3165,3200],[3166,3200],[3167,3200],[3168,3200],[3169,3200],[3170,3200],[3171,3200],[3172,3200],[3173,3200],[3174,3200],[3175,3200],[3176,3200],[3177,3200],[3178,3200],[3179,3200],[3180,3200],[3181,3200],[3182,3200],[3183,3200],[3184,3200],[3185,3200],[3186,3200],[3187,3200],[3188,3200],[3189,3200],[3190,3200],[3191,3200],[3192,3200],[3193,3200],[3194,3200],[3195,3200],[3196,3200],[3197,3200],[3198,3200],[3199,3200],[3200,3200],[3200,3199],[3200,3198],[3200,3197],[3200,3196],[3200,3195],[3200,3194],[3200,3193],[3200,3192],[3200,3191],[3200,3190],[3200,3189],[3200,3188],[3200,3187],[3200,3186],[3200,3185],[3200,3184],[3200,3183],[3200,3182],[3200,3181],[3200,3180],[3200,3179],[3200,3178],[3200,3177],[3200,3176],[3200,3175],[3200,3174],[3200,3173],[3200,3172],[3200,3171],[3200,3170],[3200,3169],[3200,3168],[3200,3167],[3200,3166],[3200,3165],[3200,3164],[3200,3163],[3200,3162],[3200,3161],[3200,3160],[3200,3159],[3200,3158],[3200,3157],[3200,3156],[3200,3155],[3200,3154],[3200,3153],[3200,3152],[3200,3151],[3200,3150],[3200,3149],[3200,3148],[3200,3147],[3200,3146],[3200,3145],[3200,3144],[3200,3143],[3200,3142],[3200,3141],[3200,3140],[3200,3139],[3200,3138],[3200,3137],[3200,3136],[3199,3136],[3198,3136],[3197,3136],[3196,3136],[3195,3136],[3194,3136],[3193,3136],[3192,3136],[3191,3136],[3190,3136],[3189,3136],[3188,3136],[3187,3136],[3186,3136],[3185,3136],[3184,3136],[3183,3136],[3182,3136],[3181,3136],[3180,3136],[3179,3136],[3178,3136],[3177,3136],[3176,3136],[3175,3136],[3174,3136],[3173,3136],[3172,3136],[3171,3136],[3170,3136],[3169,3136],[3168,3136],[3167,3136],[3166,3136],[3165,3136],[3164,3136],[3163,3136],[3162,3136],[3161,3136],[3160,3136],[3159,3136],[3158,3136],[3157,3136],[3156,3136],[3155,3136],[3154,3136],[3153,3136],[3152,3136],[3151,3136],[3150,3136],[3149,3136],[3148,3136],[3147,3136],[3146,3136],[3145,3136],[3144,3136],[3143,3136],[3142,3136],[3141,3136],[3140,3136],[3139,3136],[3138,3136],[3137,3136],[3136,3136]]],[[[3136,3200],[3137,3200],[3138,3200],[3139,3200],[3140,3200],[3141,3200],[3142,3200],[3143,3200],[3144,3200],[3145,3200],[3146,3200],[3147,3200],[3148,3200],[3149,3200],[3150,3200],[3151,3200],[3152,3200],[3153,3200],[3154,3200],[3155,3200],[3156,3200],[3157,3200],[3158,3200],[3159,3200],[3160,3200],[3161,3200],[3162,3200],[3163,3200],[3164,3200],[3165,3200],[3166,3200],[3167,3200],[3168,3200],[3169,3200],[3170,3200],[3171,3200],[3172,3200],[3173,3200],[3174,3200],[3175,3200],[3176,3200],[3177,3200],[3178,3200],[3179,3200],[3180,3200],[3181,3200],[3182,3200],[3183,3200],[3184,3200],[3185,3200],[3186,3200],[3187,3200],[3188,3200],[3189,3200],[3190,3200],[3191,3200],[3192,3200],[3193,3200],[3194,3200],[3195,3200],[3196,3200],[3197,3200],[3198,3200],[3199,3200],[3200,3200],[3200,3201],[3200,3202],[3200,3203],[3200,3204],[3200,3205],[3200,3206],[3200,3207],[3200,3208],[3200,3209],[3200,3210],[3200,3211],[3200,3212],[3200,3213],[3200,3214],[3200,3215],[3200,3216],[3200,3217],[3200,3218],[3200,3219],[3200,3220],[3200,3221],[3200,3222],[3200,3223],[3200,3224],[3200,3225],[3200,3226],[3200,3227],[3200,3228],[3200,3229],[3200,3230],[3200,3231],[3200,3232],[3200,3233],[3200,3234],[3200,3235],[3200,3236],[3200,3237],[3200,3238],[3200,3239],[3200,3240],[3200,3241],[3200,3242],[3200,3243],[3200,3244],[3200,3245],[3200,3246],[3200,3247],[3200,3248],[3200,3249],[3200,3250],[3200,3251],[3200,3252],[3200,3253],[3200,3254],[3200,3255],[3200,3256],[3200,3257],[3200,3258],[3200,3259],[3200,3260],[3200,3261],[3200,3262],[3200,3263],[3200,3264],[3199,3264],[3198,3264],[3197,3264],[3196,3264],[3195,3264],[3194,3264],[3193,3264],[3192,3264],[3191,3264],[3190,3264],[3189,3264],[3188,3264],[3187,3264],[3186,3264],[3185,3264],[3184,3264],[3183,3264],[3182,3264],[3181,3264],[3180,3264],[3179,3264],[3178,3264],[3177,3264],[3176,3264],[3175,3264],[3174,3264],[3173,3264],[3172,3264],[3171,3264],[3170,3264],[3169,3264],[3168,3264],[3167,3264],[3166,3264],[3165,3264],[3164,3264],[3163,3264],[3162,3264],[3161,3264],[3160,3264],[3159,3264],[3158,3264],[3157,3264],[3156,3264],[3155,3264],[3154,3264],[3153,3264],[3152,3264],[3151,3264],[3150,3264],[3149,3264],[3148,3264],[3147,3264],[3146,3264],[3145,3264],[3144,3264],[3143,3264],[3142,3264],[3141,3264],[3140,3264],[3139,3264],[3138,3264],[3137,3264],[3136,3264],[3136,3263],[3136,3262],[3136,3261],[3136,3260],[3136,3259],[3136,3258],[3136,3257],[3136,3256],[3136,3255],[3136,3254],[3136,3253],[3136,3252],[3136,3251],[3136,3250],[3136,3249],[3136,3248],[3136,3247],[3136,3246],[3136,3245],[3136,3244],[3136,3243],[3136,3242],[3136,3241],[3136,3240],[3136,3239],[3136,3238],[3136,3237],[3136,3236],[3136,3235],[3136,3234],[3136,3233],[3136,3232],[3136,3231],[3136,3230],[3136,3229],[3136,3228],[3136,3227],[3136,3226],[3136,3225],[3136,3224],[3136,3223],[3136,3222],[3136,3221],[3136,3220],[3136,3219],[3136,3218],[3136,3217],[3136,3216],[3136,3215],[3136,3214],[3136,3213],[3136,3212],[3136,3211],[3136,3210],[3136,3209],[3136,3208],[3136,3207],[3136,3206],[3136,3205],[3136,3204],[3136,3203],[3136,3202],[3136,3201],[3136,3200]]],[[[3136,3200],[3136,3201],[3136,3202],[3136,3203],[3136,3204],[3136,3205],[3136,3206],[3136,3207],[3136,3208],[3136,3209],[3136,3210],[3136,3211],[3136,3212],[3136,3213],[3136,3214],[3136,3215],[3136,3216],[3136,3217],[3136,3218],[3136,3219],[3136,3220],[3136,3221],[3136,3222],[3136,3223],[3136,3224],[3136,3225],[3136,3226],[3136,3227],[3136,3228],[3136,3229],[3136,3230],[3136,3231],[3136,3232],[3136,3233],[3136,3234],[3136,3235],[3136,3236],[3136,3237],[3136,3238],[3136,3239],[3136,3240],[3136,3241],[3136,3242],[3136,3243],[3136,3244],[3136,3245],[3136,3246],[3136,3247],[3136,3248],[3136,3249],[3136,3250],[3136,3251],[3136,3252],[3136,3253],[3136,3254],[3136,3255],[3136,3256],[3136,3257],[3136,3258],[3136,3259],[3136,3260],[3136,3261],[3136,3262],[3136,3263],[3136,3264],[3137,3264],[3138,3264],[3139,3264],[3140,3264],[3141,3264],[3142,3264],[3143,3264],[3144,3264],[3145,3264],[3146,3264],[3147,3264],[3148,3264],[3149,3264],[3150,3264],[3151,3264],[3152,3264],[3153,3264],[3154,3264],[3155,3264],[3156,3264],[3157,3264],[3158,3264],[3159,3264],[3160,3264],[3161,3264],[3162,3264],[3163,3264],[3164,3264],[3165,3264],[3166,3264],[3167,3264],[3168,3264],[3169,3264],[3170,3264],[3171,3264],[3172,3264],[3173,3264],[3174,3264],[3175,3264],[3176,3264],[3177,3264],[3178,3264],[3179,3264],[3180,3264],[3181,3264],[3182,3264],[3183,3264],[3184,3264],[3185,3264],[3186,3264],[3187,3264],[3188,3264],[3189,3264],[3190,3264],[3191,3264],[3192,3264],[3193,3264],[3194,3264],[3195,3264],[3196,3264],[3197,3264],[3198,3264],[3199,3264],[3200,3264],[3200,3263],[3200,3262],[3200,3261],[3200,3260],[3200,3259],[3200,3258],[3200,3257],[3200,3256],[3200,3255],[3200,3254],[3200,3253],[3200,3252],[3200,3251],[3200,3250],[3200,3249],[3200,3248],[3200,3247],[3200,3246],[3200,3245],[3200,3244],[3200,3243],[3200,3242],[3200,3241],[3200,3240],[3200,3239],[3200,3238],[3200,3237],[3200,3236],[3200,3235],[3200,3234],[3200,3233],[3200,3232],[3200,3231],[3200,3230],[3200,3229],[3200,3228],[3200,3227],[3200,3226],[3200,3225],[3200,3224],[3200,3223],[3200,3222],[3200,3221],[3200,3220],[3200,3219],[3200,3218],[3200,3217],[3200,3216],[3200,3215],[3200,3214],[3200,3213],[3200,3212],[3200,3211],[3200,3210],[3200,3209],[3200,3208],[3200,3207],[3200,3206],[3200,3205],[3200,3204],[3200,3203],[3200,3202],[3200,3201],[3200,3200],[3199,3200],[3198,3200],[3197,3200],[3196,3200],[3195,3200],[3194,3200],[3193,3200],[3192,3200],[3191,3200],[3190,3200],[3189,3200],[3188,3200],[3187,3200],[3186,3200],[3185,3200],[3184,3200],[3183,3200],[3182,3200],[3181,3200],[3180,3200],[3179,3200],[3178,3200],[3177,3200],[3176,3200],[3175,3200],[3174,3200],[3173,3200],[3172,3200],[3171,3200],[3170,3200],[3169,3200],[3168,3200],[3167,3200],[3166,3200],[3165,3200],[3164,3200],[3163,3200],[3162,3200],[3161,3200],[3160,3200],[3159,3200],[3158,3200],[3157,3200],[3156,3200],[3155,3200],[3154,3200],[3153,3200],[3152,3200],[3151,3200],[3150,3200],[3149,3200],[3148,3200],[3147,3200],[3146,3200],[3145,3200],[3144,3200],[3143,3200],[3142,3200],[3141,3200],[3140,3200],[3139,3200],[3138,3200],[3137,3200],[3136,3200]]],[[[3200,3136],[3201,3136],[3202,3136],[3203,3136],[3204,3136],[3205,3136],[3206,3136],[3207,3136],[3208,3136],[3209,3136],[3210,3136],[3211,3136],[3212,3136],[3213,3136],[3214,3136],[3215,3136],[3216,3136],[3217,3136],[3218,3136],[3219,3136],[3220,3136],[3221,3136],[3222,3136],[3223,3136],[3224,3136],[3225,3136],[3226,3136],[3227,3136],[3228,3136],[3229,3136],[3230,3136],[3231,3136],[3232,3136],[3233,3136],[3234,3136],[3235,3136],[3236,3136],[3237,3136],[3238,3136],[3239,3136],[3240,3136],[3241,3136],[3242,3136],[3243,3136],[3244,3136],[3244,3137],[3245,3137],[3246,3137],[3247,3137],[3248,3137],[3248,3138],[3248,3139],[3249,3139],[3249,3140],[3250,3140],[3250,3141],[3250,3142],[3250,3143],[3250,3144],[3250,3145],[3250,3146],[3250,3147],[3250,3148],[3250,3149],[3250,3150],[3250,3151],[3250,3152],[3250,3153],[3250,3154],[3250,3155],[3250,3156],[3250,3157],[3250,3158],[3250,3159],[3250,3160],[3250,3161],[3250,3162],[3250,3163],[3250,3164],[3250,3165],[3250,3166],[3250,3167],[3250,3168],[3250,3169],[3250,3170],[3250,3171],[3250,3172],[3251,3172],[3251,3173],[3251,3174],[3251,3175],[3252,3175],[3253,3175],[3253,3176],[3253,3177],[3254,3177],[3254,3178],[3254,3179],[3254,3180],[3254,3181],[3255,3181],[3255,3182],[3255,3183],[3255,3184],[3255,3185],[3255,3186],[3256,3186],[3257,3186],[3258,3186],[3259,3186],[3259,3187],[3259,3188],[3259,3189],[3260,3189],[3260,3190],[3260,3191],[3260,3192],[3260,3193],[3260,3194],[3260,3195],[3260,3196],[3260,3197],[3260,3198],[3260,3199],[3260,3200],[3259,3200],[3258,3200],[3257,3200],[3256,3200],[3255,3200],[3254,3200],[3253,3200],[3252,3200],[3251,3200],[3250,3200],[3249,3200],[3248,3200],[3247,3200],[3246,3200],[3245,3200],[3244,3200],[3243,3200],[3242,3200],[3241,3200],[3240,3200],[3239,3200],[3238,3200],[3237,3200],[3236,3200],[3235,3200],[3234,3200],[3233,3200],[3232,3200],[3231,3200],[3230,3200],[3229,3200],[3228,3200],[3227,3200],[3226,3200],[3225,3200],[3224,3200],[3223,3200],[3222,3200],[3221,3200],[3220,3200],[3219,3200],[3218,3200],[3217,3200],[3216,3200],[3215,3200],[3214,3200],[3213,3200],[3212,3200],[3211,3200],[3210,3200],[3209,3200],[3208,3200],[3207,3200],[3206,3200],[3205,3200],[3204,3200],[3203,3200],[3202,3200],[3201,3200],[3200,3200],[3200,3199],[3200,3198],[3200,3197],[3200,3196],[3200,3195],[3200,3194],[3200,3193],[3200,3192],[3200,3191],[3200,3190],[3200,3189],[3200,3188],[3200,3187],[3200,3186],[3200,3185],[3200,3184],[3200,3183],[3200,3182],[3200,3181],[3200,3180],[3200,3179],[3200,3178],[3200,3177],[3200,3176],[3200,3175],[3200,3174],[3200,3173],[3200,3172],[3200,3171],[3200,3170],[3200,3169],[3200,3168],[3200,3167],[3200,3166],[3200,3165],[3200,3164],[3200,3163],[3200,3162],[3200,3161],[3200,3160],[3200,3159],[3200,3158],[3200,3157],[3200,3156],[3200,3155],[3200,3154],[3200,3153],[3200,3152],[3200,3151],[3200,3150],[3200,3149],[3200,3148],[3200,3147],[3200,3146],[3200,3145],[3200,3144],[3200,3143],[3200,3142],[3200,3141],[3200,3140],[3200,3139],[3200,3138],[3200,3137],[3200,3136]]],[[[3200,3136],[3200,3137],[3200,3138],[3200,3139],[3200,3140],[3200,3141],[3200,3142],[3200,3143],[3200,3144],[3200,3145],[3200,3146],[3200,3147],[3200,3148],[3200,3149],[3200,3150],[3200,3151],[3200,3152],[3200,3153],[3200,3154],[3200,3155],[3200,3156],[3200,3157],[3200,3158],[3200,3159],[3200,3160],[3200,3161],[3200,3162],[3200,3163],[3200,3164],[3200,3165],[3200,3166],[3200,3167],[3200,3168],[3200,3169],[3200,3170],[3200,3171],[3200,3172],[3200,3173],[3200,3174],[3200,3175],[3200,3176],[3200,3177],[3200,3178],[3200,3179],[3200,3180],[3200,3181],[3200,3182],[3200,3183],[3200,3184],[3200,3185],[3200,3186],[3200,3187],[3200,3188],[3200,3189],[3200,3190],[3200,3191],[3200,3192],[3200,3193],[3200,3194],[3200,3195],[3200,3196],[3200,3197],[3200,3198],[3200,3199],[3200,3200],[3201,3200],[3202,3200],[3203,3200],[3204,3200],[3205,3200],[3206,3200],[3207,3200],[3208,3200],[3209,3200],[3210,3200],[3211,3200],[3212,3200],[3213,3200],[3214,3200],[3215,3200],[3216,3200],[3217,3200],[3218,3200],[3219,3200],[3220,3200],[3221,3200],[3222,3200],[3223,3200],[3224,3200],[3225,3200],[3226,3200],[3227,3200],[3228,3200],[3229,3200],[3230,3200],[3231,3200],[3232,3200],[3233,3200],[3234,3200],[3235,3200],[3236,3200],[3237,3200],[3238,3200],[3239,3200],[3240,3200],[3241,3200],[3242,3200],[3243,3200],[3244,3200],[3245,3200],[3246,3200],[3247,3200],[3248,3200],[3249,3200],[3250,3200],[3251,3200],[3252,3200],[3253,3200],[3254,3200],[3255,3200],[3256,3200],[3257,3200],[3258,3200],[3259,3200],[3260,3200],[3260,3199],[3260,3198],[3260,3197],[3260,3196],[3260,3195],[3260,3194],[3260,3193],[3260,3192],[3260,3191],[3260,3190],[3260,3189],[3259,3189],[3259,3188],[3259,3187],[3259,3186],[3258,3186],[3257,3186],[3256,3186],[3255,3186],[3255,3185],[3255,3184],[3255,3183],[3255,3182],[3255,3181],[3254,3181],[3254,3180],[3254,3179],[3254,3178],[3254,3177],[3253,3177],[3253,3176],[3253,3175],[3252,3175],[3251,3175],[3251,3174],[3251,3173],[3251,3172],[3250,3172],[3250,3171],[3250,3170],[3250,3169],[3250,3168],[3250,3167],[3250,3166],[3250,3165],[3250,3164],[3250,3163],[3250,3162],[3250,3161],[3250,3160],[3250,3159],[3250,3158],[3250,3157],[3250,3156],[3250,3155],[3250,3154],[3250,3153],[3250,3152],[3250,3151],[3250,3150],[3250,3149],[3250,3148],[3250,3147],[3250,3146],[3250,3145],[3250,3144],[3250,3143],[3250,3142],[3250,3141],[3250,3140],[3249,3140],[3249,3139],[3248,3139],[3248,3138],[3248,3137],[3247,3137],[3246,3137],[3245,3137],[3244,3137],[3244,3136],[3243,3136],[3242,3136],[3241,3136],[3240,3136],[3239,3136],[3238,3136],[3237,3136],[3236,3136],[3235,3136],[3234,3136],[3233,3136],[3232,3136],[3231,3136],[3230,3136],[3229,3136],[3228,3136],[3227,3136],[3226,3136],[3225,3136],[3224,3136],[3223,3136],[3222,3136],[3221,3136],[3220,3136],[3219,3136],[3218,3136],[3217,3136],[3216,3136],[3215,3136],[3214,3136],[3213,3136],[3212,3136],[3211,3136],[3210,3136],[3209,3136],[3208,3136],[3207,3136],[3206,3136],[3205,3136],[3204,3136],[3203,3136],[3202,3136],[3201,3136],[3200,3136]]],[[[3200,3200],[3201,3200],[3202,3200],[3203,3200],[3204,3200],[3205,3200],[3206,3200],[3207,3200],[3208,3200],[3209,3200],[3210,3200],[3211,3200],[3212,3200],[3213,3200],[3214,3200],[3215,3200],[3216,3200],[3217,3200],[3218,3200],[3219,3200],[3220,3200],[3221,3200],[3222,3200],[3223,3200],[3224,3200],[3225,3200],[3226,3200],[3227,3200],[3228,3200],[3229,3200],[3230,3200],[3231,3200],[3232,3200],[3233,3200],[3234,3200],[3235,3200],[3236,3200],[3237,3200],[3238,3200],[3239,3200],[3240,3200],[3241,3200],[3242,3200],[3243,3200],[3244,3200],[3245,3200],[3246,3200],[3247,3200],[3248,3200],[3249,3200],[3250,3200],[3251,3200],[3252,3200],[3253,3200],[3254,3200],[3255,3200],[3256,3200],[3257,3200],[3258,3200],[3259,3200],[3260,3200],[3261,3200],[3262,3200],[3263,3200],[3264,3200],[3264,3201],[3264,3202],[3264,3203],[3264,3204],[3264,3205],[3264,3206],[3264,3207],[3264,3208],[3264,3209],[3264,3210],[3264,3211],[3264,3212],[3264,3213],[3264,3214],[3264,3215],[3264,3216],[3264,3217],[3264,3218],[3264,3219],[3264,3220],[3264,3221],[3264,3222],[3264,3223],[3264,3224],[3264,3225],[3264,3226],[3264,3227],[3264,3228],[3264,3229],[3264,3230],[3264,3231],[3264,3232],[3264,3233],[3264,3234],[3264,3235],[3264,3236],[3264,3237],[3264,3238],[3264,3239],[3264,3240],[3264,3241],[3264,3242],[3264,3243],[3264,3244],[3264,3245],[3264,3246],[3264,3247],[3264,3248],[3264,3249],[3264,3250],[3264,3251],[3264,3252],[3264,3253],[3264,3254],[3264,3255],[3264,3256],[3264,3257],[3264,3258],[3264,3259],[3264,3260],[3264,3261],[3264,3262],[3264,3263],[3264,3264],[3263,3264],[3262,3264],[3261,3264],[3260,3264],[3259,3264],[3258,3264],[3257,3264],[3256,3264],[3255,3264],[3254,3264],[3253,3264],[3252,3264],[3251,3264],[3250,3264],[3249,3264],[3248,3264],[3247,3264],[3246,3264],[3245,3264],[3244,3264],[3243,3264],[3242,3264],[3241,3264],[3240,3264],[3239,3264],[3238,3264],[3237,3264],[3236,3264],[3235,3264],[3234,3264],[3233,3264],[3232,3264],[3231,3264],[3230,3264],[3229,3264],[3228,3264],[3227,3264],[3226,3264],[3225,3264],[3224,3264],[3223,3264],[3222,3264],[3221,3264],[3220,3264],[3219,3264],[3218,3264],[3217,3264],[3216,3264],[3215,3264],[3214,3264],[3213,3264],[3212,3264],[3211,3264],[3210,3264],[3209,3264],[3208,3264],[3207,3264],[3206,3264],[3205,3264],[3204,3264],[3203,3264],[3202,3264],[3201,3264],[3200,3264],[3200,3263],[3200,3262],[3200,3261],[3200,3260],[3200,3259],[3200,3258],[3200,3257],[3200,3256],[3200,3255],[3200,3254],[3200,3253],[3200,3252],[3200,3251],[3200,3250],[3200,3249],[3200,3248],[3200,3247],[3200,3246],[3200,3245],[3200,3244],[3200,3243],[3200,3242],[3200,3241],[3200,3240],[3200,3239],[3200,3238],[3200,3237],[3200,3236],[3200,3235],[3200,3234],[3200,3233],[3200,3232],[3200,3231],[3200,3230],[3200,3229],[3200,3228],[3200,3227],[3200,3226],[3200,3225],[3200,3224],[3200,3223],[3200,3222],[3200,3221],[3200,3220],[3200,3219],[3200,3218],[3200,3217],[3200,3216],[3200,3215],[3200,3214],[3200,3213],[3200,3212],[3200,3211],[3200,3210],[3200,3209],[3200,3208],[3200,3207],[3200,3206],[3200,3205],[3200,3204],[3200,3203],[3200,3202],[3200,3201],[3200,3200]]],[[[3200,3200],[3200,3201],[3200,3202],[3200,3203],[3200,3204],[3200,3205],[3200,3206],[3200,3207],[3200,3208],[3200,3209],[3200,3210],[3200,3211],[3200,3212],[3200,3213],[3200,3214],[3200,3215],[3200,3216],[3200,3217],[3200,3218],[3200,3219],[3200,3220],[3200,3221],[3200,3222],[3200,3223],[3200,3224],[3200,3225],[3200,3226],[3200,3227],[3200,3228],[3200,3229],[3200,3230],[3200,3231],[3200,3232],[3200,3233],[3200,3234],[3200,3235],[3200,3236],[3200,3237],[3200,3238],[3200,3239],[3200,3240],[3200,3241],[3200,3242],[3200,3243],[3200,3244],[3200,3245],[3200,3246],[3200,3247],[3200,3248],[3200,3249],[3200,3250],[3200,3251],[3200,3252],[3200,3253],[3200,3254],[3200,3255],[3200,3256],[3200,3257],[3200,3258],[3200,3259],[3200,3260],[3200,3261],[3200,3262],[3200,3263],[3200,3264],[3201,3264],[3202,3264],[3203,3264],[3204,3264],[3205,3264],[3206,3264],[3207,3264],[3208,3264],[3209,3264],[3210,3264],[3211,3264],[3212,3264],[3213,3264],[3214,3264],[3215,3264],[3216,3264],[3217,3264],[3218,3264],[3219,3264],[3220,3264],[3221,3264],[3222,3264],[3223,3264],[3224,3264],[3225,3264],[3226,3264],[3227,3264],[3228,3264],[3229,3264],[3230,3264],[3231,3264],[3232,3264],[3233,3264],[3234,3264],[3235,3264],[3236,3264],[3237,3264],[3238,3264],[3239,3264],[3240,3264],[3241,3264],[3242,3264],[3243,3264],[3244,3264],[3245,3264],[3246,3264],[3247,3264],[3248,3264],[3249,3264],[3250,3264],[3251,3264],[3252,3264],[3253,3264],[3254,3264],[3255,3264],[3256,3264],[3257,3264],[3258,3264],[3259,3264],[3260,3264],[3261,3264],[3262,3264],[3263,3264],[3264,3264],[3264,3263],[3264,3262],[3264,3261],[3264,3260],[3264,3259],[3264,3258],[3264,3257],[3264,3256],[3264,3255],[3264,3254],[3264,3253],[3264,3252],[3264,3251],[3264,3250],[3264,3249],[3264,3248],[3264,3247],[3264,3246],[3264,3245],[3264,3244],[3264,3243],[3264,3242],[3264,3241],[3264,3240],[3264,3239],[3264,3238],[3264,3237],[3264,3236],[3264,3235],[3264,3234],[3264,3233],[3264,3232],[3264,3231],[3264,3230],[3264,3229],[3264,3228],[3264,3227],[3264,3226],[3264,3225],[3264,3224],[3264,3223],[3264,3222],[3264,3221],[3264,3220],[3264,3219],[3264,3218],[3264,3217],[3264,3216],[3264,3215],[3264,3214],[3264,3213],[3264,3212],[3264,3211],[3264,3210],[3264,3209],[3264,3208],[3264,3207],[3264,3206],[3264,3205],[3264,3204],[3264,3203],[3264,3202],[3264,3201],[3264,3200],[3263,3200],[3262,3200],[3261,3200],[3260,3200],[3259,3200],[3258,3200],[3257,3200],[3256,3200],[3255,3200],[3254,3200],[3253,3200],[3252,3200],[3251,3200],[3250,3200],[3249,3200],[3248,3200],[3247,3200],[3246,3200],[3245,3200],[3244,3200],[3243,3200],[3242,3200],[3241,3200],[3240,3200],[3239,3200],[3238,3200],[3237,3200],[3236,3200],[3235,3200],[3234,3200],[3233,3200],[3232,3200],[3231,3200],[3230,3200],[3229,3200],[3228,3200],[3227,3200],[3226,3200],[3225,3200],[3224,3200],[3223,3200],[3222,3200],[3221,3200],[3220,3200],[3219,3200],[3218,3200],[3217,3200],[3216,3200],[3215,3200],[3214,3200],[3213,3200],[3212,3200],[3211,3200],[3210,3200],[3209,3200],[3208,3200],[3207,3200],[3206,3200],[3205,3200],[3204,3200],[3203,3200],[3202,3200],[3201,3200],[3200,3200]]],[[[3200,3264],[3201,3264],[3202,3264],[3203,3264],[3204,3264],[3205,3264],[3206,3264],[3207,3264],[3208,3264],[3209,3264],[3210,3264],[3211,3264],[3212,3264],[3213,3264],[3214,3264],[3215,3264],[3216,3264],[3217,3264],[3218,3264],[3219,3264],[3220,3264],[3221,3264],[3222,3264],[3223,3264],[3224,3264],[3225,3264],[3226,3264],[3227,3264],[3228,3264],[3229,3264],[3230,3264],[3231,3264],[3232,3264],[3233,3264],[3234,3264],[3235,3264],[3236,3264],[3237,3264],[3238,3264],[3239,3264],[3240,3264],[3241,3264],[3242,3264],[3243,3264],[3244,3264],[3245,3264],[3246,3264],[3247,3264],[3248,3264],[3249,3264],[3250,3264],[3251,3264],[3252,3264],[3253,3264],[3254,3264],[3255,3264],[3256,3264],[3257,3264],[3258,3264],[3259,3264],[3260,3264],[3261,3264],[3262,3264],[3263,3264],[3264,3264],[3264,3265],[3264,3266],[3264,3267],[3264,3268],[3264,3269],[3264,3270],[3264,3271],[3264,3272],[3264,3273],[3264,3274],[3264,3275],[3264,3276],[3264,3277],[3264,3278],[3264,3279],[3264,3280],[3264,3281],[3264,3282],[3264,3283],[3264,3284],[3264,3285],[3264,3286],[3264,3287],[3264,3288],[3264,3289],[3264,3290],[3264,3291],[3264,3292],[3264,3293],[3264,3294],[3264,3295],[3264,3296],[3264,3297],[3264,3298],[3264,3299],[3264,3300],[3264,3301],[3264,3302],[3264,3303],[3264,3304],[3264,3305],[3264,3306],[3264,3307],[3264,3308],[3264,3309],[3264,3310],[3264,3311],[3264,3312],[3264,3313],[3264,3314],[3264,3315],[3264,3316],[3264,3317],[3264,3318],[3264,3319],[3264,3320],[3264,3321],[3264,3322],[3264,3323],[3264,3324],[3264,3325],[3264,3326],[3264,3327],[3264,3328],[3263,3328],[3262,3328],[3261,3328],[3260,3328],[3259,3328],[3258,3328],[3257,3328],[3256,3328],[3255,3328],[3254,3328],[3253,3328],[3252,3328],[3251,3328],[3250,3328],[3249,3328],[3248,3328],[3247,3328],[3246,3328],[3245,3328],[3244,3328],[3243,3328],[3242,3328],[3241,3328],[3240,3328],[3239,3328],[3238,3328],[3237,3328],[3236,3328],[3235,3328],[3234,3328],[3233,3328],[3232,3328],[3231,3328],[3230,3328],[3229,3328],[3228,3328],[3227,3328],[3226,3328],[3225,3328],[3224,3328],[3223,3328],[3222,3328],[3221,3328],[3220,3328],[3219,3328],[3218,3328],[3217,3328],[3216,3328],[3215,3328],[3214,3328],[3213,3328],[3212,3328],[3211,3328],[3210,3328],[3209,3328],[3208,3328],[3207,3328],[3206,3328],[3205,3328],[3204,3328],[3203,3328],[3202,3328],[3201,3328],[3200,3328],[3200,3327],[3200,3326],[3200,3325],[3200,3324],[3200,3323],[3200,3322],[3200,3321],[3200,3320],[3200,3319],[3200,3318],[3200,3317],[3200,3316],[3200,3315],[3200,3314],[3200,3313],[3200,3312],[3200,3311],[3200,3310],[3200,3309],[3200,3308],[3200,3307],[3200,3306],[3200,3305],[3200,3304],[3200,3303],[3200,3302],[3200,3301],[3200,3300],[3200,3299],[3200,3298],[3200,3297],[3200,3296],[3200,3295],[3200,3294],[3200,3293],[3200,3292],[3200,3291],[3200,3290],[3200,3289],[3200,3288],[3200,3287],[3200,3286],[3200,3285],[3200,3284],[3200,3283],[3200,3282],[3200,3281],[3200,3280],[3200,3279],[3200,3278],[3200,3277],[3200,3276],[3200,3275],[3200,3274],[3200,3273],[3200,3272],[3200,3271],[3200,3270],[3200,3269],[3200,3268],[3200,3267],[3200,3266],[3200,3265],[3200,3264]]],[[[3200,3264],[3200,3265],[3200,3266],[3200,3267],[3200,3268],[3200,3269],[3200,3270],[3200,3271],[3200,3272],[3200,3273],[3200,3274],[3200,3275],[3200,3276],[3200,3277],[3200,3278],[3200,3279],[3200,3280],[3200,3281],[3200,3282],[3200,3283],[3200,3284],[3200,3285],[3200,3286],[3200,3287],[3200,3288],[3200,3289],[3200,3290],[3200,3291],[3200,3292],[3200,3293],[3200,3294],[3200,3295],[3200,3296],[3200,3297],[3200,3298],[3200,3299],[3200,3300],[3200,3301],[3200,3302],[3200,3303],[3200,3304],[3200,3305],[3200,3306],[3200,3307],[3200,3308],[3200,3309],[3200,3310],[3200,3311],[3200,3312],[3200,3313],[3200,3314],[3200,3315],[3200,3316],[3200,3317],[3200,3318],[3200,3319],[3200,3320],[3200,3321],[3200,3322],[3200,3323],[3200,3324],[3200,3325],[3200,3326],[3200,3327],[3200,3328],[3201,3328],[3202,3328],[3203,3328],[3204,3328],[3205,3328],[3206,3328],[3207,3328],[3208,3328],[3209,3328],[3210,3328],[3211,3328],[3212,3328],[3213,3328],[3214,3328],[3215,3328],[3216,3328],[3217,3328],[3218,3328],[3219,3328],[3220,3328],[3221,3328],[3222,3328],[3223,3328],[3224,3328],[3225,3328],[3226,3328],[3227,3328],[3228,3328],[3229,3328],[3230,3328],[3231,3328],[3232,3328],[3233,3328],[3234,3328],[3235,3328],[3236,3328],[3237,3328],[3238,3328],[3239,3328],[3240,3328],[3241,3328],[3242,3328],[3243,3328],[3244,3328],[3245,3328],[3246,3328],[3247,3328],[3248,3328],[3249,3328],[3250,3328],[3251,3328],[3252,3328],[3253,3328],[3254,3328],[3255,3328],[3256,3328],[3257,3328],[3258,3328],[3259,3328],[3260,3328],[3261,3328],[3262,3328],[3263,3328],[3264,3328],[3264,3327],[3264,3326],[3264,3325],[3264,3324],[3264,3323],[3264,3322],[3264,3321],[3264,3320],[3264,3319],[3264,3318],[3264,3317],[3264,3316],[3264,3315],[3264,3314],[3264,3313],[3264,3312],[3264,3311],[3264,3310],[3264,3309],[3264,3308],[3264,3307],[3264,3306],[3264,3305],[3264,3304],[3264,3303],[3264,3302],[3264,3301],[3264,3300],[3264,3299],[3264,3298],[3264,3297],[3264,3296],[3264,3295],[3264,3294],[3264,3293],[3264,3292],[3264,3291],[3264,3290],[3264,3289],[3264,3288],[3264,3287],[3264,3286],[3264,3285],[3264,3284],[3264,3283],[3264,3282],[3264,3281],[3264,3280],[3264,3279],[3264,3278],[3264,3277],[3264,3276],[3264,3275],[3264,3274],[3264,3273],[3264,3272],[3264,3271],[3264,3270],[3264,3269],[3264,3268],[3264,3267],[3264,3266],[3264,3265],[3264,3264],[3263,3264],[3262,3264],[3261,3264],[3260,3264],[3259,3264],[3258,3264],[3257,3264],[3256,3264],[3255,3264],[3254,3264],[3253,3264],[3252,3264],[3251,3264],[3250,3264],[3249,3264],[3248,3264],[3247,3264],[3246,3264],[3245,3264],[3244,3264],[3243,3264],[3242,3264],[3241,3264],[3240,3264],[3239,3264],[3238,3264],[3237,3264],[3236,3264],[3235,3264],[3234,3264],[3233,3264],[3232,3264],[3231,3264],[3230,3264],[3229,3264],[3228,3264],[3227,3264],[3226,3264],[3225,3264],[3224,3264],[3223,3264],[3222,3264],[3221,3264],[3220,3264],[3219,3264],[3218,3264],[3217,3264],[3216,3264],[3215,3264],[3214,3264],[3213,3264],[3212,3264],[3211,3264],[3210,3264],[3209,3264],[3208,3264],[3207,3264],[3206,3264],[3205,3264],[3204,3264],[3203,3264],[3202,3264],[3201,3264],[3200,3264]]],[[[3200,3328],[3201,3328],[3202,3328],[3203,3328],[3204,3328],[3205,3328],[3206,3328],[3207,3328],[3208,3328],[3209,3328],[3210,3328],[3211,3328],[3212,3328],[3213,3328],[3214,3328],[3215,3328],[3216,3328],[3217,3328],[3218,3328],[3219,3328],[3220,3328],[3221,3328],[3222,3328],[3223,3328],[3224,3328],[3225,3328],[3226,3328],[3227,3328],[3228,3328],[3229,3328],[3230,3328],[3231,3328],[3232,3328],[3233,3328],[3234,3328],[3235,3328],[3236,3328],[3237,3328],[3238,3328],[3239,3328],[3240,3328],[3241,3328],[3242,3328],[3243,3328],[3244,3328],[3245,3328],[3246,3328],[3247,3328],[3248,3328],[3249,3328],[3250,3328],[3251,3328],[3252,3328],[3253,3328],[3254,3328],[3255,3328],[3256,3328],[3257,3328],[3258,3328],[3259,3328],[3260,3328],[3261,3328],[3262,3328],[3263,3328],[3264,3328],[3264,3329],[3264,3330],[3264,3331],[3264,3332],[3264,3333],[3264,3334],[3264,3335],[3264,3336],[3264,3337],[3264,3338],[3264,3339],[3264,3340],[3264,3341],[3264,3342],[3264,3343],[3264,3344],[3264,3345],[3264,3346],[3264,3347],[3264,3348],[3264,3349],[3264,3350],[3264,3351],[3264,3352],[3264,3353],[3264,3354],[3264,3355],[3264,3356],[3264,3357],[3264,3358],[3264,3359],[3264,3360],[3264,3361],[3264,3362],[3264,3363],[3264,3364],[3264,3365],[3264,3366],[3264,3367],[3264,3368],[3264,3369],[3264,3370],[3264,3371],[3264,3372],[3264,3373],[3264,3374],[3264,3375],[3264,3376],[3264,3377],[3264,3378],[3264,3379],[3264,3380],[3264,3381],[3264,3382],[3264,3383],[3264,3384],[3264,3385],[3264,3386],[3264,3387],[3264,3388],[3264,3389],[3264,3390],[3264,3391],[3264,3392],[3263,3392],[3262,3392],[3261,3392],[3260,3392],[3259,3392],[3258,3392],[3257,3392],[3256,3392],[3255,3392],[3254,3392],[3253,3392],[3252,3392],[3251,3392],[3250,3392],[3249,3392],[3248,3392],[3247,3392],[3246,3392],[3245,3392],[3244,3392],[3243,3392],[3242,3392],[3241,3392],[3240,3392],[3239,3392],[3238,3392],[3237,3392],[3236,3392],[3235,3392],[3234,3392],[3233,3392],[3232,3392],[3231,3392],[3230,3392],[3229,3392],[3228,3392],[3227,3392],[3226,3392],[3225,3392],[3224,3392],[3223,3392],[3222,3392],[3221,3392],[3220,3392],[3219,3392],[3218,3392],[3217,3392],[3216,3392],[3215,3392],[3214,3392],[3213,3392],[3212,3392],[3211,3392],[3210,3392],[3209,3392],[3208,3392],[3207,3392],[3206,3392],[3205,3392],[3204,3392],[3203,3392],[3202,3392],[3201,3392],[3200,3392],[3200,3391],[3200,3390],[3200,3389],[3200,3388],[3200,3387],[3200,3386],[3200,3385],[3200,3384],[3200,3383],[3200,3382],[3200,3381],[3200,3380],[3200,3379],[3200,3378],[3200,3377],[3200,3376],[3200,3375],[3200,3374],[3200,3373],[3200,3372],[3200,3371],[3200,3370],[3200,3369],[3200,3368],[3200,3367],[3200,3366],[3200,3365],[3200,3364],[3200,3363],[3200,3362],[3200,3361],[3200,3360],[3200,3359],[3200,3358],[3200,3357],[3200,3356],[3200,3355],[3200,3354],[3200,3353],[3200,3352],[3200,3351],[3200,3350],[3200,3349],[3200,3348],[3200,3347],[3200,3346],[3200,3345],[3200,3344],[3200,3343],[3200,3342],[3200,3341],[3200,3340],[3200,3339],[3200,3338],[3200,3337],[3200,3336],[3200,3335],[3200,3334],[3200,3333],[3200,3332],[3200,3331],[3200,3330],[3200,3329],[3200,3328]]],[[[3200,3328],[3200,3329],[3200,3330],[3200,3331],[3200,3332],[3200,3333],[3200,3334],[3200,3335],[3200,3336],[3200,3337],[3200,3338],[3200,3339],[3200,3340],[3200,3341],[3200,3342],[3200,3343],[3200,3344],[3200,3345],[3200,3346],[3200,3347],[3200,3348],[3200,3349],[3200,3350],[3200,3351],[3200,3352],[3200,3353],[3200,3354],[3200,3355],[3200,3356],[3200,3357],[3200,3358],[3200,3359],[3200,3360],[3200,3361],[3200,3362],[3200,3363],[3200,3364],[3200,3365],[3200,3366],[3200,3367],[3200,3368],[3200,3369],[3200,3370],[3200,3371],[3200,3372],[3200,3373],[3200,3374],[3200,3375],[3200,3376],[3200,3377],[3200,3378],[3200,3379],[3200,3380],[3200,3381],[3200,3382],[3200,3383],[3200,3384],[3200,3385],[3200,3386],[3200,3387],[3200,3388],[3200,3389],[3200,3390],[3200,3391],[3200,3392],[3201,3392],[3202,3392],[3203,3392],[3204,3392],[3205,3392],[3206,3392],[3207,3392],[3208,3392],[3209,3392],[3210,3392],[3211,3392],[3212,3392],[3213,3392],[3214,3392],[3215,3392],[3216,3392],[3217,3392],[3218,3392],[3219,3392],[3220,3392],[3221,3392],[3222,3392],[3223,3392],[3224,3392],[3225,3392],[3226,3392],[3227,3392],[3228,3392],[3229,3392],[3230,3392],[3231,3392],[3232,3392],[3233,3392],[3234,3392],[3235,3392],[3236,3392],[3237,3392],[3238,3392],[3239,3392],[3240,3392],[3241,3392],[3242,3392],[3243,3392],[3244,3392],[3245,3392],[3246,3392],[3247,3392],[3248,3392],[3249,3392],[3250,3392],[3251,3392],[3252,3392],[3253,3392],[3254,3392],[3255,3392],[3256,3392],[3257,3392],[3258,3392],[3259,3392],[3260,3392],[3261,3392],[3262,3392],[3263,3392],[3264,3392],[3264,3391],[3264,3390],[3264,3389],[3264,3388],[3264,3387],[3264,3386],[3264,3385],[3264,3384],[3264,3383],[3264,3382],[3264,3381],[3264,3380],[3264,3379],[3264,3378],[3264,3377],[3264,3376],[3264,3375],[3264,3374],[3264,3373],[3264,3372],[3264,3371],[3264,3370],[3264,3369],[3264,3368],[3264,3367],[3264,3366],[3264,3365],[3264,3364],[3264,3363],[3264,3362],[3264,3361],[3264,3360],[3264,3359],[3264,3358],[3264,3357],[3264,3356],[3264,3355],[3264,3354],[3264,3353],[3264,3352],[3264,3351],[3264,3350],[3264,3349],[3264,3348],[3264,3347],[3264,3346],[3264,3345],[3264,3344],[3264,3343],[3264,3342],[3264,3341],[3264,3340],[3264,3339],[3264,3338],[3264,3337],[3264,3336],[3264,3335],[3264,3334],[3264,3333],[3264,3332],[3264,3331],[3264,3330],[3264,3329],[3264,3328],[3263,3328],[3262,3328],[3261,3328],[3260,3328],[3259,3328],[3258,3328],[3257,3328],[3256,3328],[3255,3328],[3254,3328],[3253,3328],[3252,3328],[3251,3328],[3250,3328],[3249,3328],[3248,3328],[3247,3328],[3246,3328],[3245,3328],[3244,3328],[3243,3328],[3242,3328],[3241,3328],[3240,3328],[3239,3328],[3238,3328],[3237,3328],[3236,3328],[3235,3328],[3234,3328],[3233,3328],[3232,3328],[3231,3328],[3230,3328],[3229,3328],[3228,3328],[3227,3328],[3226,3328],[3225,3328],[3224,3328],[3223,3328],[3222,3328],[3221,3328],[3220,3328],[3219,3328],[3218,3328],[3217,3328],[3216,3328],[3215,3328],[3214,3328],[3213,3328],[3212,3328],[3211,3328],[3210,3328],[3209,3328],[3208,3328],[3207,3328],[3206,3328],[3205,3328],[3204,3328],[3203,3328],[3202,3328],[3201,3328],[3200,3328]]],[[[3264,3202],[3265,3202],[3265,3203],[3266,3203],[3266,3204],[3267,3204],[3267,3205],[3267,3206],[3267,3207],[3267,3208],[3267,3209],[3267,3210],[3267,3211],[3267,3212],[3267,3213],[3267,3214],[3267,3215],[3267,3216],[3267,3217],[3267,3218],[3267,3219],[3267,3220],[3267,3221],[3267,3222],[3267,3223],[3268,3223],[3268,3224],[3268,3225],[3268,3226],[3268,3227],[3268,3228],[3268,3229],[3268,3230],[3268,3231],[3268,3232],[3268,3233],[3267,3233],[3267,3234],[3267,3235],[3267,3236],[3267,3237],[3267,3238],[3267,3239],[3267,3240],[3266,3240],[3266,3241],[3266,3242],[3266,3243],[3266,3244],[3266,3245],[3266,3246],[3266,3247],[3266,3248],[3265,3248],[3265,3249],[3265,3250],[3265,3251],[3265,3252],[3265,3253],[3265,3254],[3265,3255],[3266,3255],[3266,3256],[3266,3257],[3266,3258],[3266,3259],[3266,3260],[3266,3261],[3266,3262],[3266,3263],[3266,3264],[3265,3264],[3264,3264],[3264,3263],[3264,3262],[3264,3261],[3264,3260],[3264,3259],[3264,3258],[3264,3257],[3264,3256],[3264,3255],[3264,3254],[3264,3253],[3264,3252],[3264,3251],[3264,3250],[3264,3249],[3264,3248],[3264,3247],[3264,3246],[3264,3245],[3264,3244],[3264,3243],[3264,3242],[3264,3241],[3264,3240],[3264,3239],[3264,3238],[3264,3237],[3264,3236],[3264,3235],[3264,3234],[3264,3233],[3264,3232],[3264,3231],[3264,3230],[3264,3229],[3264,3228],[3264,3227],[3264,3226],[3264,3225],[3264,3224],[3264,3223],[3264,3222],[3264,3221],[3264,3220],[3264,3219],[3264,3218],[3264,3217],[3264,3216],[3264,3215],[3264,3214],[3264,3213],[3264,3212],[3264,3211],[3264,3210],[3264,3209],[3264,3208],[3264,3207],[3264,3206],[3264,3205],[3264,3204],[3264,3203],[3264,3202]]],[[[3264,3202],[3264,3203],[3264,3204],[3264,3205],[3264,3206],[3264,3207],[3264,3208],[3264,3209],[3264,3210],[3264,3211],[3264,3212],[3264,3213],[3264,3214],[3264,3215],[3264,3216],[3264,3217],[3264,3218],[3264,3219],[3264,3220],[3264,3221],[3264,3222],[3264,3223],[3264,3224],[3264,3225],[3264,3226],[3264,3227],[3264,3228],[3264,3229],[3264,3230],[3264,3231],[3264,3232],[3264,3233],[3264,3234],[3264,3235],[3264,3236],[3264,3237],[3264,3238],[3264,3239],[3264,3240],[3264,3241],[3264,3242],[3264,3243],[3264,3244],[3264,3245],[3264,3246],[3264,3247],[3264,3248],[3264,3249],[3264,3250],[3264,3251],[3264,3252],[3264,3253],[3264,3254],[3264,3255],[3264,3256],[3264,3257],[3264,3258],[3264,3259],[3264,3260],[3264,3261],[3264,3262],[3264,3263],[3264,3264],[3265,3264],[3266,3264],[3266,3263],[3266,3262],[3266,3261],[3266,3260],[3266,3259],[3266,3258],[3266,3257],[3266,3256],[3266,3255],[3265,3255],[3265,3254],[3265,3253],[3265,3252],[3265,3251],[3265,3250],[3265,3249],[3265,3248],[3266,3248],[3266,3247],[3266,3246],[3266,3245],[3266,3244],[3266,3243],[3266,3242],[3266,3241],[3266,3240],[3267,3240],[3267,3239],[3267,3238],[3267,3237],[3267,3236],[3267,3235],[3267,3234],[3267,3233],[3268,3233],[3268,3232],[3268,3231],[3268,3230],[3268,3229],[3268,3228],[3268,3227],[3268,3226],[3268,3225],[3268,3224],[3268,3223],[3267,3223],[3267,3222],[3267,3221],[3267,3220],[3267,3219],[3267,3218],[3267,3217],[3267,3216],[3267,3215],[3267,3214],[3267,3213],[3267,3212],[3267,3211],[3267,3210],[3267,3209],[3267,3208],[3267,3207],[3267,3206],[3267,3205],[3267,3204],[3266,3204],[3266,3203],[3265,3203],[3265,3202],[3264,3202]]],[[[3264,3264],[3265,3264],[3266,3264],[3266,3265],[3266,3266],[3266,3267],[3266,3268],[3266,3269],[3266,3270],[3266,3271],[3266,3272],[3266,3273],[3266,3274],[3266,3275],[3266,3276],[3266,3277],[3266,3278],[3266,3279],[3266,3280],[3266,3281],[3266,3282],[3266,3283],[3266,3284],[3266,3285],[3266,3286],[3266,3287],[3266,3288],[3266,3289],[3266,3290],[3266,3291],[3266,3292],[3266,3293],[3266,3294],[3266,3295],[3267,3295],[3267,3296],[3268,3296],[3268,3297],[3268,3298],[3268,3299],[3268,3300],[3268,3301],[3267,3301],[3267,3302],[3267,3303],[3267,3304],[3267,3305],[3267,3306],[3267,3307],[3267,3308],[3267,3309],[3267,3310],[3267,3311],[3267,3312],[3267,3313],[3267,3314],[3267,3315],[3267,3316],[3267,3317],[3267,3318],[3267,3319],[3267,3320],[3267,3321],[3267,3322],[3268,3322],[3268,3323],[3269,3323],[3269,3324],[3270,3324],[3270,3325],[3271,3325],[3271,3326],[3271,3327],[3271,3328],[3270,3328],[3269,3328],[3268,3328],[3267,3328],[3266,3328],[3265,3328],[3264,3328],[3264,3327],[3264,3326],[3264,3325],[3264,3324],[3264,3323],[3264,3322],[3264,3321],[3264,3320],[3264,3319],[3264,3318],[3264,3317],[3264,3316],[3264,3315],[3264,3314],[3264,3313],[3264,3312],[3264,3311],[3264,3310],[3264,3309],[3264,3308],[3264,3307],[3264,3306],[3264,3305],[3264,3304],[3264,3303],[3264,3302],[3264,3301],[3264,3300],[3264,3299],[3264,3298],[3264,3297],[3264,3296],[3264,3295],[3264,3294],[3264,3293],[3264,3292],[3264,3291],[3264,3290],[3264,3289],[3264,3288],[3264,3287],[3264,3286],[3264,3285],[3264,3284],[3264,3283],[3264,3282],[3264,3281],[3264,3280],[3264,3279],[3264,3278],[3264,3277],[3264,3276],[3264,3275],[3264,3274],[3264,3273],[3264,3272],[3264,3271],[3264,3270],[3264,3269],[3264,3268],[3264,3267],[3264,3266],[3264,3265],[3264,3264]]],[[[3264,3264],[3264,3265],[3264,3266],[3264,3267],[3264,3268],[3264,3269],[3264,3270],[3264,3271],[3264,3272],[3264,3273],[3264,3274],[3264,3275],[3264,3276],[3264,3277],[3264,3278],[3264,3279],[3264,3280],[3264,3281],[3264,3282],[3264,3283],[3264,3284],[3264,3285],[3264,3286],[3264,3287],[3264,3288],[3264,3289],[3264,3290],[3264,3291],[3264,3292],[3264,3293],[3264,3294],[3264,3295],[3264,3296],[3264,3297],[3264,3298],[3264,3299],[3264,3300],[3264,3301],[3264,3302],[3264,3303],[3264,3304],[3264,3305],[3264,3306],[3264,3307],[3264,3308],[3264,3309],[3264,3310],[3264,3311],[3264,3312],[3264,3313],[3264,3314],[3264,3315],[3264,3316],[3264,3317],[3264,3318],[3264,3319],[3264,3320],[3264,3321],[3264,3322],[3264,3323],[3264,3324],[3264,3325],[3264,3326],[3264,3327],[3264,3328],[3265,3328],[3266,3328],[3267,3328],[3268,3328],[3269,3328],[3270,3328],[3271,3328],[3271,3327],[3271,3326],[3271,3325],[3270,3325],[3270,3324],[3269,3324],[3269,3323],[3268,3323],[3268,3322],[3267,3322],[3267,3321],[3267,3320],[3267,3319],[3267,3318],[3267,3317],[3267,3316],[3267,3315],[3267,3314],[3267,3313],[3267,3312],[3267,3311],[3267,3310],[3267,3309],[3267,3308],[3267,3307],[3267,3306],[3267,3305],[3267,3304],[3267,3303],[3267,3302],[3267,3301],[3268,3301],[3268,3300],[3268,3299],[3268,3298],[3268,3297],[3268,3296],[3267,3296],[3267,3295],[3266,3295],[3266,3294],[3266,3293],[3266,3292],[3266,3291],[3266,3290],[3266,3289],[3266,3288],[3266,3287],[3266,3286],[3266,3285],[3266,3284],[3266,3283],[3266,3282],[3266,3281],[3266,3280],[3266,3279],[3266,3278],[3266,3277],[3266,3276],[3266,3275],[3266,3274],[3266,3273],[3266,3272],[3266,3271],[3266,3270],[3266,3269],[3266,3268],[3266,3267],[3266,3266],[3266,3265],[3266,3264],[3265,3264],[3264,3264]]],[[[3264,3328],[3265,3328],[3266,3328],[3267,3328],[3268,3328],[3269,3328],[3270,3328],[3271,3328],[3271,3329],[3271,3330],[3272,3330],[3273,3330],[3274,3330],[3275,3330],[3276,3330],[3277,3330],[3278,3330],[3279,3330],[3280,3330],[3281,3330],[3282,3330],[3283,3330],[3284,3330],[3285,3330],[3286,3330],[3287,3330],[3288,3330],[3289,3330],[3290,3330],[3291,3330],[3292,3330],[3293,3330],[3294,3330],[3295,3330],[3296,3330],[3297,3330],[3298,3330],[3299,3330],[3300,3330],[3300,3331],[3301,3331],[3302,3331],[3303,3331],[3304,3331],[3305,3331],[3305,3330],[3306,3330],[3307,3330],[3308,3330],[3308,3329],[3309,3329],[3310,3329],[3311,3329],[3312,3329],[3313,3329],[3314,3329],[3315,3329],[3316,3329],[3316,3330],[3317,3330],[3318,3330],[3319,3330],[3319,3331],[3320,3331],[3321,3331],[3322,3331],[3323,3331],[3323,3330],[3324,3330],[3325,3330],[3326,3330],[3327,3330],[3328,3330],[3328,3331],[3328,3332],[3328,3333],[3328,3334],[3328,3335],[3328,3336],[3328,3337],[3328,3338],[3328,3339],[3328,3340],[3328,3341],[3328,3342],[3328,3343],[3328,3344],[3328,3345],[3328,3346],[3328,3347],[3328,3348],[3328,3349],[3328,3350],[3328,3351],[3328,3352],[3328,3353],[3328,3354],[3328,3355],[3328,3356],[3328,3357],[3328,3358],[3328,3359],[3328,3360],[3328,3361],[3328,3362],[3328,3363],[3328,3364],[3328,3365],[3328,3366],[3328,3367],[3328,3368],[3328,3369],[3328,3370],[3328,3371],[3328,3372],[3328,3373],[3328,3374],[3328,3375],[3328,3376],[3328,3377],[3328,3378],[3328,3379],[3328,3380],[3328,3381],[3328,3382],[3328,3383],[3328,3384],[3328,3385],[3328,3386],[3328,3387],[3328,3388],[3328,3389],[3328,3390],[3328,3391],[3328,3392],[3327,3392],[3326,3392],[3325,3392],[3324,3392],[3323,3392],[3322,3392],[3321,3392],[3320,3392],[3319,3392],[3318,3392],[3317,3392],[3316,3392],[3315,3392],[3314,3392],[3313,3392],[3312,3392],[3311,3392],[3310,3392],[3309,3392],[3308,3392],[3307,3392],[3306,3392],[3305,3392],[3304,3392],[3303,3392],[3302,3392],[3301,3392],[3300,3392],[3299,3392],[3298,3392],[3297,3392],[3296,3392],[3295,3392],[3294,3392],[3293,3392],[3292,3392],[3291,3392],[3290,3392],[3289,3392],[3288,3392],[3287,3392],[3286,3392],[3285,3392],[3284,3392],[3283,3392],[3282,3392],[3281,3392],[3280,3392],[3279,3392],[3278,3392],[3277,3392],[3276,3392],[3275,3392],[3274,3392],[3273,3392],[3272,3392],[3271,3392],[3270,3392],[3269,3392],[3268,3392],[3267,3392],[3266,3392],[3265,3392],[3264,3392],[3264,3391],[3264,3390],[3264,3389],[3264,3388],[3264,3387],[3264,3386],[3264,3385],[3264,3384],[3264,3383],[3264,3382],[3264,3381],[3264,3380],[3264,3379],[3264,3378],[3264,3377],[3264,3376],[3264,3375],[3264,3374],[3264,3373],[3264,3372],[3264,3371],[3264,3370],[3264,3369],[3264,3368],[3264,3367],[3264,3366],[3264,3365],[3264,3364],[3264,3363],[3264,3362],[3264,3361],[3264,3360],[3264,3359],[3264,3358],[3264,3357],[3264,3356],[3264,3355],[3264,3354],[3264,3353],[3264,3352],[3264,3351],[3264,3350],[3264,3349],[3264,3348],[3264,3347],[3264,3346],[3264,3345],[3264,3344],[3264,3343],[3264,3342],[3264,3341],[3264,3340],[3264,3339],[3264,3338],[3264,3337],[3264,3336],[3264,3335],[3264,3334],[3264,3333],[3264,3332],[3264,3331],[3264,3330],[3264,3329],[3264,3328]]],[[[3264,3328],[3264,3329],[3264,3330],[3264,3331],[3264,3332],[3264,3333],[3264,3334],[3264,3335],[3264,3336],[3264,3337],[3264,3338],[3264,3339],[3264,3340],[3264,3341],[3264,3342],[3264,3343],[3264,3344],[3264,3345],[3264,3346],[3264,3347],[3264,3348],[3264,3349],[3264,3350],[3264,3351],[3264,3352],[3264,3353],[3264,3354],[3264,3355],[3264,3356],[3264,3357],[3264,3358],[3264,3359],[3264,3360],[3264,3361],[3264,3362],[3264,3363],[3264,3364],[3264,3365],[3264,3366],[3264,3367],[3264,3368],[3264,3369],[3264,3370],[3264,3371],[3264,3372],[3264,3373],[3264,3374],[3264,3375],[3264,3376],[3264,3377],[3264,3378],[3264,3379],[3264,3380],[3264,3381],[3264,3382],[3264,3383],[3264,3384],[3264,3385],[3264,3386],[3264,3387],[3264,3388],[3264,3389],[3264,3390],[3264,3391],[3264,3392],[3265,3392],[3266,3392],[3267,3392],[3268,3392],[3269,3392],[3270,3392],[3271,3392],[3272,3392],[3273,3392],[3274,3392],[3275,3392],[3276,3392],[3277,3392],[3278,3392],[3279,3392],[3280,3392],[3281,3392],[3282,3392],[3283,3392],[3284,3392],[3285,3392],[3286,3392],[3287,3392],[3288,3392],[3289,3392],[3290,3392],[3291,3392],[3292,3392],[3293,3392],[3294,3392],[3295,3392],[3296,3392],[3297,3392],[3298,3392],[3299,3392],[3300,3392],[3301,3392],[3302,3392],[3303,3392],[3304,3392],[3305,3392],[3306,3392],[3307,3392],[3308,3392],[3309,3392],[3310,3392],[3311,3392],[3312,3392],[3313,3392],[3314,3392],[3315,3392],[3316,3392],[3317,3392],[3318,3392],[3319,3392],[3320,3392],[3321,3392],[3322,3392],[3323,3392],[3324,3392],[3325,3392],[3326,3392],[3327,3392],[3328,3392],[3328,3391],[3328,3390],[3328,3389],[3328,3388],[3328,3387],[3328,3386],[3328,3385],[3328,3384],[3328,3383],[3328,3382],[3328,3381],[3328,3380],[3328,3379],[3328,3378],[3328,3377],[3328,3376],[3328,3375],[3328,3374],[3328,3373],[3328,3372],[3328,3371],[3328,3370],[3328,3369],[3328,3368],[3328,3367],[3328,3366],[3328,3365],[3328,3364],[3328,3363],[3328,3362],[3328,3361],[3328,3360],[3328,3359],[3328,3358],[3328,3357],[3328,3356],[3328,3355],[3328,3354],[3328,3353],[3328,3352],[3328,3351],[3328,3350],[3328,3349],[3328,3348],[3328,3347],[3328,3346],[3328,3345],[3328,3344],[3328,3343],[3328,3342],[3328,3341],[3328,3340],[3328,3339],[3328,3338],[3328,3337],[3328,3336],[3328,3335],[3328,3334],[3328,3333],[3328,3332],[3328,3331],[3328,3330],[3327,3330],[3326,3330],[3325,3330],[3324,3330],[3323,3330],[3323,3331],[3322,3331],[3321,3331],[3320,3331],[3319,3331],[3319,3330],[3318,3330],[3317,3330],[3316,3330],[3316,3329],[3315,3329],[3314,3329],[3313,3329],[3312,3329],[3311,3329],[3310,3329],[3309,3329],[3308,3329],[3308,3330],[3307,3330],[3306,3330],[3305,3330],[3305,3331],[3304,3331],[3303,3331],[3302,3331],[3301,3331],[3300,3331],[3300,3330],[3299,3330],[3298,3330],[3297,3330],[3296,3330],[3295,3330],[3294,3330],[3293,3330],[3292,3330],[3291,3330],[3290,3330],[3289,3330],[3288,3330],[3287,3330],[3286,3330],[3285,3330],[3284,3330],[3283,3330],[3282,3330],[3281,3330],[3280,3330],[3279,3330],[3278,3330],[3277,3330],[3276,3330],[3275,3330],[3274,3330],[3273,3330],[3272,3330],[3271,3330],[3271,3329],[3271,3328],[3270,3328],[3269,3328],[3268,3328],[3267,3328],[3266,3328],[3265,3328],[3264,3328]]],[[[3337,3328],[3338,3328],[3339,3328],[3339,3329],[3339,3330],[3340,3330],[3341,3330],[3342,3330],[3343,3330],[3344,3330],[3345,3330],[3346,3330],[3347,3330],[3347,3329],[3348,3329],[3349,3329],[3350,3329],[3351,3329],[3351,3328],[3352,3328],[3353,3328],[3354,3328],[3355,3328],[3356,3328],[3356,3329],[3357,3329],[3358,3329],[3359,3329],[3360,3329],[3360,3330],[3361,3330],[3362,3330],[3363,3330],[3364,3330],[3365,3330],[3366,3330],[3367,3330],[3368,3330],[3369,3330],[3370,3330],[3371,3330],[3371,3329],[3372,3329],[3373,3329],[3374,3329],[3375,3329],[3375,3330],[3376,3330],[3377,3330],[3378,3330],[3379,3330],[3380,3330],[3381,3330],[3382,3330],[3383,3330],[3384,3330],[3385,3330],[3386,3330],[3387,3330],[3388,3330],[3389,3330],[3389,3331],[3390,3331],[3391,3331],[3392,3331],[3392,3332],[3392,3333],[3392,3334],[3392,3335],[3392,3336],[3392,3337],[3392,3338],[3392,3339],[3392,3340],[3392,3341],[3392,3342],[3392,3343],[3392,3344],[3392,3345],[3392,3346],[3392,3347],[3392,3348],[3392,3349],[3392,3350],[3392,3351],[3392,3352],[3392,3353],[3392,3354],[3392,3355],[3392,3356],[3392,3357],[3392,3358],[3392,3359],[3392,3360],[3392,3361],[3392,3362],[3392,3363],[3392,3364],[3392,3365],[3392,3366],[3392,3367],[3392,3368],[3392,3369],[3392,3370],[3392,3371],[3392,3372],[3392,3373],[3392,3374],[3392,3375],[3392,3376],[3392,3377],[3392,3378],[3392,3379],[3392,3380],[3392,3381],[3392,3382],[3392,3383],[3392,3384],[3392,3385],[3392,3386],[3392,3387],[3392,3388],[3392,3389],[3392,3390],[3392,3391],[3392,3392],[3391,3392],[3390,3392],[3389,3392],[3388,3392],[3387,3392],[3386,3392],[3385,3392],[3384,3392],[3383,3392],[3382,3392],[3381,3392],[3380,3392],[3379,3392],[3378,3392],[3377,3392],[3376,3392],[3375,3392],[3374,3392],[3373,3392],[3372,3392],[3371,3392],[3370,3392],[3369,3392],[3368,3392],[3367,3392],[3366,3392],[3365,3392],[3364,3392],[3363,3392],[3362,3392],[3361,3392],[3360,3392],[3359,3392],[3358,3392],[3357,3392],[3356,3392],[3355,3392],[3354,3392],[3353,3392],[3352,3392],[3351,3392],[3350,3392],[3349,3392],[3348,3392],[3347,3392],[3346,3392],[3345,3392],[3344,3392],[3343,3392],[3342,3392],[3341,3392],[3340,3392],[3339,3392],[3338,3392],[3337,3392],[3336,3392],[3335,3392],[3334,3392],[3333,3392],[3332,3392],[3331,3392],[3330,3392],[3329,3392],[3328,3392],[3328,3391],[3328,3390],[3328,3389],[3328,3388],[3328,3387],[3328,3386],[3328,3385],[3328,3384],[3328,3383],[3328,3382],[3328,3381],[3328,3380],[3328,3379],[3328,3378],[3328,3377],[3328,3376],[3328,3375],[3328,3374],[3328,3373],[3328,3372],[3328,3371],[3328,3370],[3328,3369],[3328,3368],[3328,3367],[3328,3366],[3328,3365],[3328,3364],[3328,3363],[3328,3362],[3328,3361],[3328,3360],[3328,3359],[3328,3358],[3328,3357],[3328,3356],[3328,3355],[3328,3354],[3328,3353],[3328,3352],[3328,3351],[3328,3350],[3328,3349],[3328,3348],[3328,3347],[3328,3346],[3328,3345],[3328,3344],[3328,3343],[3328,3342],[3328,3341],[3328,3340],[3328,3339],[3328,3338],[3328,3337],[3328,3336],[3328,3335],[3328,3334],[3328,3333],[3328,3332],[3328,3331],[3328,3330],[3329,3330],[3330,3330],[3331,3330],[3332,3330],[3333,3330],[3334,3330],[3335,3330],[3335,3329],[3336,3329],[3337,3329],[3337,3328]]],[[[3337,3328],[3337,3329],[3336,3329],[3335,3329],[3335,3330],[3334,3330],[3333,3330],[3332,3330],[3331,3330],[3330,3330],[3329,3330],[3328,3330],[3328,3331],[3328,3332],[3328,3333],[3328,3334],[3328,3335],[3328,3336],[3328,3337],[3328,3338],[3328,3339],[3328,3340],[3328,3341],[3328,3342],[3328,3343],[3328,3344],[3328,3345],[3328,3346],[3328,3347],[3328,3348],[3328,3349],[3328,3350],[3328,3351],[3328,3352],[3328,3353],[3328,3354],[3328,3355],[3328,3356],[3328,3357],[3328,3358],[3328,3359],[3328,3360],[3328,3361],[3328,3362],[3328,3363],[3328,3364],[3328,3365],[3328,3366],[3328,3367],[3328,3368],[3328,3369],[3328,3370],[3328,3371],[3328,3372],[3328,3373],[3328,3374],[3328,3375],[3328,3376],[3328,3377],[3328,3378],[3328,3379],[3328,3380],[3328,3381],[3328,3382],[3328,3383],[3328,3384],[3328,3385],[3328,3386],[3328,3387],[3328,3388],[3328,3389],[3328,3390],[3328,3391],[3328,3392],[3329,3392],[3330,3392],[3331,3392],[3332,3392],[3333,3392],[3334,3392],[3335,3392],[3336,3392],[3337,3392],[3338,3392],[3339,3392],[3340,3392],[3341,3392],[3342,3392],[3343,3392],[3344,3392],[3345,3392],[3346,3392],[3347,3392],[3348,3392],[3349,3392],[3350,3392],[3351,3392],[3352,3392],[3353,3392],[3354,3392],[3355,3392],[3356,3392],[3357,3392],[3358,3392],[3359,3392],[3360,3392],[3361,3392],[3362,3392],[3363,3392],[3364,3392],[3365,3392],[3366,3392],[3367,3392],[3368,3392],[3369,3392],[3370,3392],[3371,3392],[3372,3392],[3373,3392],[3374,3392],[3375,3392],[3376,3392],[3377,3392],[3378,3392],[3379,3392],[3380,3392],[3381,3392],[3382,3392],[3383,3392],[3384,3392],[3385,3392],[3386,3392],[3387,3392],[3388,3392],[3389,3392],[3390,3392],[3391,3392],[3392,3392],[3392,3391],[3392,3390],[3392,3389],[3392,3388],[3392,3387],[3392,3386],[3392,3385],[3392,3384],[3392,3383],[3392,3382],[3392,3381],[3392,3380],[3392,3379],[3392,3378],[3392,3377],[3392,3376],[3392,3375],[3392,3374],[3392,3373],[3392,3372],[3392,3371],[3392,3370],[3392,3369],[3392,3368],[3392,3367],[3392,3366],[3392,3365],[3392,3364],[3392,3363],[3392,3362],[3392,3361],[3392,3360],[3392,3359],[3392,3358],[3392,3357],[3392,3356],[3392,3355],[3392,3354],[3392,3353],[3392,3352],[3392,3351],[3392,3350],[3392,3349],[3392,3348],[3392,3347],[3392,3346],[3392,3345],[3392,3344],[3392,3343],[3392,3342],[3392,3341],[3392,3340],[3392,3339],[3392,3338],[3392,3337],[3392,3336],[3392,3335],[3392,3334],[3392,3333],[3392,3332],[3392,3331],[3391,3331],[3390,3331],[3389,3331],[3389,3330],[3388,3330],[3387,3330],[3386,3330],[3385,3330],[3384,3330],[3383,3330],[3382,3330],[3381,3330],[3380,3330],[3379,3330],[3378,3330],[3377,3330],[3376,3330],[3375,3330],[3375,3329],[3374,3329],[3373,3329],[3372,3329],[3371,3329],[3371,3330],[3370,3330],[3369,3330],[3368,3330],[3367,3330],[3366,3330],[3365,3330],[3364,3330],[3363,3330],[3362,3330],[3361,3330],[3360,3330],[3360,3329],[3359,3329],[3358,3329],[3357,3329],[3356,3329],[3356,3328],[3355,3328],[3354,3328],[3353,3328],[3352,3328],[3351,3328],[3351,3329],[3350,3329],[3349,3329],[3348,3329],[3347,3329],[3347,3330],[3346,3330],[3345,3330],[3344,3330],[3343,3330],[3342,3330],[3341,3330],[3340,3330],[3339,3330],[3339,3329],[3339,3328],[3338,3328],[3337,3328]]],[[[3328,3456],[3329,3456],[3330,3456],[3331,3456],[3332,3456],[3333,3456],[3334,3456],[3335,3456],[3336,3456],[3337,3456],[3338,3456],[3339,3456],[3340,3456],[3341,3456],[3342,3456],[3343,3456],[3344,3456],[3345,3456],[3346,3456],[3347,3456],[3348,3456],[3349,3456],[3350,3456],[3351,3456],[3352,3456],[3353,3456],[3354,3456],[3355,3456],[3356,3456],[3357,3456],[3358,3456],[3359,3456],[3360,3456],[3361,3456],[3362,3456],[3363,3456],[3364,3456],[3365,3456],[3366,3456],[3367,3456],[3368,3456],[3369,3456],[3370,3456],[3371,3456],[3372,3456],[3373,3456],[3374,3456],[3375,3456],[3376,3456],[3377,3456],[3378,3456],[3379,3456],[3380,3456],[3381,3456],[3382,3456],[3383,3456],[3384,3456],[3385,3456],[3386,3456],[3387,3456],[3388,3456],[3389,3456],[3390,3456],[3391,3456],[3392,3456],[3392,3457],[3392,3458],[3392,3459],[3392,3460],[3392,3461],[3392,3462],[3392,3463],[3392,3464],[3392,3465],[3392,3466],[3392,3467],[3392,3468],[3392,3469],[3392,3470],[3392,3471],[3392,3472],[3392,3473],[3392,3474],[3392,3475],[3392,3476],[3392,3477],[3392,3478],[3392,3479],[3392,3480],[3392,3481],[3392,3482],[3392,3483],[3392,3484],[3392,3485],[3392,3486],[3392,3487],[3392,3488],[3392,3489],[3392,3490],[3392,3491],[3392,3492],[3392,3493],[3392,3494],[3392,3495],[3392,3496],[3392,3497],[3392,3498],[3392,3499],[3392,3500],[3392,3501],[3392,3502],[3392,3503],[3392,3504],[3392,3505],[3391,3505],[3390,3505],[3389,3505],[3389,3506],[3388,3506],[3387,3506],[3387,3507],[3386,3507],[3385,3507],[3385,3508],[3384,3508],[3384,3509],[3383,3509],[3383,3510],[3382,3510],[3382,3511],[3382,3512],[3381,3512],[3381,3513],[3381,3514],[3380,3514],[3380,3515],[3380,3516],[3380,3517],[3380,3518],[3380,3519],[3379,3519],[3379,3520],[3378,3520],[3377,3520],[3376,3520],[3375,3520],[3374,3520],[3373,3520],[3372,3520],[3371,3520],[3370,3520],[3369,3520],[3368,3520],[3367,3520],[3366,3520],[3365,3520],[3364,3520],[3363,3520],[3362,3520],[3361,3520],[3360,3520],[3359,3520],[3358,3520],[3357,3520],[3356,3520],[3355,3520],[3354,3520],[3353,3520],[3352,3520],[3351,3520],[3350,3520],[3349,3520],[3348,3520],[3347,3520],[3346,3520],[3345,3520],[3344,3520],[3343,3520],[3342,3520],[3341,3520],[3340,3520],[3339,3520],[3338,3520],[3337,3520],[3336,3520],[3335,3520],[3334,3520],[3333,3520],[3332,3520],[3331,3520],[3330,3520],[3329,3520],[3328,3520],[3328,3519],[3328,3518],[3328,3517],[3328,3516],[3328,3515],[3328,3514],[3328,3513],[3328,3512],[3328,3511],[3328,3510],[3328,3509],[3328,3508],[3328,3507],[3328,3506],[3328,3505],[3328,3504],[3328,3503],[3328,3502],[3328,3501],[3328,3500],[3328,3499],[3328,3498],[3328,3497],[3328,3496],[3328,3495],[3328,3494],[3328,3493],[3328,3492],[3328,3491],[3328,3490],[3328,3489],[3328,3488],[3328,3487],[3328,3486],[3328,3485],[3328,3484],[3328,3483],[3328,3482],[3328,3481],[3328,3480],[3328,3479],[3328,3478],[3328,3477],[3328,3476],[3328,3475],[3328,3474],[3328,3473],[3328,3472],[3328,3471],[3328,3470],[3328,3469],[3328,3468],[3328,3467],[3328,3466],[3328,3465],[3328,3464],[3328,3463],[3328,3462],[3328,3461],[3328,3460],[3328,3459],[3328,3458],[3328,3457],[3328,3456]]],[[[3328,3456],[3328,3457],[3328,3458],[3328,3459],[3328,3460],[3328,3461],[3328,3462],[3328,3463],[3328,3464],[3328,3465],[3328,3466],[3328,3467],[3328,3468],[3328,3469],[3328,3470],[3328,3471],[3328,3472],[3328,3473],[3328,3474],[3328,3475],[3328,3476],[3328,3477],[3328,3478],[3328,3479],[3328,3480],[3328,3481],[3328,3482],[3328,3483],[3328,3484],[3328,3485],[3328,3486],[3328,3487],[3328,3488],[3328,3489],[3328,3490],[3328,3491],[3328,3492],[3328,3493],[3328,3494],[3328,3495],[3328,3496],[3328,3497],[3328,3498],[3328,3499],[3328,3500],[3328,3501],[3328,3502],[3328,3503],[3328,3504],[3328,3505],[3328,3506],[3328,3507],[3328,3508],[3328,3509],[3328,3510],[3328,3511],[3328,3512],[3328,3513],[3328,3514],[3328,3515],[3328,3516],[3328,3517],[3328,3518],[3328,3519],[3328,3520],[3329,3520],[3330,3520],[3331,3520],[3332,3520],[3333,3520],[3334,3520],[3335,3520],[3336,3520],[3337,3520],[3338,3520],[3339,3520],[3340,3520],[3341,3520],[3342,3520],[3343,3520],[3344,3520],[3345,3520],[3346,3520],[3347,3520],[3348,3520],[3349,3520],[3350,3520],[3351,3520],[3352,3520],[3353,3520],[3354,3520],[3355,3520],[3356,3520],[3357,3520],[3358,3520],[3359,3520],[3360,3520],[3361,3520],[3362,3520],[3363,3520],[3364,3520],[3365,3520],[3366,3520],[3367,3520],[3368,3520],[3369,3520],[3370,3520],[3371,3520],[3372,3520],[3373,3520],[3374,3520],[3375,3520],[3376,3520],[3377,3520],[3378,3520],[3379,3520],[3379,3519],[3380,3519],[3380,3518],[3380,3517],[3380,3516],[3380,3515],[3380,3514],[3381,3514],[3381,3513],[3381,3512],[3382,3512],[3382,3511],[3382,3510],[3383,3510],[3383,3509],[3384,3509],[3384,3508],[3385,3508],[3385,3507],[3386,3507],[3387,3507],[3387,3506],[3388,3506],[3389,3506],[3389,3505],[3390,3505],[3391,3505],[3392,3505],[3392,3504],[3392,3503],[3392,3502],[3392,3501],[3392,3500],[3392,3499],[3392,3498],[3392,3497],[3392,3496],[3392,3495],[3392,3494],[3392,3493],[3392,3492],[3392,3491],[3392,3490],[3392,3489],[3392,3488],[3392,3487],[3392,3486],[3392,3485],[3392,3484],[3392,3483],[3392,3482],[3392,3481],[3392,3480],[3392,3479],[3392,3478],[3392,3477],[3392,3476],[3392,3475],[3392,3474],[3392,3473],[3392,3472],[3392,3471],[3392,3470],[3392,3469],[3392,3468],[3392,3467],[3392,3466],[3392,3465],[3392,3464],[3392,3463],[3392,3462],[3392,3461],[3392,3460],[3392,3459],[3392,3458],[3392,3457],[3392,3456],[3391,3456],[3390,3456],[3389,3456],[3388,3456],[3387,3456],[3386,3456],[3385,3456],[3384,3456],[3383,3456],[3382,3456],[3381,3456],[3380,3456],[3379,3456],[3378,3456],[3377,3456],[3376,3456],[3375,3456],[3374,3456],[3373,3456],[3372,3456],[3371,3456],[3370,3456],[3369,3456],[3368,3456],[3367,3456],[3366,3456],[3365,3456],[3364,3456],[3363,3456],[3362,3456],[3361,3456],[3360,3456],[3359,3456],[3358,3456],[3357,3456],[3356,3456],[3355,3456],[3354,3456],[3353,3456],[3352,3456],[3351,3456],[3350,3456],[3349,3456],[3348,3456],[3347,3456],[3346,3456],[3345,3456],[3344,3456],[3343,3456],[3342,3456],[3341,3456],[3340,3456],[3339,3456],[3338,3456],[3337,3456],[3336,3456],[3335,3456],[3334,3456],[3333,3456],[3332,3456],[3331,3456],[3330,3456],[3329,3456],[3328,3456]]],[[[3635,3776],[3636,3776],[3637,3776],[3638,3776],[3639,3776],[3640,3776],[3641,3776],[3642,3776],[3643,3776],[3644,3776],[3645,3776],[3646,3776],[3647,3776],[3648,3776],[3648,3777],[3648,3778],[3648,3779],[3648,3780],[3648,3781],[3648,3782],[3648,3783],[3648,3784],[3648,3785],[3648,3786],[3648,3787],[3648,3788],[3648,3789],[3648,3790],[3648,3791],[3648,3792],[3648,3793],[3648,3794],[3648,3795],[3648,3796],[3648,3797],[3648,3798],[3648,3799],[3648,3800],[3648,3801],[3648,3802],[3648,3803],[3648,3804],[3648,3805],[3648,3806],[3648,3807],[3648,3808],[3648,3809],[3648,3810],[3648,3811],[3648,3812],[3648,3813],[3648,3814],[3648,3815],[3648,3816],[3648,3817],[3648,3818],[3648,3819],[3647,3819],[3646,3819],[3645,3819],[3644,3819],[3644,3820],[3643,3820],[3643,3819],[3642,3819],[3641,3819],[3640,3819],[3639,3819],[3638,3819],[3638,3818],[3637,3818],[3636,3818],[3636,3817],[3635,3817],[3634,3817],[3634,3816],[3633,3816],[3633,3815],[3632,3815],[3632,3814],[3631,3814],[3631,3813],[3631,3812],[3630,3812],[3630,3811],[3630,3810],[3629,3810],[3629,3809],[3629,3808],[3629,3807],[3629,3806],[3629,3805],[3628,3805],[3628,3804],[3629,3804],[3629,3803],[3628,3803],[3628,3802],[3629,3802],[3629,3801],[3628,3801],[3628,3800],[3629,3800],[3629,3799],[3629,3798],[3629,3797],[3629,3796],[3629,3795],[3630,3795],[3630,3794],[3630,3793],[3631,3793],[3631,3792],[3631,3791],[3632,3791],[3632,3790],[3633,3790],[3633,3789],[3633,3788],[3633,3787],[3634,3787],[3634,3786],[3634,3785],[3635,3785],[3635,3784],[3635,3783],[3635,3782],[3634,3782],[3634,3781],[3635,3781],[3635,3780],[3635,3779],[3635,3778],[3634,3778],[3634,3777],[3635,3777],[3635,3776]]],[[[3635,3776],[3635,3777],[3634,3777],[3634,3778],[3635,3778],[3635,3779],[3635,3780],[3635,3781],[3634,3781],[3634,3782],[3635,3782],[3635,3783],[3635,3784],[3635,3785],[3634,3785],[3634,3786],[3634,3787],[3633,3787],[3633,3788],[3633,3789],[3633,3790],[3632,3790],[3632,3791],[3631,3791],[3631,3792],[3631,3793],[3630,3793],[3630,3794],[3630,3795],[3629,3795],[3629,3796],[3629,3797],[3629,3798],[3629,3799],[3629,3800],[3628,3800],[3628,3801],[3629,3801],[3629,3802],[3628,3802],[3628,3803],[3629,3803],[3629,3804],[3628,3804],[3628,3805],[3629,3805],[3629,3806],[3629,3807],[3629,3808],[3629,3809],[3629,3810],[3630,3810],[3630,3811],[3630,3812],[3631,3812],[3631,3813],[3631,3814],[3632,3814],[3632,3815],[3633,3815],[3633,3816],[3634,3816],[3634,3817],[3635,3817],[3636,3817],[3636,3818],[3637,3818],[3638,3818],[3638,3819],[3639,3819],[3640,3819],[3641,3819],[3642,3819],[3643,3819],[3643,3820],[3644,3820],[3644,3819],[3645,3819],[3646,3819],[3647,3819],[3648,3819],[3648,3818],[3648,3817],[3648,3816],[3648,3815],[3648,3814],[3648,3813],[3648,3812],[3648,3811],[3648,3810],[3648,3809],[3648,3808],[3648,3807],[3648,3806],[3648,3805],[3648,3804],[3648,3803],[3648,3802],[3648,3801],[3648,3800],[3648,3799],[3648,3798],[3648,3797],[3648,3796],[3648,3795],[3648,3794],[3648,3793],[3648,3792],[3648,3791],[3648,3790],[3648,3789],[3648,3788],[3648,3787],[3648,3786],[3648,3785],[3648,3784],[3648,3783],[3648,3782],[3648,3781],[3648,3780],[3648,3779],[3648,3778],[3648,3777],[3648,3776],[3647,3776],[3646,3776],[3645,3776],[3644,3776],[3643,3776],[3642,3776],[3641,3776],[3640,3776],[3639,3776],[3638,3776],[3637,3776],[3636,3776],[3635,3776]]],[[[3646,3739],[3647,3739],[3648,3739],[3648,3740],[3648,3741],[3648,3742],[3648,3743],[3648,3744],[3648,3745],[3648,3746],[3648,3747],[3648,3748],[3648,3749],[3648,3750],[3648,3751],[3648,3752],[3648,3753],[3648,3754],[3648,3755],[3648,3756],[3648,3757],[3648,3758],[3648,3759],[3648,3760],[3648,3761],[3648,3762],[3648,3763],[3648,3764],[3648,3765],[3648,3766],[3648,3767],[3648,3768],[3648,3769],[3648,3770],[3648,3771],[3648,3772],[3648,3773],[3648,3774],[3648,3775],[3648,3776],[3647,3776],[3646,3776],[3645,3776],[3644,3776],[3643,3776],[3642,3776],[3641,3776],[3640,3776],[3639,3776],[3638,3776],[3637,3776],[3636,3776],[3635,3776],[3635,3775],[3635,3774],[3635,3773],[3635,3772],[3636,3772],[3636,3771],[3636,3770],[3636,3769],[3635,3769],[3635,3768],[3636,3768],[3636,3767],[3636,3766],[3636,3765],[3636,3764],[3636,3763],[3637,3763],[3637,3762],[3637,3761],[3637,3760],[3637,3759],[3637,3758],[3638,3758],[3638,3757],[3638,3756],[3638,3755],[3638,3754],[3639,3754],[3639,3753],[3639,3752],[3639,3751],[3639,3750],[3639,3749],[3640,3749],[3640,3748],[3640,3747],[3641,3747],[3641,3746],[3641,3745],[3642,3745],[3642,3744],[3643,3744],[3643,3743],[3643,3742],[3644,3742],[3644,3741],[3645,3741],[3645,3740],[3646,3740],[3646,3739]]],[[[3646,3739],[3646,3740],[3645,3740],[3645,3741],[3644,3741],[3644,3742],[3643,3742],[3643,3743],[3643,3744],[3642,3744],[3642,3745],[3641,3745],[3641,3746],[3641,3747],[3640,3747],[3640,3748],[3640,3749],[3639,3749],[3639,3750],[3639,3751],[3639,3752],[3639,3753],[3639,3754],[3638,3754],[3638,3755],[3638,3756],[3638,3757],[3638,3758],[3637,3758],[3637,3759],[3637,3760],[3637,3761],[3637,3762],[3637,3763],[3636,3763],[3636,3764],[3636,3765],[3636,3766],[3636,3767],[3636,3768],[3635,3768],[3635,3769],[3636,3769],[3636,3770],[3636,3771],[3636,3772],[3635,3772],[3635,3773],[3635,3774],[3635,3775],[3635,3776],[3636,3776],[3637,3776],[3638,3776],[3639,3776],[3640,3776],[3641,3776],[3642,3776],[3643,3776],[3644,3776],[3645,3776],[3646,3776],[3647,3776],[3648,3776],[3648,3775],[3648,3774],[3648,3773],[3648,3772],[3648,3771],[3648,3770],[3648,3769],[3648,3768],[3648,3767],[3648,3766],[3648,3765],[3648,3764],[3648,3763],[3648,3762],[3648,3761],[3648,3760],[3648,3759],[3648,3758],[3648,3757],[3648,3756],[3648,3755],[3648,3754],[3648,3753],[3648,3752],[3648,3751],[3648,3750],[3648,3749],[3648,3748],[3648,3747],[3648,3746],[3648,3745],[3648,3744],[3648,3743],[3648,3742],[3648,3741],[3648,3740],[3648,3739],[3647,3739],[3646,3739]]],[[[3648,3712],[3649,3712],[3650,3712],[3651,3712],[3652,3712],[3653,3712],[3654,3712],[3655,3712],[3656,3712],[3657,3712],[3658,3712],[3659,3712],[3660,3712],[3661,3712],[3662,3712],[3663,3712],[3664,3712],[3665,3712],[3666,3712],[3667,3712],[3668,3712],[3669,3712],[3670,3712],[3671,3712],[3672,3712],[3673,3712],[3674,3712],[3675,3712],[3676,3712],[3677,3712],[3678,3712],[3679,3712],[3680,3712],[3681,3712],[3682,3712],[3683,3712],[3684,3712],[3685,3712],[3686,3712],[3687,3712],[3688,3712],[3689,3712],[3690,3712],[3691,3712],[3692,3712],[3693,3712],[3694,3712],[3695,3712],[3696,3712],[3697,3712],[3698,3712],[3699,3712],[3700,3712],[3701,3712],[3702,3712],[3703,3712],[3704,3712],[3705,3712],[3706,3712],[3707,3712],[3708,3712],[3709,3712],[3710,3712],[3711,3712],[3712,3712],[3712,3713],[3712,3714],[3712,3715],[3712,3716],[3712,3717],[3712,3718],[3712,3719],[3712,3720],[3712,3721],[3712,3722],[3712,3723],[3712,3724],[3712,3725],[3712,3726],[3712,3727],[3712,3728],[3712,3729],[3712,3730],[3712,3731],[3712,3732],[3712,3733],[3712,3734],[3712,3735],[3712,3736],[3712,3737],[3712,3738],[3712,3739],[3712,3740],[3712,3741],[3712,3742],[3712,3743],[3712,3744],[3712,3745],[3712,3746],[3712,3747],[3712,3748],[3712,3749],[3712,3750],[3712,3751],[3712,3752],[3712,3753],[3712,3754],[3712,3755],[3712,3756],[3712,3757],[3712,3758],[3712,3759],[3712,3760],[3712,3761],[3712,3762],[3712,3763],[3712,3764],[3712,3765],[3712,3766],[3712,3767],[3712,3768],[3712,3769],[3712,3770],[3712,3771],[3712,3772],[3712,3773],[3712,3774],[3712,3775],[3712,3776],[3711,3776],[3710,3776],[3709,3776],[3708,3776],[3707,3776],[3706,3776],[3705,3776],[3704,3776],[3703,3776],[3702,3776],[3701,3776],[3700,3776],[3699,3776],[3698,3776],[3697,3776],[3696,3776],[3695,3776],[3694,3776],[3693,3776],[3692,3776],[3691,3776],[3690,3776],[3689,3776],[3688,3776],[3687,3776],[3686,3776],[3685,3776],[3684,3776],[3683,3776],[3682,3776],[3681,3776],[3680,3776],[3679,3776],[3678,3776],[3677,3776],[3676,3776],[3675,3776],[3674,3776],[3673,3776],[3672,3776],[3671,3776],[3670,3776],[3669,3776],[3668,3776],[3667,3776],[3666,3776],[3665,3776],[3664,3776],[3663,3776],[3662,3776],[3661,3776],[3660,3776],[3659,3776],[3658,3776],[3657,3776],[3656,3776],[3655,3776],[3654,3776],[3653,3776],[3652,3776],[3651,3776],[3650,3776],[3649,3776],[3648,3776],[3648,3775],[3648,3774],[3648,3773],[3648,3772],[3648,3771],[3648,3770],[3648,3769],[3648,3768],[3648,3767],[3648,3766],[3648,3765],[3648,3764],[3648,3763],[3648,3762],[3648,3761],[3648,3760],[3648,3759],[3648,3758],[3648,3757],[3648,3756],[3648,3755],[3648,3754],[3648,3753],[3648,3752],[3648,3751],[3648,3750],[3648,3749],[3648,3748],[3648,3747],[3648,3746],[3648,3745],[3648,3744],[3648,3743],[3648,3742],[3648,3741],[3648,3740],[3648,3739],[3648,3738],[3648,3737],[3648,3736],[3648,3735],[3648,3734],[3648,3733],[3648,3732],[3648,3731],[3648,3730],[3648,3729],[3648,3728],[3648,3727],[3648,3726],[3648,3725],[3648,3724],[3648,3723],[3648,3722],[3648,3721],[3648,3720],[3648,3719],[3648,3718],[3648,3717],[3648,3716],[3648,3715],[3648,3714],[3648,3713],[3648,3712]]],[[[3648,3712],[3648,3713],[3648,3714],[3648,3715],[3648,3716],[3648,3717],[3648,3718],[3648,3719],[3648,3720],[3648,3721],[3648,3722],[3648,3723],[3648,3724],[3648,3725],[3648,3726],[3648,3727],[3648,3728],[3648,3729],[3648,3730],[3648,3731],[3648,3732],[3648,3733],[3648,3734],[3648,3735],[3648,3736],[3648,3737],[3648,3738],[3648,3739],[3648,3740],[3648,3741],[3648,3742],[3648,3743],[3648,3744],[3648,3745],[3648,3746],[3648,3747],[3648,3748],[3648,3749],[3648,3750],[3648,3751],[3648,3752],[3648,3753],[3648,3754],[3648,3755],[3648,3756],[3648,3757],[3648,3758],[3648,3759],[3648,3760],[3648,3761],[3648,3762],[3648,3763],[3648,3764],[3648,3765],[3648,3766],[3648,3767],[3648,3768],[3648,3769],[3648,3770],[3648,3771],[3648,3772],[3648,3773],[3648,3774],[3648,3775],[3648,3776],[3649,3776],[3650,3776],[3651,3776],[3652,3776],[3653,3776],[3654,3776],[3655,3776],[3656,3776],[3657,3776],[3658,3776],[3659,3776],[3660,3776],[3661,3776],[3662,3776],[3663,3776],[3664,3776],[3665,3776],[3666,3776],[3667,3776],[3668,3776],[3669,3776],[3670,3776],[3671,3776],[3672,3776],[3673,3776],[3674,3776],[3675,3776],[3676,3776],[3677,3776],[3678,3776],[3679,3776],[3680,3776],[3681,3776],[3682,3776],[3683,3776],[3684,3776],[3685,3776],[3686,3776],[3687,3776],[3688,3776],[3689,3776],[3690,3776],[3691,3776],[3692,3776],[3693,3776],[3694,3776],[3695,3776],[3696,3776],[3697,3776],[3698,3776],[3699,3776],[3700,3776],[3701,3776],[3702,3776],[3703,3776],[3704,3776],[3705,3776],[3706,3776],[3707,3776],[3708,3776],[3709,3776],[3710,3776],[3711,3776],[3712,3776],[3712,3775],[3712,3774],[3712,3773],[3712,3772],[3712,3771],[3712,3770],[3712,3769],[3712,3768],[3712,3767],[3712,3766],[3712,3765],[3712,3764],[3712,3763],[3712,3762],[3712,3761],[3712,3760],[3712,3759],[3712,3758],[3712,3757],[3712,3756],[3712,3755],[3712,3754],[3712,3753],[3712,3752],[3712,3751],[3712,3750],[3712,3749],[3712,3748],[3712,3747],[3712,3746],[3712,3745],[3712,3744],[3712,3743],[3712,3742],[3712,3741],[3712,3740],[3712,3739],[3712,3738],[3712,3737],[3712,3736],[3712,3735],[3712,3734],[3712,3733],[3712,3732],[3712,3731],[3712,3730],[3712,3729],[3712,3728],[3712,3727],[3712,3726],[3712,3725],[3712,3724],[3712,3723],[3712,3722],[3712,3721],[3712,3720],[3712,3719],[3712,3718],[3712,3717],[3712,3716],[3712,3715],[3712,3714],[3712,3713],[3712,3712],[3711,3712],[3710,3712],[3709,3712],[3708,3712],[3707,3712],[3706,3712],[3705,3712],[3704,3712],[3703,3712],[3702,3712],[3701,3712],[3700,3712],[3699,3712],[3698,3712],[3697,3712],[3696,3712],[3695,3712],[3694,3712],[3693,3712],[3692,3712],[3691,3712],[3690,3712],[3689,3712],[3688,3712],[3687,3712],[3686,3712],[3685,3712],[3684,3712],[3683,3712],[3682,3712],[3681,3712],[3680,3712],[3679,3712],[3678,3712],[3677,3712],[3676,3712],[3675,3712],[3674,3712],[3673,3712],[3672,3712],[3671,3712],[3670,3712],[3669,3712],[3668,3712],[3667,3712],[3666,3712],[3665,3712],[3664,3712],[3663,3712],[3662,3712],[3661,3712],[3660,3712],[3659,3712],[3658,3712],[3657,3712],[3656,3712],[3655,3712],[3654,3712],[3653,3712],[3652,3712],[3651,3712],[3650,3712],[3649,3712],[3648,3712]]],[[[3648,3776],[3649,3776],[3650,3776],[3651,3776],[3652,3776],[3653,3776],[3654,3776],[3655,3776],[3656,3776],[3657,3776],[3658,3776],[3659,3776],[3660,3776],[3661,3776],[3662,3776],[3663,3776],[3664,3776],[3665,3776],[3666,3776],[3667,3776],[3668,3776],[3669,3776],[3670,3776],[3671,3776],[3672,3776],[3673,3776],[3674,3776],[3675,3776],[3676,3776],[3677,3776],[3678,3776],[3679,3776],[3680,3776],[3681,3776],[3682,3776],[3683,3776],[3684,3776],[3685,3776],[3686,3776],[3687,3776],[3688,3776],[3689,3776],[3690,3776],[3691,3776],[3692,3776],[3693,3776],[3694,3776],[3695,3776],[3696,3776],[3697,3776],[3698,3776],[3699,3776],[3700,3776],[3701,3776],[3702,3776],[3703,3776],[3704,3776],[3705,3776],[3706,3776],[3707,3776],[3708,3776],[3709,3776],[3710,3776],[3711,3776],[3712,3776],[3712,3777],[3712,3778],[3712,3779],[3712,3780],[3712,3781],[3712,3782],[3712,3783],[3712,3784],[3712,3785],[3712,3786],[3712,3787],[3712,3788],[3712,3789],[3712,3790],[3712,3791],[3712,3792],[3712,3793],[3712,3794],[3712,3795],[3712,3796],[3712,3797],[3712,3798],[3712,3799],[3712,3800],[3712,3801],[3712,3802],[3712,3803],[3712,3804],[3712,3805],[3712,3806],[3712,3807],[3712,3808],[3712,3809],[3712,3810],[3712,3811],[3712,3812],[3712,3813],[3712,3814],[3712,3815],[3712,3816],[3712,3817],[3712,3818],[3712,3819],[3712,3820],[3712,3821],[3712,3822],[3712,3823],[3712,3824],[3712,3825],[3712,3826],[3712,3827],[3712,3828],[3712,3829],[3712,3830],[3712,3831],[3712,3832],[3712,3833],[3712,3834],[3712,3835],[3712,3836],[3712,3837],[3712,3838],[3712,3839],[3712,3840],[3711,3840],[3710,3840],[3709,3840],[3708,3840],[3707,3840],[3706,3840],[3705,3840],[3704,3840],[3703,3840],[3702,3840],[3701,3840],[3700,3840],[3699,3840],[3698,3840],[3697,3840],[3696,3840],[3695,3840],[3694,3840],[3693,3840],[3692,3840],[3691,3840],[3690,3840],[3689,3840],[3688,3840],[3687,3840],[3686,3840],[3685,3840],[3684,3840],[3683,3840],[3682,3840],[3681,3840],[3680,3840],[3679,3840],[3678,3840],[3677,3840],[3676,3840],[3675,3840],[3674,3840],[3673,3840],[3672,3840],[3671,3840],[3670,3840],[3669,3840],[3668,3840],[3667,3840],[3666,3840],[3665,3840],[3664,3840],[3663,3840],[3662,3840],[3661,3840],[3660,3840],[3659,3840],[3658,3840],[3657,3840],[3656,3840],[3655,3840],[3654,3840],[3653,3840],[3652,3840],[3651,3840],[3650,3840],[3649,3840],[3648,3840],[3648,3839],[3648,3838],[3648,3837],[3648,3836],[3648,3835],[3648,3834],[3648,3833],[3648,3832],[3648,3831],[3648,3830],[3648,3829],[3648,3828],[3648,3827],[3648,3826],[3648,3825],[3648,3824],[3648,3823],[3648,3822],[3648,3821],[3648,3820],[3648,3819],[3648,3818],[3648,3817],[3648,3816],[3648,3815],[3648,3814],[3648,3813],[3648,3812],[3648,3811],[3648,3810],[3648,3809],[3648,3808],[3648,3807],[3648,3806],[3648,3805],[3648,3804],[3648,3803],[3648,3802],[3648,3801],[3648,3800],[3648,3799],[3648,3798],[3648,3797],[3648,3796],[3648,3795],[3648,3794],[3648,3793],[3648,3792],[3648,3791],[3648,3790],[3648,3789],[3648,3788],[3648,3787],[3648,3786],[3648,3785],[3648,3784],[3648,3783],[3648,3782],[3648,3781],[3648,3780],[3648,3779],[3648,3778],[3648,3777],[3648,3776]]],[[[3648,3776],[3648,3777],[3648,3778],[3648,3779],[3648,3780],[3648,3781],[3648,3782],[3648,3783],[3648,3784],[3648,3785],[3648,3786],[3648,3787],[3648,3788],[3648,3789],[3648,3790],[3648,3791],[3648,3792],[3648,3793],[3648,3794],[3648,3795],[3648,3796],[3648,3797],[3648,3798],[3648,3799],[3648,3800],[3648,3801],[3648,3802],[3648,3803],[3648,3804],[3648,3805],[3648,3806],[3648,3807],[3648,3808],[3648,3809],[3648,3810],[3648,3811],[3648,3812],[3648,3813],[3648,3814],[3648,3815],[3648,3816],[3648,3817],[3648,3818],[3648,3819],[3648,3820],[3648,3821],[3648,3822],[3648,3823],[3648,3824],[3648,3825],[3648,3826],[3648,3827],[3648,3828],[3648,3829],[3648,3830],[3648,3831],[3648,3832],[3648,3833],[3648,3834],[3648,3835],[3648,3836],[3648,3837],[3648,3838],[3648,3839],[3648,3840],[3649,3840],[3650,3840],[3651,3840],[3652,3840],[3653,3840],[3654,3840],[3655,3840],[3656,3840],[3657,3840],[3658,3840],[3659,3840],[3660,3840],[3661,3840],[3662,3840],[3663,3840],[3664,3840],[3665,3840],[3666,3840],[3667,3840],[3668,3840],[3669,3840],[3670,3840],[3671,3840],[3672,3840],[3673,3840],[3674,3840],[3675,3840],[3676,3840],[3677,3840],[3678,3840],[3679,3840],[3680,3840],[3681,3840],[3682,3840],[3683,3840],[3684,3840],[3685,3840],[3686,3840],[3687,3840],[3688,3840],[3689,3840],[3690,3840],[3691,3840],[3692,3840],[3693,3840],[3694,3840],[3695,3840],[3696,3840],[3697,3840],[3698,3840],[3699,3840],[3700,3840],[3701,3840],[3702,3840],[3703,3840],[3704,3840],[3705,3840],[3706,3840],[3707,3840],[3708,3840],[3709,3840],[3710,3840],[3711,3840],[3712,3840],[3712,3839],[3712,3838],[3712,3837],[3712,3836],[3712,3835],[3712,3834],[3712,3833],[3712,3832],[3712,3831],[3712,3830],[3712,3829],[3712,3828],[3712,3827],[3712,3826],[3712,3825],[3712,3824],[3712,3823],[3712,3822],[3712,3821],[3712,3820],[3712,3819],[3712,3818],[3712,3817],[3712,3816],[3712,3815],[3712,3814],[3712,3813],[3712,3812],[3712,3811],[3712,3810],[3712,3809],[3712,3808],[3712,3807],[3712,3806],[3712,3805],[3712,3804],[3712,3803],[3712,3802],[3712,3801],[3712,3800],[3712,3799],[3712,3798],[3712,3797],[3712,3796],[3712,3795],[3712,3794],[3712,3793],[3712,3792],[3712,3791],[3712,3790],[3712,3789],[3712,3788],[3712,3787],[3712,3786],[3712,3785],[3712,3784],[3712,3783],[3712,3782],[3712,3781],[3712,3780],[3712,3779],[3712,3778],[3712,3777],[3712,3776],[3711,3776],[3710,3776],[3709,3776],[3708,3776],[3707,3776],[3706,3776],[3705,3776],[3704,3776],[3703,3776],[3702,3776],[3701,3776],[3700,3776],[3699,3776],[3698,3776],[3697,3776],[3696,3776],[3695,3776],[3694,3776],[3693,3776],[3692,3776],[3691,3776],[3690,3776],[3689,3776],[3688,3776],[3687,3776],[3686,3776],[3685,3776],[3684,3776],[3683,3776],[3682,3776],[3681,3776],[3680,3776],[3679,3776],[3678,3776],[3677,3776],[3676,3776],[3675,3776],[3674,3776],[3673,3776],[3672,3776],[3671,3776],[3670,3776],[3669,3776],[3668,3776],[3667,3776],[3666,3776],[3665,3776],[3664,3776],[3663,3776],[3662,3776],[3661,3776],[3660,3776],[3659,3776],[3658,3776],[3657,3776],[3656,3776],[3655,3776],[3654,3776],[3653,3776],[3652,3776],[3651,3776],[3650,3776],[3649,3776],[3648,3776]]]]}},{"type":"Feature","properties":{"areaId":2,"name":"Karamja","tileCount":561685,"partCount":142},"geometry":{"type":"MultiPolygon","coordinates":[[[[2304,4992],[2368,4992],[2368,5056],[2304,5056],[2304,4992]]],[[[2304,5056],[2368,5056],[2368,5120],[2304,5120],[2304,5056]]],[[[2304,5120],[2368,5120],[2368,5184],[2304,5184],[2304,5120]]],[[[2304,5184],[2368,5184],[2368,5248],[2304,5248],[2304,5184]]],[[[2304,9024],[2368,9024],[2368,9088],[2304,9088],[2304,9024]]],[[[2304,9088],[2368,9088],[2368,9152],[2304,9152],[2304,9088]]],[[[2304,9152],[2368,9152],[2368,9216],[2304,9216],[2304,9152]]],[[[2304,9216],[2368,9216],[2368,9280],[2304,9280],[2304,9216]]],[[[2304,9280],[2368,9280],[2368,9344],[2304,9344],[2304,9280]]],[[[2304,9344],[2368,9344],[2368,9408],[2304,9408],[2304,9344]]],[[[2304,9408],[2368,9408],[2368,9472],[2304,9472],[2304,9408]]],[[[2368,4672],[2432,4672],[2432,4736],[2368,4736],[2368,4672]]],[[[2368,4992],[2432,4992],[2432,5056],[2368,5056],[2368,4992]]],[[[2368,5056],[2432,5056],[2432,5120],[2368,5120],[2368,5056]]],[[[2368,5120],[2432,5120],[2432,5184],[2368,5184],[2368,5120]]],[[[2368,5184],[2432,5184],[2432,5248],[2368,5248],[2368,5184]]],[[[2368,9024],[2432,9024],[2432,9088],[2368,9088],[2368,9024]]],[[[2368,9088],[2432,9088],[2432,9152],[2368,9152],[2368,9088]]],[[[2368,9152],[2432,9152],[2432,9216],[2368,9216],[2368,9152]]],[[[2368,9216],[2432,9216],[2432,9280],[2368,9280],[2368,9216]]],[[[2368,9280],[2432,9280],[2432,9344],[2368,9344],[2368,9280]]],[[[2368,9344],[2432,9344],[2432,9408],[2368,9408],[2368,9344]]],[[[2368,9408],[2432,9408],[2432,9472],[2368,9472],[2368,9408]]],[[[2432,4992],[2496,4992],[2496,5056],[2432,5056],[2432,4992]]],[[[2432,5056],[2496,5056],[2496,5120],[2432,5120],[2432,5056]]],[[[2432,5120],[2496,5120],[2496,5184],[2432,5184],[2432,5120]]],[[[2432,5184],[2496,5184],[2496,5248],[2432,5248],[2432,5184]]],[[[2432,9024],[2496,9024],[2496,9088],[2432,9088],[2432,9024]]],[[[2432,9088],[2496,9088],[2496,9152],[2432,9152],[2432,9088]]],[[[2432,9152],[2496,9152],[2496,9216],[2432,9216],[2432,9152]]],[[[2432,9216],[2496,9216],[2496,9280],[2432,9280],[2432,9216]]],[[[2432,9280],[2496,9280],[2496,9344],[2432,9344],[2432,9280]]],[[[2432,9344],[2496,9344],[2496,9408],[2432,9408],[2432,9344]]],[[[2432,9408],[2496,9408],[2496,9472],[2432,9472],[2432,9408]]],[[[2496,4992],[2560,4992],[2560,5056],[2496,5056],[2496,4992]]],[[[2496,5056],[2560,5056],[2560,5120],[2496,5120],[2496,5056]]],[[[2496,5120],[2560,5120],[2560,5184],[2496,5184],[2496,5120]]],[[[2496,5184],[2560,5184],[2560,5248],[2496,5248],[2496,5184]]],[[[2496,9024],[2560,9024],[2560,9088],[2496,9088],[2496,9024]]],[[[2496,9088],[2560,9088],[2560,9152],[2496,9152],[2496,9088]]],[[[2496,9152],[2560,9152],[2560,9216],[2496,9216],[2496,9152]]],[[[2496,9216],[2560,9216],[2560,9280],[2496,9280],[2496,9216]]],[[[2496,9280],[2560,9280],[2560,9344],[2496,9344],[2496,9280]]],[[[2496,9344],[2560,9344],[2560,9408],[2496,9408],[2496,9344]]],[[[2496,9408],[2560,9408],[2560,9472],[2496,9472],[2496,9408]]],[[[2560,4992],[2624,4992],[2624,5056],[2560,5056],[2560,4992]]],[[[2560,5056],[2624,5056],[2624,5120],[2560,5120],[2560,5056]]],[[[2560,5120],[2624,5120],[2624,5184],[2560,5184],[2560,5120]]],[[[2560,5184],[2624,5184],[2624,5248],[2560,5248],[2560,5184]]],[[[2560,9024],[2624,9024],[2624,9088],[2560,9088],[2560,9024]]],[[[2560,9088],[2624,9088],[2624,9152],[2560,9152],[2560,9088]]],[[[2560,9152],[2624,9152],[2624,9216],[2560,9216],[2560,9152]]],[[[2560,9216],[2624,9216],[2624,9280],[2560,9280],[2560,9216]]],[[[2560,9280],[2624,9280],[2624,9344],[2560,9344],[2560,9280]]],[[[2560,9344],[2624,9344],[2624,9408],[2560,9408],[2560,9344]]],[[[2560,9408],[2624,9408],[2624,9472],[2560,9472],[2560,9408]]],[[[2624,4672],[2688,4672],[2688,4736],[2624,4736],[2624,4672]]],[[[2624,4736],[2688,4736],[2688,4800],[2624,4800],[2624,4736]]],[[[2624,4992],[2688,4992],[2688,5056],[2624,5056],[2624,4992]]],[[[2624,5056],[2688,5056],[2688,5120],[2624,5120],[2624,5056]]],[[[2624,5120],[2688,5120],[2688,5184],[2624,5184],[2624,5120]]],[[[2624,5184],[2688,5184],[2688,5248],[2624,5248],[2624,5184]]],[[[2624,9024],[2688,9024],[2688,9088],[2624,9088],[2624,9024]]],[[[2624,9088],[2688,9088],[2688,9152],[2624,9152],[2624,9088]]],[[[2624,9152],[2688,9152],[2688,9216],[2624,9216],[2624,9152]]],[[[2624,9216],[2688,9216],[2688,9280],[2624,9280],[2624,9216]]],[[[2624,9280],[2688,9280],[2688,9344],[2624,9344],[2624,9280]]],[[[2624,9344],[2688,9344],[2688,9408],[2624,9408],[2624,9344]]],[[[2624,9408],[2688,9408],[2688,9472],[2624,9472],[2624,9408]]],[[[2624,9472],[2688,9472],[2688,9536],[2624,9536],[2624,9472]]],[[[2624,9536],[2688,9536],[2688,9600],[2624,9600],[2624,9536]]],[[[2688,3136],[2752,3136],[2752,3200],[2688,3200],[2688,3136]]],[[[2688,3200],[2752,3200],[2752,3264],[2688,3264],[2688,3200]]],[[[2688,9024],[2752,9024],[2752,9088],[2688,9088],[2688,9024]]],[[[2688,9088],[2752,9088],[2752,9152],[2688,9152],[2688,9088]]],[[[2688,9152],[2752,9152],[2752,9216],[2688,9216],[2688,9152]]],[[[2688,9216],[2752,9216],[2752,9280],[2688,9280],[2688,9216]]],[[[2688,9280],[2752,9280],[2752,9344],[2688,9344],[2688,9280]]],[[[2688,9344],[2752,9344],[2752,9408],[2688,9408],[2688,9344]]],[[[2688,9408],[2752,9408],[2752,9472],[2688,9472],[2688,9408]]],[[[2688,9472],[2752,9472],[2752,9536],[2688,9536],[2688,9472]]],[[[2688,9536],[2752,9536],[2752,9600],[2688,9600],[2688,9536]]],[[[2752,2880],[2816,2880],[2816,2944],[2752,2944],[2752,2880]]],[[[2752,2944],[2816,2944],[2816,3008],[2752,3008],[2752,2944]]],[[[2752,3008],[2816,3008],[2816,3072],[2752,3072],[2752,3008]]],[[[2752,3072],[2816,3072],[2816,3136],[2752,3136],[2752,3072]]],[[[2752,3136],[2816,3136],[2816,3200],[2752,3200],[2752,3136]]],[[[2752,3200],[2816,3200],[2816,3264],[2752,3264],[2752,3200]]],[[[2752,9024],[2816,9024],[2816,9088],[2752,9088],[2752,9024]]],[[[2752,9088],[2816,9088],[2816,9152],[2752,9152],[2752,9088]]],[[[2752,9152],[2816,9152],[2816,9216],[2752,9216],[2752,9152]]],[[[2752,9216],[2816,9216],[2816,9280],[2752,9280],[2752,9216]]],[[[2752,9280],[2816,9280],[2816,9344],[2752,9344],[2752,9280]]],[[[2752,9344],[2816,9344],[2816,9408],[2752,9408],[2752,9344]]],[[[2752,9408],[2816,9408],[2816,9472],[2752,9472],[2752,9408]]],[[[2816,2880],[2880,2880],[2880,2944],[2816,2944],[2816,2880]]],[[[2816,2944],[2880,2944],[2880,3008],[2816,3008],[2816,2944]]],[[[2816,3008],[2880,3008],[2880,3072],[2816,3072],[2816,3008]]],[[[2816,3072],[2880,3072],[2880,3136],[2816,3136],[2816,3072]]],[[[2816,3136],[2880,3136],[2880,3200],[2816,3200],[2816,3136]]],[[[2816,3200],[2880,3200],[2880,3264],[2816,3264],[2816,3200]]],[[[2816,3264],[2880,3264],[2880,3328],[2816,3328],[2816,3264]]],[[[2816,9024],[2880,9024],[2880,9088],[2816,9088],[2816,9024]]],[[[2816,9088],[2880,9088],[2880,9152],[2816,9152],[2816,9088]]],[[[2816,9152],[2880,9152],[2880,9216],[2816,9216],[2816,9152]]],[[[2816,9216],[2880,9216],[2880,9280],[2816,9280],[2816,9216]]],[[[2816,9280],[2880,9280],[2880,9344],[2816,9344],[2816,9280]]],[[[2816,9344],[2880,9344],[2880,9408],[2816,9408],[2816,9344]]],[[[2816,9408],[2880,9408],[2880,9472],[2816,9472],[2816,9408]]],[[[2880,2816],[2944,2816],[2944,2880],[2880,2880],[2880,2816]]],[[[2880,2880],[2944,2880],[2944,2944],[2880,2944],[2880,2880]]],[[[2880,2944],[2944,2944],[2944,3008],[2880,3008],[2880,2944]]],[[[2880,3008],[2944,3008],[2944,3072],[2880,3072],[2880,3008]]],[[[2880,3072],[2944,3072],[2944,3136],[2880,3136],[2880,3072]]],[[[2880,9024],[2944,9024],[2944,9088],[2880,9088],[2880,9024]]],[[[2880,9088],[2944,9088],[2944,9152],[2880,9152],[2880,9088]]],[[[2880,9152],[2944,9152],[2944,9216],[2880,9216],[2880,9152]]],[[[2880,9216],[2944,9216],[2944,9280],[2880,9280],[2880,9216]]],[[[2880,9280],[2944,9280],[2944,9344],[2880,9344],[2880,9280]]],[[[2880,9344],[2944,9344],[2944,9408],[2880,9408],[2880,9344]]],[[[2880,9408],[2944,9408],[2944,9472],[2880,9472],[2880,9408]]],[[[2944,2816],[3008,2816],[3008,2880],[2944,2880],[2944,2816]]],[[[2944,2880],[3008,2880],[3008,2944],[2944,2944],[2944,2880]]],[[[2944,2944],[3008,2944],[3008,3008],[2944,3008],[2944,2944]]],[[[2944,3008],[3008,3008],[3008,3072],[2944,3072],[2944,3008]]],[[[2944,9024],[3008,9024],[3008,9088],[2944,9088],[2944,9024]]],[[[2944,9088],[3008,9088],[3008,9152],[2944,9152],[2944,9088]]],[[[2944,9152],[3008,9152],[3008,9216],[2944,9216],[2944,9152]]],[[[2944,9216],[3008,9216],[3008,9280],[2944,9280],[2944,9216]]],[[[2944,9280],[3008,9280],[3008,9344],[2944,9344],[2944,9280]]],[[[2944,9344],[3008,9344],[3008,9408],[2944,9408],[2944,9344]]],[[[2944,9408],[3008,9408],[3008,9472],[2944,9472],[2944,9408]]],[[[3008,2816],[3072,2816],[3072,2880],[3008,2880],[3008,2816]]],[[[3008,2880],[3072,2880],[3072,2944],[3008,2944],[3008,2880]]],[[[3008,2944],[3072,2944],[3072,3008],[3008,3008],[3008,2944]]],[[[3008,3008],[3072,3008],[3072,3072],[3008,3072],[3008,3008]]],[[[2880,3136],[2881,3136],[2882,3136],[2883,3136],[2884,3136],[2885,3136],[2886,3136],[2887,3136],[2888,3136],[2889,3136],[2890,3136],[2891,3136],[2892,3136],[2893,3136],[2894,3136],[2895,3136],[2896,3136],[2897,3136],[2898,3136],[2899,3136],[2900,3136],[2901,3136],[2902,3136],[2903,3136],[2904,3136],[2905,3136],[2906,3136],[2907,3136],[2908,3136],[2909,3136],[2910,3136],[2911,3136],[2912,3136],[2913,3136],[2914,3136],[2915,3136],[2916,3136],[2917,3136],[2918,3136],[2919,3136],[2920,3136],[2921,3136],[2922,3136],[2923,3136],[2924,3136],[2925,3136],[2926,3136],[2927,3136],[2928,3136],[2929,3136],[2930,3136],[2931,3136],[2932,3136],[2933,3136],[2934,3136],[2935,3136],[2936,3136],[2937,3136],[2938,3136],[2939,3136],[2940,3136],[2941,3136],[2942,3136],[2943,3136],[2944,3136],[2944,3137],[2944,3138],[2944,3139],[2944,3140],[2944,3141],[2944,3142],[2944,3143],[2944,3144],[2944,3145],[2944,3146],[2944,3147],[2944,3148],[2944,3149],[2944,3150],[2944,3151],[2944,3152],[2944,3153],[2944,3154],[2944,3155],[2944,3156],[2944,3157],[2944,3158],[2944,3159],[2944,3160],[2944,3161],[2944,3162],[2944,3163],[2944,3164],[2944,3165],[2944,3166],[2944,3167],[2944,3168],[2944,3169],[2944,3170],[2944,3171],[2944,3172],[2944,3173],[2944,3174],[2944,3175],[2944,3176],[2944,3177],[2944,3178],[2944,3179],[2943,3179],[2943,3180],[2943,3181],[2942,3181],[2941,3181],[2940,3181],[2940,3182],[2939,3182],[2938,3182],[2938,3183],[2937,3183],[2937,3184],[2937,3185],[2936,3185],[2936,3186],[2935,3186],[2935,3187],[2934,3187],[2934,3188],[2934,3189],[2933,3189],[2932,3189],[2932,3190],[2931,3190],[2930,3190],[2930,3191],[2929,3191],[2929,3192],[2928,3192],[2928,3193],[2927,3193],[2926,3193],[2926,3194],[2925,3194],[2924,3194],[2924,3195],[2923,3195],[2922,3195],[2922,3196],[2921,3196],[2920,3196],[2920,3197],[2919,3197],[2919,3198],[2919,3199],[2918,3199],[2917,3199],[2917,3200],[2916,3200],[2915,3200],[2914,3200],[2913,3200],[2912,3200],[2911,3200],[2910,3200],[2909,3200],[2908,3200],[2907,3200],[2906,3200],[2905,3200],[2904,3200],[2903,3200],[2902,3200],[2901,3200],[2900,3200],[2899,3200],[2898,3200],[2897,3200],[2896,3200],[2895,3200],[2894,3200],[2893,3200],[2892,3200],[2891,3200],[2890,3200],[2889,3200],[2888,3200],[2887,3200],[2886,3200],[2885,3200],[2884,3200],[2883,3200],[2882,3200],[2881,3200],[2880,3200],[2880,3199],[2880,3198],[2880,3197],[2880,3196],[2880,3195],[2880,3194],[2880,3193],[2880,3192],[2880,3191],[2880,3190],[2880,3189],[2880,3188],[2880,3187],[2880,3186],[2880,3185],[2880,3184],[2880,3183],[2880,3182],[2880,3181],[2880,3180],[2880,3179],[2880,3178],[2880,3177],[2880,3176],[2880,3175],[2880,3174],[2880,3173],[2880,3172],[2880,3171],[2880,3170],[2880,3169],[2880,3168],[2880,3167],[2880,3166],[2880,3165],[2880,3164],[2880,3163],[2880,3162],[2880,3161],[2880,3160],[2880,3159],[2880,3158],[2880,3157],[2880,3156],[2880,3155],[2880,3154],[2880,3153],[2880,3152],[2880,3151],[2880,3150],[2880,3149],[2880,3148],[2880,3147],[2880,3146],[2880,3145],[2880,3144],[2880,3143],[2880,3142],[2880,3141],[2880,3140],[2880,3139],[2880,3138],[2880,3137],[2880,3136]]],[[[2880,3136],[2880,3137],[2880,3138],[2880,3139],[2880,3140],[2880,3141],[2880,3142],[2880,3143],[2880,3144],[2880,3145],[2880,3146],[2880,3147],[2880,3148],[2880,3149],[2880,3150],[2880,3151],[2880,3152],[2880,3153],[2880,3154],[2880,3155],[2880,3156],[2880,3157],[2880,3158],[2880,3159],[2880,3160],[2880,3161],[2880,3162],[2880,3163],[2880,3164],[2880,3165],[2880,3166],[2880,3167],[2880,3168],[2880,3169],[2880,3170],[2880,3171],[2880,3172],[2880,3173],[2880,3174],[2880,3175],[2880,3176],[2880,3177],[2880,3178],[2880,3179],[2880,3180],[2880,3181],[2880,3182],[2880,3183],[2880,3184],[2880,3185],[2880,3186],[2880,3187],[2880,3188],[2880,3189],[2880,3190],[2880,3191],[2880,3192],[2880,3193],[2880,3194],[2880,3195],[2880,3196],[2880,3197],[2880,3198],[2880,3199],[2880,3200],[2881,3200],[2882,3200],[2883,3200],[2884,3200],[2885,3200],[2886,3200],[2887,3200],[2888,3200],[2889,3200],[2890,3200],[2891,3200],[2892,3200],[2893,3200],[2894,3200],[2895,3200],[2896,3200],[2897,3200],[2898,3200],[2899,3200],[2900,3200],[2901,3200],[2902,3200],[2903,3200],[2904,3200],[2905,3200],[2906,3200],[2907,3200],[2908,3200],[2909,3200],[2910,3200],[2911,3200],[2912,3200],[2913,3200],[2914,3200],[2915,3200],[2916,3200],[2917,3200],[2917,3199],[2918,3199],[2919,3199],[2919,3198],[2919,3197],[2920,3197],[2920,3196],[2921,3196],[2922,3196],[2922,3195],[2923,3195],[2924,3195],[2924,3194],[2925,3194],[2926,3194],[2926,3193],[2927,3193],[2928,3193],[2928,3192],[2929,3192],[2929,3191],[2930,3191],[2930,3190],[2931,3190],[2932,3190],[2932,3189],[2933,3189],[2934,3189],[2934,3188],[2934,3187],[2935,3187],[2935,3186],[2936,3186],[2936,3185],[2937,3185],[2937,3184],[2937,3183],[2938,3183],[2938,3182],[2939,3182],[2940,3182],[2940,3181],[2941,3181],[2942,3181],[2943,3181],[2943,3180],[2943,3179],[2944,3179],[2944,3178],[2944,3177],[2944,3176],[2944,3175],[2944,3174],[2944,3173],[2944,3172],[2944,3171],[2944,3170],[2944,3169],[2944,3168],[2944,3167],[2944,3166],[2944,3165],[2944,3164],[2944,3163],[2944,3162],[2944,3161],[2944,3160],[2944,3159],[2944,3158],[2944,3157],[2944,3156],[2944,3155],[2944,3154],[2944,3153],[2944,3152],[2944,3151],[2944,3150],[2944,3149],[2944,3148],[2944,3147],[2944,3146],[2944,3145],[2944,3144],[2944,3143],[2944,3142],[2944,3141],[2944,3140],[2944,3139],[2944,3138],[2944,3137],[2944,3136],[2943,3136],[2942,3136],[2941,3136],[2940,3136],[2939,3136],[2938,3136],[2937,3136],[2936,3136],[2935,3136],[2934,3136],[2933,3136],[2932,3136],[2931,3136],[2930,3136],[2929,3136],[2928,3136],[2927,3136],[2926,3136],[2925,3136],[2924,3136],[2923,3136],[2922,3136],[2921,3136],[2920,3136],[2919,3136],[2918,3136],[2917,3136],[2916,3136],[2915,3136],[2914,3136],[2913,3136],[2912,3136],[2911,3136],[2910,3136],[2909,3136],[2908,3136],[2907,3136],[2906,3136],[2905,3136],[2904,3136],[2903,3136],[2902,3136],[2901,3136],[2900,3136],[2899,3136],[2898,3136],[2897,3136],[2896,3136],[2895,3136],[2894,3136],[2893,3136],[2892,3136],[2891,3136],[2890,3136],[2889,3136],[2888,3136],[2887,3136],[2886,3136],[2885,3136],[2884,3136],[2883,3136],[2882,3136],[2881,3136],[2880,3136]]],[[[2944,3136],[2945,3136],[2946,3136],[2947,3136],[2948,3136],[2949,3136],[2950,3136],[2951,3136],[2952,3136],[2953,3136],[2954,3136],[2955,3136],[2956,3136],[2957,3136],[2958,3136],[2959,3136],[2960,3136],[2961,3136],[2962,3136],[2963,3136],[2964,3136],[2965,3136],[2966,3136],[2967,3136],[2968,3136],[2969,3136],[2970,3136],[2971,3136],[2972,3136],[2973,3136],[2973,3137],[2972,3137],[2972,3138],[2973,3138],[2973,3139],[2973,3140],[2973,3141],[2972,3141],[2972,3142],[2972,3143],[2972,3144],[2971,3144],[2971,3145],[2971,3146],[2970,3146],[2970,3147],[2969,3147],[2969,3148],[2969,3149],[2968,3149],[2968,3150],[2968,3151],[2967,3151],[2967,3152],[2967,3153],[2966,3153],[2966,3154],[2966,3155],[2965,3155],[2965,3156],[2965,3157],[2964,3157],[2964,3158],[2963,3158],[2962,3158],[2962,3159],[2961,3159],[2961,3160],[2961,3161],[2960,3161],[2960,3162],[2959,3162],[2959,3163],[2959,3164],[2958,3164],[2958,3165],[2958,3166],[2958,3167],[2957,3167],[2957,3168],[2958,3168],[2958,3169],[2957,3169],[2957,3170],[2957,3171],[2957,3172],[2957,3173],[2956,3173],[2956,3174],[2955,3174],[2954,3174],[2954,3175],[2953,3175],[2952,3175],[2951,3175],[2951,3176],[2950,3176],[2949,3176],[2948,3176],[2948,3177],[2947,3177],[2946,3177],[2946,3178],[2945,3178],[2944,3178],[2944,3177],[2944,3176],[2944,3175],[2944,3174],[2944,3173],[2944,3172],[2944,3171],[2944,3170],[2944,3169],[2944,3168],[2944,3167],[2944,3166],[2944,3165],[2944,3164],[2944,3163],[2944,3162],[2944,3161],[2944,3160],[2944,3159],[2944,3158],[2944,3157],[2944,3156],[2944,3155],[2944,3154],[2944,3153],[2944,3152],[2944,3151],[2944,3150],[2944,3149],[2944,3148],[2944,3147],[2944,3146],[2944,3145],[2944,3144],[2944,3143],[2944,3142],[2944,3141],[2944,3140],[2944,3139],[2944,3138],[2944,3137],[2944,3136]]],[[[2944,3136],[2944,3137],[2944,3138],[2944,3139],[2944,3140],[2944,3141],[2944,3142],[2944,3143],[2944,3144],[2944,3145],[2944,3146],[2944,3147],[2944,3148],[2944,3149],[2944,3150],[2944,3151],[2944,3152],[2944,3153],[2944,3154],[2944,3155],[2944,3156],[2944,3157],[2944,3158],[2944,3159],[2944,3160],[2944,3161],[2944,3162],[2944,3163],[2944,3164],[2944,3165],[2944,3166],[2944,3167],[2944,3168],[2944,3169],[2944,3170],[2944,3171],[2944,3172],[2944,3173],[2944,3174],[2944,3175],[2944,3176],[2944,3177],[2944,3178],[2945,3178],[2946,3178],[2946,3177],[2947,3177],[2948,3177],[2948,3176],[2949,3176],[2950,3176],[2951,3176],[2951,3175],[2952,3175],[2953,3175],[2954,3175],[2954,3174],[2955,3174],[2956,3174],[2956,3173],[2957,3173],[2957,3172],[2957,3171],[2957,3170],[2957,3169],[2958,3169],[2958,3168],[2957,3168],[2957,3167],[2958,3167],[2958,3166],[2958,3165],[2958,3164],[2959,3164],[2959,3163],[2959,3162],[2960,3162],[2960,3161],[2961,3161],[2961,3160],[2961,3159],[2962,3159],[2962,3158],[2963,3158],[2964,3158],[2964,3157],[2965,3157],[2965,3156],[2965,3155],[2966,3155],[2966,3154],[2966,3153],[2967,3153],[2967,3152],[2967,3151],[2968,3151],[2968,3150],[2968,3149],[2969,3149],[2969,3148],[2969,3147],[2970,3147],[2970,3146],[2971,3146],[2971,3145],[2971,3144],[2972,3144],[2972,3143],[2972,3142],[2972,3141],[2973,3141],[2973,3140],[2973,3139],[2973,3138],[2972,3138],[2972,3137],[2973,3137],[2973,3136],[2972,3136],[2971,3136],[2970,3136],[2969,3136],[2968,3136],[2967,3136],[2966,3136],[2965,3136],[2964,3136],[2963,3136],[2962,3136],[2961,3136],[2960,3136],[2959,3136],[2958,3136],[2957,3136],[2956,3136],[2955,3136],[2954,3136],[2953,3136],[2952,3136],[2951,3136],[2950,3136],[2949,3136],[2948,3136],[2947,3136],[2946,3136],[2945,3136],[2944,3136]]],[[[3007,3170],[3008,3170],[3008,3171],[3008,3172],[3007,3172],[3007,3171],[3007,3170]]],[[[3007,3170],[3007,3171],[3007,3172],[3008,3172],[3008,3171],[3008,3170],[3007,3170]]]]}},{"type":"Feature","properties":{"areaId":3,"name":"Asgarnia","tileCount":298718,"partCount":105},"geometry":{"type":"MultiPolygon","coordinates":[[[[1728,5184],[1792,5184],[1792,5248],[1728,5248],[1728,5184]]],[[[2624,2560],[2688,2560],[2688,2624],[2624,2624],[2624,2560]]],[[[2624,2624],[2688,2624],[2688,2688],[2624,2688],[2624,2624]]],[[[2752,3328],[2816,3328],[2816,3392],[2752,3392],[2752,3328]]],[[[2816,3584],[2880,3584],[2880,3648],[2816,3648],[2816,3584]]],[[[2816,3648],[2880,3648],[2880,3712],[2816,3712],[2816,3648]]],[[[2816,9472],[2880,9472],[2880,9536],[2816,9536],[2816,9472]]],[[[2816,9536],[2880,9536],[2880,9600],[2816,9600],[2816,9536]]],[[[2816,9600],[2880,9600],[2880,9664],[2816,9664],[2816,9600]]],[[[2816,9664],[2880,9664],[2880,9728],[2816,9728],[2816,9664]]],[[[2816,9728],[2880,9728],[2880,9792],[2816,9792],[2816,9728]]],[[[2816,9792],[2880,9792],[2880,9856],[2816,9856],[2816,9792]]],[[[2816,9856],[2880,9856],[2880,9920],[2816,9920],[2816,9856]]],[[[2880,3264],[2944,3264],[2944,3328],[2880,3328],[2880,3264]]],[[[2880,3584],[2944,3584],[2944,3648],[2880,3648],[2880,3584]]],[[[2880,3648],[2944,3648],[2944,3712],[2880,3712],[2880,3648]]],[[[2880,3712],[2944,3712],[2944,3776],[2880,3776],[2880,3712]]],[[[2880,3776],[2944,3776],[2944,3840],[2880,3840],[2880,3776]]],[[[2880,3840],[2944,3840],[2944,3904],[2880,3904],[2880,3840]]],[[[2880,3904],[2944,3904],[2944,3968],[2880,3968],[2880,3904]]],[[[2880,5248],[2944,5248],[2944,5312],[2880,5312],[2880,5248]]],[[[2880,5312],[2944,5312],[2944,5376],[2880,5376],[2880,5312]]],[[[2880,9472],[2944,9472],[2944,9536],[2880,9536],[2880,9472]]],[[[2880,9536],[2944,9536],[2944,9600],[2880,9600],[2880,9536]]],[[[2880,9600],[2944,9600],[2944,9664],[2880,9664],[2880,9600]]],[[[2880,9664],[2944,9664],[2944,9728],[2880,9728],[2880,9664]]],[[[2880,9728],[2944,9728],[2944,9792],[2880,9792],[2880,9728]]],[[[2880,9792],[2944,9792],[2944,9856],[2880,9856],[2880,9792]]],[[[2880,9856],[2944,9856],[2944,9920],[2880,9920],[2880,9856]]],[[[2944,3264],[3008,3264],[3008,3328],[2944,3328],[2944,3264]]],[[[2944,3328],[3008,3328],[3008,3392],[2944,3392],[2944,3328]]],[[[2944,3392],[3008,3392],[3008,3456],[2944,3456],[2944,3392]]],[[[2944,5760],[3008,5760],[3008,5824],[2944,5824],[2944,5760]]],[[[2944,5824],[3008,5824],[3008,5888],[2944,5888],[2944,5824]]],[[[2944,9472],[3008,9472],[3008,9536],[2944,9536],[2944,9472]]],[[[2944,9536],[3008,9536],[3008,9600],[2944,9600],[2944,9536]]],[[[2944,9600],[3008,9600],[3008,9664],[2944,9664],[2944,9600]]],[[[2944,9664],[3008,9664],[3008,9728],[2944,9728],[2944,9664]]],[[[2944,9728],[3008,9728],[3008,9792],[2944,9792],[2944,9728]]],[[[2944,9792],[3008,9792],[3008,9856],[2944,9856],[2944,9792]]],[[[2944,9856],[3008,9856],[3008,9920],[2944,9920],[2944,9856]]],[[[3008,4928],[3072,4928],[3072,4992],[3008,4992],[3008,4928]]],[[[3008,5760],[3072,5760],[3072,5824],[3008,5824],[3008,5760]]],[[[3008,5824],[3072,5824],[3072,5888],[3008,5888],[3008,5824]]],[[[3008,9472],[3072,9472],[3072,9536],[3008,9536],[3008,9472]]],[[[3008,9536],[3072,9536],[3072,9600],[3008,9600],[3008,9536]]],[[[3008,9600],[3072,9600],[3072,9664],[3008,9664],[3008,9600]]],[[[3008,9664],[3072,9664],[3072,9728],[3008,9728],[3008,9664]]],[[[3008,9728],[3072,9728],[3072,9792],[3008,9792],[3008,9728]]],[[[3008,9792],[3072,9792],[3072,9856],[3008,9856],[3008,9792]]],[[[3008,9856],[3072,9856],[3072,9920],[3008,9920],[3008,9856]]],[[[3712,5632],[3776,5632],[3776,5696],[3712,5696],[3712,5632]]],[[[3712,5696],[3776,5696],[3776,5760],[3712,5760],[3712,5696]]],[[[3776,5632],[3840,5632],[3840,5696],[3776,5696],[3776,5632]]],[[[3776,5696],[3840,5696],[3840,5760],[3776,5760],[3776,5696]]],[[[2815,3550],[2816,3550],[2816,3551],[2816,3552],[2816,3553],[2816,3554],[2816,3555],[2816,3556],[2816,3557],[2816,3558],[2816,3559],[2816,3560],[2816,3561],[2816,3562],[2816,3563],[2816,3564],[2815,3564],[2815,3563],[2814,3563],[2814,3562],[2813,3562],[2813,3561],[2813,3560],[2813,3559],[2813,3558],[2813,3557],[2813,3556],[2813,3555],[2813,3554],[2813,3553],[2813,3552],[2814,3552],[2814,3551],[2815,3551],[2815,3550]]],[[[2815,3550],[2815,3551],[2814,3551],[2814,3552],[2813,3552],[2813,3553],[2813,3554],[2813,3555],[2813,3556],[2813,3557],[2813,3558],[2813,3559],[2813,3560],[2813,3561],[2813,3562],[2814,3562],[2814,3563],[2815,3563],[2815,3564],[2816,3564],[2816,3563],[2816,3562],[2816,3561],[2816,3560],[2816,3559],[2816,3558],[2816,3557],[2816,3556],[2816,3555],[2816,3554],[2816,3553],[2816,3552],[2816,3551],[2816,3550],[2815,3550]]],[[[2816,3520],[2817,3520],[2818,3520],[2819,3520],[2820,3520],[2821,3520],[2822,3520],[2823,3520],[2824,3520],[2825,3520],[2826,3520],[2827,3520],[2828,3520],[2829,3520],[2830,3520],[2831,3520],[2832,3520],[2833,3520],[2834,3520],[2835,3520],[2836,3520],[2837,3520],[2838,3520],[2839,3520],[2840,3520],[2841,3520],[2842,3520],[2843,3520],[2844,3520],[2845,3520],[2846,3520],[2847,3520],[2848,3520],[2849,3520],[2850,3520],[2851,3520],[2852,3520],[2853,3520],[2854,3520],[2855,3520],[2856,3520],[2857,3520],[2858,3520],[2859,3520],[2860,3520],[2861,3520],[2862,3520],[2863,3520],[2864,3520],[2865,3520],[2866,3520],[2867,3520],[2868,3520],[2869,3520],[2870,3520],[2871,3520],[2872,3520],[2873,3520],[2874,3520],[2875,3520],[2876,3520],[2877,3520],[2878,3520],[2879,3520],[2880,3520],[2880,3521],[2880,3522],[2880,3523],[2880,3524],[2880,3525],[2880,3526],[2880,3527],[2880,3528],[2880,3529],[2880,3530],[2880,3531],[2880,3532],[2880,3533],[2880,3534],[2880,3535],[2880,3536],[2880,3537],[2880,3538],[2880,3539],[2880,3540],[2880,3541],[2880,3542],[2880,3543],[2880,3544],[2880,3545],[2880,3546],[2880,3547],[2880,3548],[2880,3549],[2880,3550],[2880,3551],[2880,3552],[2880,3553],[2880,3554],[2880,3555],[2880,3556],[2880,3557],[2880,3558],[2880,3559],[2880,3560],[2880,3561],[2880,3562],[2880,3563],[2880,3564],[2880,3565],[2880,3566],[2880,3567],[2880,3568],[2880,3569],[2880,3570],[2880,3571],[2880,3572],[2880,3573],[2880,3574],[2880,3575],[2880,3576],[2880,3577],[2880,3578],[2880,3579],[2880,3580],[2880,3581],[2880,3582],[2880,3583],[2880,3584],[2879,3584],[2878,3584],[2877,3584],[2876,3584],[2875,3584],[2874,3584],[2873,3584],[2872,3584],[2871,3584],[2870,3584],[2869,3584],[2868,3584],[2867,3584],[2866,3584],[2865,3584],[2864,3584],[2863,3584],[2862,3584],[2861,3584],[2860,3584],[2859,3584],[2858,3584],[2857,3584],[2856,3584],[2855,3584],[2854,3584],[2853,3584],[2852,3584],[2851,3584],[2850,3584],[2849,3584],[2848,3584],[2847,3584],[2846,3584],[2845,3584],[2844,3584],[2843,3584],[2842,3584],[2841,3584],[2840,3584],[2839,3584],[2838,3584],[2837,3584],[2836,3584],[2835,3584],[2834,3584],[2833,3584],[2832,3584],[2831,3584],[2830,3584],[2829,3584],[2828,3584],[2827,3584],[2826,3584],[2825,3584],[2824,3584],[2823,3584],[2822,3584],[2821,3584],[2820,3584],[2819,3584],[2818,3584],[2817,3584],[2816,3584],[2816,3583],[2816,3582],[2816,3581],[2816,3580],[2816,3579],[2816,3578],[2816,3577],[2816,3576],[2816,3575],[2816,3574],[2816,3573],[2816,3572],[2816,3571],[2816,3570],[2816,3569],[2816,3568],[2816,3567],[2816,3566],[2816,3565],[2816,3564],[2816,3563],[2816,3562],[2816,3561],[2816,3560],[2816,3559],[2816,3558],[2816,3557],[2816,3556],[2816,3555],[2816,3554],[2816,3553],[2816,3552],[2816,3551],[2816,3550],[2816,3549],[2816,3548],[2816,3547],[2816,3546],[2816,3545],[2816,3544],[2816,3543],[2816,3542],[2816,3541],[2816,3540],[2816,3539],[2816,3538],[2816,3537],[2816,3536],[2816,3535],[2816,3534],[2816,3533],[2816,3532],[2816,3531],[2816,3530],[2816,3529],[2816,3528],[2816,3527],[2816,3526],[2816,3525],[2816,3524],[2816,3523],[2816,3522],[2816,3521],[2816,3520]]],[[[2816,3520],[2816,3521],[2816,3522],[2816,3523],[2816,3524],[2816,3525],[2816,3526],[2816,3527],[2816,3528],[2816,3529],[2816,3530],[2816,3531],[2816,3532],[2816,3533],[2816,3534],[2816,3535],[2816,3536],[2816,3537],[2816,3538],[2816,3539],[2816,3540],[2816,3541],[2816,3542],[2816,3543],[2816,3544],[2816,3545],[2816,3546],[2816,3547],[2816,3548],[2816,3549],[2816,3550],[2816,3551],[2816,3552],[2816,3553],[2816,3554],[2816,3555],[2816,3556],[2816,3557],[2816,3558],[2816,3559],[2816,3560],[2816,3561],[2816,3562],[2816,3563],[2816,3564],[2816,3565],[2816,3566],[2816,3567],[2816,3568],[2816,3569],[2816,3570],[2816,3571],[2816,3572],[2816,3573],[2816,3574],[2816,3575],[2816,3576],[2816,3577],[2816,3578],[2816,3579],[2816,3580],[2816,3581],[2816,3582],[2816,3583],[2816,3584],[2817,3584],[2818,3584],[2819,3584],[2820,3584],[2821,3584],[2822,3584],[2823,3584],[2824,3584],[2825,3584],[2826,3584],[2827,3584],[2828,3584],[2829,3584],[2830,3584],[2831,3584],[2832,3584],[2833,3584],[2834,3584],[2835,3584],[2836,3584],[2837,3584],[2838,3584],[2839,3584],[2840,3584],[2841,3584],[2842,3584],[2843,3584],[2844,3584],[2845,3584],[2846,3584],[2847,3584],[2848,3584],[2849,3584],[2850,3584],[2851,3584],[2852,3584],[2853,3584],[2854,3584],[2855,3584],[2856,3584],[2857,3584],[2858,3584],[2859,3584],[2860,3584],[2861,3584],[2862,3584],[2863,3584],[2864,3584],[2865,3584],[2866,3584],[2867,3584],[2868,3584],[2869,3584],[2870,3584],[2871,3584],[2872,3584],[2873,3584],[2874,3584],[2875,3584],[2876,3584],[2877,3584],[2878,3584],[2879,3584],[2880,3584],[2880,3583],[2880,3582],[2880,3581],[2880,3580],[2880,3579],[2880,3578],[2880,3577],[2880,3576],[2880,3575],[2880,3574],[2880,3573],[2880,3572],[2880,3571],[2880,3570],[2880,3569],[2880,3568],[2880,3567],[2880,3566],[2880,3565],[2880,3564],[2880,3563],[2880,3562],[2880,3561],[2880,3560],[2880,3559],[2880,3558],[2880,3557],[2880,3556],[2880,3555],[2880,3554],[2880,3553],[2880,3552],[2880,3551],[2880,3550],[2880,3549],[2880,3548],[2880,3547],[2880,3546],[2880,3545],[2880,3544],[2880,3543],[2880,3542],[2880,3541],[2880,3540],[2880,3539],[2880,3538],[2880,3537],[2880,3536],[2880,3535],[2880,3534],[2880,3533],[2880,3532],[2880,3531],[2880,3530],[2880,3529],[2880,3528],[2880,3527],[2880,3526],[2880,3525],[2880,3524],[2880,3523],[2880,3522],[2880,3521],[2880,3520],[2879,3520],[2878,3520],[2877,3520],[2876,3520],[2875,3520],[2874,3520],[2873,3520],[2872,3520],[2871,3520],[2870,3520],[2869,3520],[2868,3520],[2867,3520],[2866,3520],[2865,3520],[2864,3520],[2863,3520],[2862,3520],[2861,3520],[2860,3520],[2859,3520],[2858,3520],[2857,3520],[2856,3520],[2855,3520],[2854,3520],[2853,3520],[2852,3520],[2851,3520],[2850,3520],[2849,3520],[2848,3520],[2847,3520],[2846,3520],[2845,3520],[2844,3520],[2843,3520],[2842,3520],[2841,3520],[2840,3520],[2839,3520],[2838,3520],[2837,3520],[2836,3520],[2835,3520],[2834,3520],[2833,3520],[2832,3520],[2831,3520],[2830,3520],[2829,3520],[2828,3520],[2827,3520],[2826,3520],[2825,3520],[2824,3520],[2823,3520],[2822,3520],[2821,3520],[2820,3520],[2819,3520],[2818,3520],[2817,3520],[2816,3520]]],[[[2873,3392],[2874,3392],[2875,3392],[2876,3392],[2877,3392],[2878,3392],[2879,3392],[2880,3392],[2880,3393],[2880,3394],[2880,3395],[2880,3396],[2880,3397],[2880,3398],[2880,3399],[2880,3400],[2880,3401],[2880,3402],[2880,3403],[2880,3404],[2880,3405],[2880,3406],[2880,3407],[2880,3408],[2880,3409],[2880,3410],[2880,3411],[2880,3412],[2880,3413],[2880,3414],[2880,3415],[2880,3416],[2880,3417],[2880,3418],[2880,3419],[2880,3420],[2880,3421],[2880,3422],[2880,3423],[2880,3424],[2880,3425],[2880,3426],[2880,3427],[2880,3428],[2880,3429],[2880,3430],[2880,3431],[2880,3432],[2880,3433],[2879,3433],[2879,3432],[2878,3432],[2877,3432],[2877,3431],[2876,3431],[2875,3431],[2875,3430],[2874,3430],[2874,3429],[2873,3429],[2873,3428],[2872,3428],[2872,3427],[2872,3426],[2871,3426],[2871,3425],[2871,3424],[2870,3424],[2870,3423],[2870,3422],[2870,3421],[2870,3420],[2870,3419],[2869,3419],[2869,3418],[2870,3418],[2870,3417],[2870,3416],[2870,3415],[2870,3414],[2870,3413],[2871,3413],[2871,3412],[2871,3411],[2871,3410],[2872,3410],[2872,3409],[2872,3408],[2872,3407],[2872,3406],[2872,3405],[2872,3404],[2872,3403],[2872,3402],[2872,3401],[2873,3401],[2873,3400],[2873,3399],[2873,3398],[2872,3398],[2872,3397],[2873,3397],[2873,3396],[2873,3395],[2873,3394],[2873,3393],[2873,3392]]],[[[2873,3392],[2873,3393],[2873,3394],[2873,3395],[2873,3396],[2873,3397],[2872,3397],[2872,3398],[2873,3398],[2873,3399],[2873,3400],[2873,3401],[2872,3401],[2872,3402],[2872,3403],[2872,3404],[2872,3405],[2872,3406],[2872,3407],[2872,3408],[2872,3409],[2872,3410],[2871,3410],[2871,3411],[2871,3412],[2871,3413],[2870,3413],[2870,3414],[2870,3415],[2870,3416],[2870,3417],[2870,3418],[2869,3418],[2869,3419],[2870,3419],[2870,3420],[2870,3421],[2870,3422],[2870,3423],[2870,3424],[2871,3424],[2871,3425],[2871,3426],[2872,3426],[2872,3427],[2872,3428],[2873,3428],[2873,3429],[2874,3429],[2874,3430],[2875,3430],[2875,3431],[2876,3431],[2877,3431],[2877,3432],[2878,3432],[2879,3432],[2879,3433],[2880,3433],[2880,3432],[2880,3431],[2880,3430],[2880,3429],[2880,3428],[2880,3427],[2880,3426],[2880,3425],[2880,3424],[2880,3423],[2880,3422],[2880,3421],[2880,3420],[2880,3419],[2880,3418],[2880,3417],[2880,3416],[2880,3415],[2880,3414],[2880,3413],[2880,3412],[2880,3411],[2880,3410],[2880,3409],[2880,3408],[2880,3407],[2880,3406],[2880,3405],[2880,3404],[2880,3403],[2880,3402],[2880,3401],[2880,3400],[2880,3399],[2880,3398],[2880,3397],[2880,3396],[2880,3395],[2880,3394],[2880,3393],[2880,3392],[2879,3392],[2878,3392],[2877,3392],[2876,3392],[2875,3392],[2874,3392],[2873,3392]]],[[[2879,3462],[2880,3462],[2880,3463],[2880,3464],[2880,3465],[2880,3466],[2880,3467],[2880,3468],[2880,3469],[2880,3470],[2880,3471],[2880,3472],[2880,3473],[2880,3474],[2880,3475],[2880,3476],[2880,3477],[2880,3478],[2880,3479],[2880,3480],[2880,3481],[2880,3482],[2880,3483],[2880,3484],[2880,3485],[2880,3486],[2880,3487],[2880,3488],[2880,3489],[2880,3490],[2880,3491],[2880,3492],[2880,3493],[2880,3494],[2880,3495],[2879,3495],[2879,3494],[2878,3494],[2877,3494],[2877,3493],[2876,3493],[2876,3492],[2875,3492],[2875,3491],[2874,3491],[2874,3490],[2874,3489],[2873,3489],[2873,3488],[2873,3487],[2872,3487],[2872,3486],[2872,3485],[2872,3484],[2872,3483],[2872,3482],[2871,3482],[2871,3481],[2872,3481],[2872,3480],[2872,3479],[2872,3478],[2872,3477],[2872,3476],[2873,3476],[2873,3475],[2873,3474],[2874,3474],[2874,3473],[2874,3472],[2875,3472],[2875,3471],[2876,3471],[2876,3470],[2877,3470],[2877,3469],[2877,3468],[2877,3467],[2877,3466],[2878,3466],[2878,3465],[2878,3464],[2879,3464],[2879,3463],[2879,3462]]],[[[2879,3462],[2879,3463],[2879,3464],[2878,3464],[2878,3465],[2878,3466],[2877,3466],[2877,3467],[2877,3468],[2877,3469],[2877,3470],[2876,3470],[2876,3471],[2875,3471],[2875,3472],[2874,3472],[2874,3473],[2874,3474],[2873,3474],[2873,3475],[2873,3476],[2872,3476],[2872,3477],[2872,3478],[2872,3479],[2872,3480],[2872,3481],[2871,3481],[2871,3482],[2872,3482],[2872,3483],[2872,3484],[2872,3485],[2872,3486],[2872,3487],[2873,3487],[2873,3488],[2873,3489],[2874,3489],[2874,3490],[2874,3491],[2875,3491],[2875,3492],[2876,3492],[2876,3493],[2877,3493],[2877,3494],[2878,3494],[2879,3494],[2879,3495],[2880,3495],[2880,3494],[2880,3493],[2880,3492],[2880,3491],[2880,3490],[2880,3489],[2880,3488],[2880,3487],[2880,3486],[2880,3485],[2880,3484],[2880,3483],[2880,3482],[2880,3481],[2880,3480],[2880,3479],[2880,3478],[2880,3477],[2880,3476],[2880,3475],[2880,3474],[2880,3473],[2880,3472],[2880,3471],[2880,3470],[2880,3469],[2880,3468],[2880,3467],[2880,3466],[2880,3465],[2880,3464],[2880,3463],[2880,3462],[2879,3462]]],[[[2879,3515],[2880,3515],[2880,3516],[2880,3517],[2880,3518],[2880,3519],[2880,3520],[2879,3520],[2878,3520],[2877,3520],[2876,3520],[2875,3520],[2874,3520],[2874,3519],[2875,3519],[2875,3518],[2876,3518],[2876,3517],[2877,3517],[2877,3516],[2878,3516],[2879,3516],[2879,3515]]],[[[2879,3515],[2879,3516],[2878,3516],[2877,3516],[2877,3517],[2876,3517],[2876,3518],[2875,3518],[2875,3519],[2874,3519],[2874,3520],[2875,3520],[2876,3520],[2877,3520],[2878,3520],[2879,3520],[2880,3520],[2880,3519],[2880,3518],[2880,3517],[2880,3516],[2880,3515],[2879,3515]]],[[[2816,3328],[2817,3328],[2818,3328],[2819,3328],[2820,3328],[2821,3328],[2822,3328],[2823,3328],[2824,3328],[2825,3328],[2826,3328],[2827,3328],[2828,3328],[2829,3328],[2830,3328],[2831,3328],[2832,3328],[2833,3328],[2834,3328],[2835,3328],[2836,3328],[2837,3328],[2838,3328],[2839,3328],[2840,3328],[2841,3328],[2842,3328],[2843,3328],[2844,3328],[2845,3328],[2846,3328],[2847,3328],[2848,3328],[2849,3328],[2850,3328],[2851,3328],[2852,3328],[2853,3328],[2854,3328],[2855,3328],[2856,3328],[2857,3328],[2858,3328],[2859,3328],[2860,3328],[2861,3328],[2862,3328],[2863,3328],[2864,3328],[2865,3328],[2866,3328],[2867,3328],[2868,3328],[2869,3328],[2870,3328],[2871,3328],[2872,3328],[2873,3328],[2874,3328],[2875,3328],[2876,3328],[2877,3328],[2878,3328],[2879,3328],[2880,3328],[2880,3329],[2880,3330],[2880,3331],[2880,3332],[2880,3333],[2880,3334],[2880,3335],[2880,3336],[2880,3337],[2880,3338],[2880,3339],[2880,3340],[2880,3341],[2880,3342],[2880,3343],[2880,3344],[2880,3345],[2880,3346],[2880,3347],[2880,3348],[2880,3349],[2880,3350],[2880,3351],[2880,3352],[2880,3353],[2880,3354],[2880,3355],[2880,3356],[2880,3357],[2880,3358],[2880,3359],[2880,3360],[2880,3361],[2880,3362],[2880,3363],[2880,3364],[2880,3365],[2880,3366],[2880,3367],[2880,3368],[2880,3369],[2880,3370],[2880,3371],[2880,3372],[2880,3373],[2880,3374],[2880,3375],[2880,3376],[2880,3377],[2880,3378],[2880,3379],[2880,3380],[2880,3381],[2880,3382],[2880,3383],[2880,3384],[2880,3385],[2880,3386],[2880,3387],[2880,3388],[2880,3389],[2880,3390],[2880,3391],[2880,3392],[2879,3392],[2878,3392],[2877,3392],[2876,3392],[2875,3392],[2874,3392],[2873,3392],[2872,3392],[2871,3392],[2870,3392],[2869,3392],[2868,3392],[2867,3392],[2866,3392],[2865,3392],[2864,3392],[2863,3392],[2862,3392],[2861,3392],[2860,3392],[2859,3392],[2858,3392],[2857,3392],[2856,3392],[2855,3392],[2854,3392],[2853,3392],[2852,3392],[2851,3392],[2850,3392],[2849,3392],[2848,3392],[2847,3392],[2846,3392],[2845,3392],[2844,3392],[2843,3392],[2842,3392],[2841,3392],[2840,3392],[2839,3392],[2838,3392],[2837,3392],[2836,3392],[2835,3392],[2834,3392],[2833,3392],[2832,3392],[2831,3392],[2830,3392],[2829,3392],[2828,3392],[2827,3392],[2826,3392],[2825,3392],[2824,3392],[2823,3392],[2822,3392],[2821,3392],[2820,3392],[2819,3392],[2818,3392],[2817,3392],[2816,3392],[2816,3391],[2816,3390],[2816,3389],[2816,3388],[2816,3387],[2816,3386],[2816,3385],[2816,3384],[2816,3383],[2816,3382],[2816,3381],[2816,3380],[2816,3379],[2816,3378],[2816,3377],[2816,3376],[2816,3375],[2816,3374],[2816,3373],[2816,3372],[2816,3371],[2816,3370],[2816,3369],[2816,3368],[2816,3367],[2816,3366],[2816,3365],[2816,3364],[2816,3363],[2816,3362],[2816,3361],[2816,3360],[2816,3359],[2816,3358],[2816,3357],[2816,3356],[2816,3355],[2816,3354],[2816,3353],[2816,3352],[2816,3351],[2816,3350],[2816,3349],[2816,3348],[2816,3347],[2816,3346],[2816,3345],[2816,3344],[2816,3343],[2816,3342],[2816,3341],[2816,3340],[2816,3339],[2816,3338],[2816,3337],[2816,3336],[2816,3335],[2816,3334],[2816,3333],[2816,3332],[2816,3331],[2816,3330],[2816,3329],[2816,3328]]],[[[2816,3328],[2816,3329],[2816,3330],[2816,3331],[2816,3332],[2816,3333],[2816,3334],[2816,3335],[2816,3336],[2816,3337],[2816,3338],[2816,3339],[2816,3340],[2816,3341],[2816,3342],[2816,3343],[2816,3344],[2816,3345],[2816,3346],[2816,3347],[2816,3348],[2816,3349],[2816,3350],[2816,3351],[2816,3352],[2816,3353],[2816,3354],[2816,3355],[2816,3356],[2816,3357],[2816,3358],[2816,3359],[2816,3360],[2816,3361],[2816,3362],[2816,3363],[2816,3364],[2816,3365],[2816,3366],[2816,3367],[2816,3368],[2816,3369],[2816,3370],[2816,3371],[2816,3372],[2816,3373],[2816,3374],[2816,3375],[2816,3376],[2816,3377],[2816,3378],[2816,3379],[2816,3380],[2816,3381],[2816,3382],[2816,3383],[2816,3384],[2816,3385],[2816,3386],[2816,3387],[2816,3388],[2816,3389],[2816,3390],[2816,3391],[2816,3392],[2817,3392],[2818,3392],[2819,3392],[2820,3392],[2821,3392],[2822,3392],[2823,3392],[2824,3392],[2825,3392],[2826,3392],[2827,3392],[2828,3392],[2829,3392],[2830,3392],[2831,3392],[2832,3392],[2833,3392],[2834,3392],[2835,3392],[2836,3392],[2837,3392],[2838,3392],[2839,3392],[2840,3392],[2841,3392],[2842,3392],[2843,3392],[2844,3392],[2845,3392],[2846,3392],[2847,3392],[2848,3392],[2849,3392],[2850,3392],[2851,3392],[2852,3392],[2853,3392],[2854,3392],[2855,3392],[2856,3392],[2857,3392],[2858,3392],[2859,3392],[2860,3392],[2861,3392],[2862,3392],[2863,3392],[2864,3392],[2865,3392],[2866,3392],[2867,3392],[2868,3392],[2869,3392],[2870,3392],[2871,3392],[2872,3392],[2873,3392],[2874,3392],[2875,3392],[2876,3392],[2877,3392],[2878,3392],[2879,3392],[2880,3392],[2880,3391],[2880,3390],[2880,3389],[2880,3388],[2880,3387],[2880,3386],[2880,3385],[2880,3384],[2880,3383],[2880,3382],[2880,3381],[2880,3380],[2880,3379],[2880,3378],[2880,3377],[2880,3376],[2880,3375],[2880,3374],[2880,3373],[2880,3372],[2880,3371],[2880,3370],[2880,3369],[2880,3368],[2880,3367],[2880,3366],[2880,3365],[2880,3364],[2880,3363],[2880,3362],[2880,3361],[2880,3360],[2880,3359],[2880,3358],[2880,3357],[2880,3356],[2880,3355],[2880,3354],[2880,3353],[2880,3352],[2880,3351],[2880,3350],[2880,3349],[2880,3348],[2880,3347],[2880,3346],[2880,3345],[2880,3344],[2880,3343],[2880,3342],[2880,3341],[2880,3340],[2880,3339],[2880,3338],[2880,3337],[2880,3336],[2880,3335],[2880,3334],[2880,3333],[2880,3332],[2880,3331],[2880,3330],[2880,3329],[2880,3328],[2879,3328],[2878,3328],[2877,3328],[2876,3328],[2875,3328],[2874,3328],[2873,3328],[2872,3328],[2871,3328],[2870,3328],[2869,3328],[2868,3328],[2867,3328],[2866,3328],[2865,3328],[2864,3328],[2863,3328],[2862,3328],[2861,3328],[2860,3328],[2859,3328],[2858,3328],[2857,3328],[2856,3328],[2855,3328],[2854,3328],[2853,3328],[2852,3328],[2851,3328],[2850,3328],[2849,3328],[2848,3328],[2847,3328],[2846,3328],[2845,3328],[2844,3328],[2843,3328],[2842,3328],[2841,3328],[2840,3328],[2839,3328],[2838,3328],[2837,3328],[2836,3328],[2835,3328],[2834,3328],[2833,3328],[2832,3328],[2831,3328],[2830,3328],[2829,3328],[2828,3328],[2827,3328],[2826,3328],[2825,3328],[2824,3328],[2823,3328],[2822,3328],[2821,3328],[2820,3328],[2819,3328],[2818,3328],[2817,3328],[2816,3328]]],[[[2880,3328],[2881,3328],[2882,3328],[2883,3328],[2884,3328],[2885,3328],[2886,3328],[2887,3328],[2888,3328],[2889,3328],[2890,3328],[2891,3328],[2892,3328],[2893,3328],[2894,3328],[2895,3328],[2896,3328],[2897,3328],[2898,3328],[2899,3328],[2900,3328],[2901,3328],[2902,3328],[2903,3328],[2904,3328],[2905,3328],[2906,3328],[2907,3328],[2908,3328],[2909,3328],[2910,3328],[2911,3328],[2912,3328],[2913,3328],[2914,3328],[2915,3328],[2916,3328],[2917,3328],[2918,3328],[2919,3328],[2920,3328],[2921,3328],[2922,3328],[2923,3328],[2924,3328],[2925,3328],[2926,3328],[2927,3328],[2928,3328],[2929,3328],[2930,3328],[2931,3328],[2932,3328],[2933,3328],[2934,3328],[2935,3328],[2936,3328],[2937,3328],[2938,3328],[2939,3328],[2940,3328],[2941,3328],[2942,3328],[2943,3328],[2944,3328],[2944,3329],[2944,3330],[2944,3331],[2944,3332],[2944,3333],[2944,3334],[2944,3335],[2944,3336],[2944,3337],[2944,3338],[2944,3339],[2944,3340],[2944,3341],[2944,3342],[2944,3343],[2944,3344],[2944,3345],[2944,3346],[2944,3347],[2944,3348],[2944,3349],[2944,3350],[2944,3351],[2944,3352],[2944,3353],[2944,3354],[2944,3355],[2944,3356],[2944,3357],[2944,3358],[2944,3359],[2944,3360],[2944,3361],[2944,3362],[2944,3363],[2944,3364],[2944,3365],[2944,3366],[2944,3367],[2944,3368],[2944,3369],[2944,3370],[2944,3371],[2944,3372],[2944,3373],[2944,3374],[2944,3375],[2944,3376],[2944,3377],[2944,3378],[2944,3379],[2944,3380],[2944,3381],[2944,3382],[2944,3383],[2944,3384],[2944,3385],[2944,3386],[2944,3387],[2944,3388],[2944,3389],[2944,3390],[2944,3391],[2944,3392],[2943,3392],[2942,3392],[2941,3392],[2940,3392],[2939,3392],[2938,3392],[2937,3392],[2936,3392],[2935,3392],[2934,3392],[2933,3392],[2932,3392],[2931,3392],[2930,3392],[2929,3392],[2928,3392],[2927,3392],[2926,3392],[2925,3392],[2924,3392],[2923,3392],[2922,3392],[2921,3392],[2920,3392],[2919,3392],[2918,3392],[2917,3392],[2916,3392],[2915,3392],[2914,3392],[2913,3392],[2912,3392],[2911,3392],[2910,3392],[2909,3392],[2908,3392],[2907,3392],[2906,3392],[2905,3392],[2904,3392],[2903,3392],[2902,3392],[2901,3392],[2900,3392],[2899,3392],[2898,3392],[2897,3392],[2896,3392],[2895,3392],[2894,3392],[2893,3392],[2892,3392],[2891,3392],[2890,3392],[2889,3392],[2888,3392],[2887,3392],[2886,3392],[2885,3392],[2884,3392],[2883,3392],[2882,3392],[2881,3392],[2880,3392],[2880,3391],[2880,3390],[2880,3389],[2880,3388],[2880,3387],[2880,3386],[2880,3385],[2880,3384],[2880,3383],[2880,3382],[2880,3381],[2880,3380],[2880,3379],[2880,3378],[2880,3377],[2880,3376],[2880,3375],[2880,3374],[2880,3373],[2880,3372],[2880,3371],[2880,3370],[2880,3369],[2880,3368],[2880,3367],[2880,3366],[2880,3365],[2880,3364],[2880,3363],[2880,3362],[2880,3361],[2880,3360],[2880,3359],[2880,3358],[2880,3357],[2880,3356],[2880,3355],[2880,3354],[2880,3353],[2880,3352],[2880,3351],[2880,3350],[2880,3349],[2880,3348],[2880,3347],[2880,3346],[2880,3345],[2880,3344],[2880,3343],[2880,3342],[2880,3341],[2880,3340],[2880,3339],[2880,3338],[2880,3337],[2880,3336],[2880,3335],[2880,3334],[2880,3333],[2880,3332],[2880,3331],[2880,3330],[2880,3329],[2880,3328]]],[[[2880,3328],[2880,3329],[2880,3330],[2880,3331],[2880,3332],[2880,3333],[2880,3334],[2880,3335],[2880,3336],[2880,3337],[2880,3338],[2880,3339],[2880,3340],[2880,3341],[2880,3342],[2880,3343],[2880,3344],[2880,3345],[2880,3346],[2880,3347],[2880,3348],[2880,3349],[2880,3350],[2880,3351],[2880,3352],[2880,3353],[2880,3354],[2880,3355],[2880,3356],[2880,3357],[2880,3358],[2880,3359],[2880,3360],[2880,3361],[2880,3362],[2880,3363],[2880,3364],[2880,3365],[2880,3366],[2880,3367],[2880,3368],[2880,3369],[2880,3370],[2880,3371],[2880,3372],[2880,3373],[2880,3374],[2880,3375],[2880,3376],[2880,3377],[2880,3378],[2880,3379],[2880,3380],[2880,3381],[2880,3382],[2880,3383],[2880,3384],[2880,3385],[2880,3386],[2880,3387],[2880,3388],[2880,3389],[2880,3390],[2880,3391],[2880,3392],[2881,3392],[2882,3392],[2883,3392],[2884,3392],[2885,3392],[2886,3392],[2887,3392],[2888,3392],[2889,3392],[2890,3392],[2891,3392],[2892,3392],[2893,3392],[2894,3392],[2895,3392],[2896,3392],[2897,3392],[2898,3392],[2899,3392],[2900,3392],[2901,3392],[2902,3392],[2903,3392],[2904,3392],[2905,3392],[2906,3392],[2907,3392],[2908,3392],[2909,3392],[2910,3392],[2911,3392],[2912,3392],[2913,3392],[2914,3392],[2915,3392],[2916,3392],[2917,3392],[2918,3392],[2919,3392],[2920,3392],[2921,3392],[2922,3392],[2923,3392],[2924,3392],[2925,3392],[2926,3392],[2927,3392],[2928,3392],[2929,3392],[2930,3392],[2931,3392],[2932,3392],[2933,3392],[2934,3392],[2935,3392],[2936,3392],[2937,3392],[2938,3392],[2939,3392],[2940,3392],[2941,3392],[2942,3392],[2943,3392],[2944,3392],[2944,3391],[2944,3390],[2944,3389],[2944,3388],[2944,3387],[2944,3386],[2944,3385],[2944,3384],[2944,3383],[2944,3382],[2944,3381],[2944,3380],[2944,3379],[2944,3378],[2944,3377],[2944,3376],[2944,3375],[2944,3374],[2944,3373],[2944,3372],[2944,3371],[2944,3370],[2944,3369],[2944,3368],[2944,3367],[2944,3366],[2944,3365],[2944,3364],[2944,3363],[2944,3362],[2944,3361],[2944,3360],[2944,3359],[2944,3358],[2944,3357],[2944,3356],[2944,3355],[2944,3354],[2944,3353],[2944,3352],[2944,3351],[2944,3350],[2944,3349],[2944,3348],[2944,3347],[2944,3346],[2944,3345],[2944,3344],[2944,3343],[2944,3342],[2944,3341],[2944,3340],[2944,3339],[2944,3338],[2944,3337],[2944,3336],[2944,3335],[2944,3334],[2944,3333],[2944,3332],[2944,3331],[2944,3330],[2944,3329],[2944,3328],[2943,3328],[2942,3328],[2941,3328],[2940,3328],[2939,3328],[2938,3328],[2937,3328],[2936,3328],[2935,3328],[2934,3328],[2933,3328],[2932,3328],[2931,3328],[2930,3328],[2929,3328],[2928,3328],[2927,3328],[2926,3328],[2925,3328],[2924,3328],[2923,3328],[2922,3328],[2921,3328],[2920,3328],[2919,3328],[2918,3328],[2917,3328],[2916,3328],[2915,3328],[2914,3328],[2913,3328],[2912,3328],[2911,3328],[2910,3328],[2909,3328],[2908,3328],[2907,3328],[2906,3328],[2905,3328],[2904,3328],[2903,3328],[2902,3328],[2901,3328],[2900,3328],[2899,3328],[2898,3328],[2897,3328],[2896,3328],[2895,3328],[2894,3328],[2893,3328],[2892,3328],[2891,3328],[2890,3328],[2889,3328],[2888,3328],[2887,3328],[2886,3328],[2885,3328],[2884,3328],[2883,3328],[2882,3328],[2881,3328],[2880,3328]]],[[[2880,3392],[2881,3392],[2882,3392],[2883,3392],[2884,3392],[2885,3392],[2886,3392],[2887,3392],[2888,3392],[2889,3392],[2890,3392],[2891,3392],[2892,3392],[2893,3392],[2894,3392],[2895,3392],[2896,3392],[2897,3392],[2898,3392],[2899,3392],[2900,3392],[2901,3392],[2902,3392],[2903,3392],[2904,3392],[2905,3392],[2906,3392],[2907,3392],[2908,3392],[2909,3392],[2910,3392],[2911,3392],[2912,3392],[2913,3392],[2914,3392],[2915,3392],[2916,3392],[2917,3392],[2918,3392],[2919,3392],[2920,3392],[2921,3392],[2922,3392],[2923,3392],[2924,3392],[2925,3392],[2926,3392],[2927,3392],[2928,3392],[2929,3392],[2930,3392],[2931,3392],[2932,3392],[2933,3392],[2934,3392],[2935,3392],[2936,3392],[2937,3392],[2938,3392],[2939,3392],[2940,3392],[2941,3392],[2942,3392],[2943,3392],[2944,3392],[2944,3393],[2944,3394],[2944,3395],[2944,3396],[2944,3397],[2944,3398],[2944,3399],[2944,3400],[2944,3401],[2944,3402],[2944,3403],[2944,3404],[2944,3405],[2944,3406],[2944,3407],[2944,3408],[2944,3409],[2944,3410],[2944,3411],[2944,3412],[2944,3413],[2944,3414],[2944,3415],[2944,3416],[2944,3417],[2944,3418],[2944,3419],[2944,3420],[2944,3421],[2944,3422],[2944,3423],[2944,3424],[2944,3425],[2944,3426],[2944,3427],[2944,3428],[2944,3429],[2944,3430],[2944,3431],[2944,3432],[2944,3433],[2944,3434],[2944,3435],[2944,3436],[2944,3437],[2944,3438],[2944,3439],[2944,3440],[2944,3441],[2944,3442],[2944,3443],[2944,3444],[2944,3445],[2944,3446],[2944,3447],[2944,3448],[2944,3449],[2944,3450],[2944,3451],[2944,3452],[2944,3453],[2944,3454],[2944,3455],[2944,3456],[2943,3456],[2942,3456],[2941,3456],[2940,3456],[2939,3456],[2938,3456],[2937,3456],[2936,3456],[2935,3456],[2934,3456],[2933,3456],[2932,3456],[2931,3456],[2930,3456],[2929,3456],[2928,3456],[2927,3456],[2926,3456],[2925,3456],[2924,3456],[2923,3456],[2922,3456],[2921,3456],[2920,3456],[2919,3456],[2918,3456],[2917,3456],[2916,3456],[2915,3456],[2914,3456],[2913,3456],[2912,3456],[2911,3456],[2910,3456],[2909,3456],[2908,3456],[2907,3456],[2906,3456],[2905,3456],[2904,3456],[2903,3456],[2902,3456],[2901,3456],[2900,3456],[2899,3456],[2898,3456],[2897,3456],[2896,3456],[2895,3456],[2894,3456],[2893,3456],[2892,3456],[2891,3456],[2890,3456],[2889,3456],[2888,3456],[2887,3456],[2886,3456],[2885,3456],[2884,3456],[2883,3456],[2882,3456],[2881,3456],[2880,3456],[2880,3455],[2880,3454],[2880,3453],[2880,3452],[2880,3451],[2880,3450],[2880,3449],[2880,3448],[2880,3447],[2880,3446],[2880,3445],[2880,3444],[2880,3443],[2880,3442],[2880,3441],[2880,3440],[2880,3439],[2880,3438],[2880,3437],[2880,3436],[2880,3435],[2880,3434],[2880,3433],[2880,3432],[2880,3431],[2880,3430],[2880,3429],[2880,3428],[2880,3427],[2880,3426],[2880,3425],[2880,3424],[2880,3423],[2880,3422],[2880,3421],[2880,3420],[2880,3419],[2880,3418],[2880,3417],[2880,3416],[2880,3415],[2880,3414],[2880,3413],[2880,3412],[2880,3411],[2880,3410],[2880,3409],[2880,3408],[2880,3407],[2880,3406],[2880,3405],[2880,3404],[2880,3403],[2880,3402],[2880,3401],[2880,3400],[2880,3399],[2880,3398],[2880,3397],[2880,3396],[2880,3395],[2880,3394],[2880,3393],[2880,3392]]],[[[2880,3392],[2880,3393],[2880,3394],[2880,3395],[2880,3396],[2880,3397],[2880,3398],[2880,3399],[2880,3400],[2880,3401],[2880,3402],[2880,3403],[2880,3404],[2880,3405],[2880,3406],[2880,3407],[2880,3408],[2880,3409],[2880,3410],[2880,3411],[2880,3412],[2880,3413],[2880,3414],[2880,3415],[2880,3416],[2880,3417],[2880,3418],[2880,3419],[2880,3420],[2880,3421],[2880,3422],[2880,3423],[2880,3424],[2880,3425],[2880,3426],[2880,3427],[2880,3428],[2880,3429],[2880,3430],[2880,3431],[2880,3432],[2880,3433],[2880,3434],[2880,3435],[2880,3436],[2880,3437],[2880,3438],[2880,3439],[2880,3440],[2880,3441],[2880,3442],[2880,3443],[2880,3444],[2880,3445],[2880,3446],[2880,3447],[2880,3448],[2880,3449],[2880,3450],[2880,3451],[2880,3452],[2880,3453],[2880,3454],[2880,3455],[2880,3456],[2881,3456],[2882,3456],[2883,3456],[2884,3456],[2885,3456],[2886,3456],[2887,3456],[2888,3456],[2889,3456],[2890,3456],[2891,3456],[2892,3456],[2893,3456],[2894,3456],[2895,3456],[2896,3456],[2897,3456],[2898,3456],[2899,3456],[2900,3456],[2901,3456],[2902,3456],[2903,3456],[2904,3456],[2905,3456],[2906,3456],[2907,3456],[2908,3456],[2909,3456],[2910,3456],[2911,3456],[2912,3456],[2913,3456],[2914,3456],[2915,3456],[2916,3456],[2917,3456],[2918,3456],[2919,3456],[2920,3456],[2921,3456],[2922,3456],[2923,3456],[2924,3456],[2925,3456],[2926,3456],[2927,3456],[2928,3456],[2929,3456],[2930,3456],[2931,3456],[2932,3456],[2933,3456],[2934,3456],[2935,3456],[2936,3456],[2937,3456],[2938,3456],[2939,3456],[2940,3456],[2941,3456],[2942,3456],[2943,3456],[2944,3456],[2944,3455],[2944,3454],[2944,3453],[2944,3452],[2944,3451],[2944,3450],[2944,3449],[2944,3448],[2944,3447],[2944,3446],[2944,3445],[2944,3444],[2944,3443],[2944,3442],[2944,3441],[2944,3440],[2944,3439],[2944,3438],[2944,3437],[2944,3436],[2944,3435],[2944,3434],[2944,3433],[2944,3432],[2944,3431],[2944,3430],[2944,3429],[2944,3428],[2944,3427],[2944,3426],[2944,3425],[2944,3424],[2944,3423],[2944,3422],[2944,3421],[2944,3420],[2944,3419],[2944,3418],[2944,3417],[2944,3416],[2944,3415],[2944,3414],[2944,3413],[2944,3412],[2944,3411],[2944,3410],[2944,3409],[2944,3408],[2944,3407],[2944,3406],[2944,3405],[2944,3404],[2944,3403],[2944,3402],[2944,3401],[2944,3400],[2944,3399],[2944,3398],[2944,3397],[2944,3396],[2944,3395],[2944,3394],[2944,3393],[2944,3392],[2943,3392],[2942,3392],[2941,3392],[2940,3392],[2939,3392],[2938,3392],[2937,3392],[2936,3392],[2935,3392],[2934,3392],[2933,3392],[2932,3392],[2931,3392],[2930,3392],[2929,3392],[2928,3392],[2927,3392],[2926,3392],[2925,3392],[2924,3392],[2923,3392],[2922,3392],[2921,3392],[2920,3392],[2919,3392],[2918,3392],[2917,3392],[2916,3392],[2915,3392],[2914,3392],[2913,3392],[2912,3392],[2911,3392],[2910,3392],[2909,3392],[2908,3392],[2907,3392],[2906,3392],[2905,3392],[2904,3392],[2903,3392],[2902,3392],[2901,3392],[2900,3392],[2899,3392],[2898,3392],[2897,3392],[2896,3392],[2895,3392],[2894,3392],[2893,3392],[2892,3392],[2891,3392],[2890,3392],[2889,3392],[2888,3392],[2887,3392],[2886,3392],[2885,3392],[2884,3392],[2883,3392],[2882,3392],[2881,3392],[2880,3392]]],[[[2880,3456],[2881,3456],[2882,3456],[2883,3456],[2884,3456],[2885,3456],[2886,3456],[2887,3456],[2888,3456],[2889,3456],[2890,3456],[2891,3456],[2892,3456],[2893,3456],[2894,3456],[2895,3456],[2896,3456],[2897,3456],[2898,3456],[2899,3456],[2900,3456],[2901,3456],[2902,3456],[2903,3456],[2904,3456],[2905,3456],[2906,3456],[2907,3456],[2908,3456],[2909,3456],[2910,3456],[2911,3456],[2912,3456],[2913,3456],[2914,3456],[2915,3456],[2916,3456],[2917,3456],[2918,3456],[2919,3456],[2920,3456],[2921,3456],[2922,3456],[2923,3456],[2924,3456],[2925,3456],[2926,3456],[2927,3456],[2928,3456],[2929,3456],[2930,3456],[2931,3456],[2932,3456],[2933,3456],[2934,3456],[2935,3456],[2936,3456],[2937,3456],[2938,3456],[2939,3456],[2940,3456],[2941,3456],[2942,3456],[2943,3456],[2944,3456],[2944,3457],[2944,3458],[2944,3459],[2944,3460],[2944,3461],[2944,3462],[2944,3463],[2944,3464],[2944,3465],[2944,3466],[2944,3467],[2944,3468],[2944,3469],[2944,3470],[2944,3471],[2944,3472],[2944,3473],[2944,3474],[2944,3475],[2944,3476],[2944,3477],[2944,3478],[2944,3479],[2944,3480],[2944,3481],[2944,3482],[2944,3483],[2944,3484],[2944,3485],[2944,3486],[2944,3487],[2944,3488],[2944,3489],[2944,3490],[2944,3491],[2944,3492],[2944,3493],[2944,3494],[2944,3495],[2944,3496],[2944,3497],[2944,3498],[2944,3499],[2944,3500],[2944,3501],[2944,3502],[2944,3503],[2944,3504],[2944,3505],[2944,3506],[2944,3507],[2944,3508],[2944,3509],[2944,3510],[2944,3511],[2944,3512],[2944,3513],[2944,3514],[2944,3515],[2944,3516],[2944,3517],[2944,3518],[2944,3519],[2944,3520],[2943,3520],[2942,3520],[2941,3520],[2940,3520],[2939,3520],[2938,3520],[2937,3520],[2936,3520],[2935,3520],[2934,3520],[2933,3520],[2932,3520],[2931,3520],[2930,3520],[2929,3520],[2928,3520],[2927,3520],[2926,3520],[2925,3520],[2924,3520],[2923,3520],[2922,3520],[2921,3520],[2920,3520],[2919,3520],[2918,3520],[2917,3520],[2916,3520],[2915,3520],[2914,3520],[2913,3520],[2912,3520],[2911,3520],[2910,3520],[2909,3520],[2908,3520],[2907,3520],[2906,3520],[2905,3520],[2904,3520],[2903,3520],[2902,3520],[2901,3520],[2900,3520],[2899,3520],[2898,3520],[2897,3520],[2896,3520],[2895,3520],[2894,3520],[2893,3520],[2892,3520],[2891,3520],[2890,3520],[2889,3520],[2888,3520],[2887,3520],[2886,3520],[2885,3520],[2884,3520],[2883,3520],[2882,3520],[2881,3520],[2880,3520],[2880,3519],[2880,3518],[2880,3517],[2880,3516],[2880,3515],[2880,3514],[2880,3513],[2880,3512],[2880,3511],[2880,3510],[2880,3509],[2880,3508],[2880,3507],[2880,3506],[2880,3505],[2880,3504],[2880,3503],[2880,3502],[2880,3501],[2880,3500],[2880,3499],[2880,3498],[2880,3497],[2880,3496],[2880,3495],[2880,3494],[2880,3493],[2880,3492],[2880,3491],[2880,3490],[2880,3489],[2880,3488],[2880,3487],[2880,3486],[2880,3485],[2880,3484],[2880,3483],[2880,3482],[2880,3481],[2880,3480],[2880,3479],[2880,3478],[2880,3477],[2880,3476],[2880,3475],[2880,3474],[2880,3473],[2880,3472],[2880,3471],[2880,3470],[2880,3469],[2880,3468],[2880,3467],[2880,3466],[2880,3465],[2880,3464],[2880,3463],[2880,3462],[2880,3461],[2880,3460],[2880,3459],[2880,3458],[2880,3457],[2880,3456]]],[[[2880,3456],[2880,3457],[2880,3458],[2880,3459],[2880,3460],[2880,3461],[2880,3462],[2880,3463],[2880,3464],[2880,3465],[2880,3466],[2880,3467],[2880,3468],[2880,3469],[2880,3470],[2880,3471],[2880,3472],[2880,3473],[2880,3474],[2880,3475],[2880,3476],[2880,3477],[2880,3478],[2880,3479],[2880,3480],[2880,3481],[2880,3482],[2880,3483],[2880,3484],[2880,3485],[2880,3486],[2880,3487],[2880,3488],[2880,3489],[2880,3490],[2880,3491],[2880,3492],[2880,3493],[2880,3494],[2880,3495],[2880,3496],[2880,3497],[2880,3498],[2880,3499],[2880,3500],[2880,3501],[2880,3502],[2880,3503],[2880,3504],[2880,3505],[2880,3506],[2880,3507],[2880,3508],[2880,3509],[2880,3510],[2880,3511],[2880,3512],[2880,3513],[2880,3514],[2880,3515],[2880,3516],[2880,3517],[2880,3518],[2880,3519],[2880,3520],[2881,3520],[2882,3520],[2883,3520],[2884,3520],[2885,3520],[2886,3520],[2887,3520],[2888,3520],[2889,3520],[2890,3520],[2891,3520],[2892,3520],[2893,3520],[2894,3520],[2895,3520],[2896,3520],[2897,3520],[2898,3520],[2899,3520],[2900,3520],[2901,3520],[2902,3520],[2903,3520],[2904,3520],[2905,3520],[2906,3520],[2907,3520],[2908,3520],[2909,3520],[2910,3520],[2911,3520],[2912,3520],[2913,3520],[2914,3520],[2915,3520],[2916,3520],[2917,3520],[2918,3520],[2919,3520],[2920,3520],[2921,3520],[2922,3520],[2923,3520],[2924,3520],[2925,3520],[2926,3520],[2927,3520],[2928,3520],[2929,3520],[2930,3520],[2931,3520],[2932,3520],[2933,3520],[2934,3520],[2935,3520],[2936,3520],[2937,3520],[2938,3520],[2939,3520],[2940,3520],[2941,3520],[2942,3520],[2943,3520],[2944,3520],[2944,3519],[2944,3518],[2944,3517],[2944,3516],[2944,3515],[2944,3514],[2944,3513],[2944,3512],[2944,3511],[2944,3510],[2944,3509],[2944,3508],[2944,3507],[2944,3506],[2944,3505],[2944,3504],[2944,3503],[2944,3502],[2944,3501],[2944,3500],[2944,3499],[2944,3498],[2944,3497],[2944,3496],[2944,3495],[2944,3494],[2944,3493],[2944,3492],[2944,3491],[2944,3490],[2944,3489],[2944,3488],[2944,3487],[2944,3486],[2944,3485],[2944,3484],[2944,3483],[2944,3482],[2944,3481],[2944,3480],[2944,3479],[2944,3478],[2944,3477],[2944,3476],[2944,3475],[2944,3474],[2944,3473],[2944,3472],[2944,3471],[2944,3470],[2944,3469],[2944,3468],[2944,3467],[2944,3466],[2944,3465],[2944,3464],[2944,3463],[2944,3462],[2944,3461],[2944,3460],[2944,3459],[2944,3458],[2944,3457],[2944,3456],[2943,3456],[2942,3456],[2941,3456],[2940,3456],[2939,3456],[2938,3456],[2937,3456],[2936,3456],[2935,3456],[2934,3456],[2933,3456],[2932,3456],[2931,3456],[2930,3456],[2929,3456],[2928,3456],[2927,3456],[2926,3456],[2925,3456],[2924,3456],[2923,3456],[2922,3456],[2921,3456],[2920,3456],[2919,3456],[2918,3456],[2917,3456],[2916,3456],[2915,3456],[2914,3456],[2913,3456],[2912,3456],[2911,3456],[2910,3456],[2909,3456],[2908,3456],[2907,3456],[2906,3456],[2905,3456],[2904,3456],[2903,3456],[2902,3456],[2901,3456],[2900,3456],[2899,3456],[2898,3456],[2897,3456],[2896,3456],[2895,3456],[2894,3456],[2893,3456],[2892,3456],[2891,3456],[2890,3456],[2889,3456],[2888,3456],[2887,3456],[2886,3456],[2885,3456],[2884,3456],[2883,3456],[2882,3456],[2881,3456],[2880,3456]]],[[[2880,3520],[2881,3520],[2882,3520],[2883,3520],[2884,3520],[2885,3520],[2886,3520],[2887,3520],[2888,3520],[2889,3520],[2890,3520],[2891,3520],[2892,3520],[2893,3520],[2894,3520],[2895,3520],[2896,3520],[2897,3520],[2898,3520],[2899,3520],[2900,3520],[2901,3520],[2902,3520],[2903,3520],[2904,3520],[2905,3520],[2906,3520],[2907,3520],[2908,3520],[2909,3520],[2910,3520],[2911,3520],[2912,3520],[2913,3520],[2914,3520],[2915,3520],[2916,3520],[2917,3520],[2918,3520],[2919,3520],[2920,3520],[2921,3520],[2922,3520],[2923,3520],[2924,3520],[2925,3520],[2926,3520],[2927,3520],[2928,3520],[2929,3520],[2930,3520],[2931,3520],[2932,3520],[2933,3520],[2934,3520],[2935,3520],[2936,3520],[2937,3520],[2938,3520],[2939,3520],[2940,3520],[2941,3520],[2942,3520],[2943,3520],[2944,3520],[2944,3521],[2944,3522],[2944,3523],[2944,3524],[2944,3525],[2944,3526],[2944,3527],[2944,3528],[2944,3529],[2944,3530],[2944,3531],[2944,3532],[2944,3533],[2944,3534],[2944,3535],[2944,3536],[2944,3537],[2944,3538],[2944,3539],[2944,3540],[2944,3541],[2944,3542],[2944,3543],[2944,3544],[2944,3545],[2944,3546],[2944,3547],[2944,3548],[2944,3549],[2944,3550],[2944,3551],[2944,3552],[2944,3553],[2944,3554],[2944,3555],[2944,3556],[2944,3557],[2944,3558],[2944,3559],[2944,3560],[2944,3561],[2944,3562],[2944,3563],[2944,3564],[2944,3565],[2944,3566],[2944,3567],[2944,3568],[2944,3569],[2944,3570],[2944,3571],[2944,3572],[2944,3573],[2944,3574],[2944,3575],[2944,3576],[2944,3577],[2944,3578],[2944,3579],[2944,3580],[2944,3581],[2944,3582],[2944,3583],[2944,3584],[2943,3584],[2942,3584],[2941,3584],[2940,3584],[2939,3584],[2938,3584],[2937,3584],[2936,3584],[2935,3584],[2934,3584],[2933,3584],[2932,3584],[2931,3584],[2930,3584],[2929,3584],[2928,3584],[2927,3584],[2926,3584],[2925,3584],[2924,3584],[2923,3584],[2922,3584],[2921,3584],[2920,3584],[2919,3584],[2918,3584],[2917,3584],[2916,3584],[2915,3584],[2914,3584],[2913,3584],[2912,3584],[2911,3584],[2910,3584],[2909,3584],[2908,3584],[2907,3584],[2906,3584],[2905,3584],[2904,3584],[2903,3584],[2902,3584],[2901,3584],[2900,3584],[2899,3584],[2898,3584],[2897,3584],[2896,3584],[2895,3584],[2894,3584],[2893,3584],[2892,3584],[2891,3584],[2890,3584],[2889,3584],[2888,3584],[2887,3584],[2886,3584],[2885,3584],[2884,3584],[2883,3584],[2882,3584],[2881,3584],[2880,3584],[2880,3583],[2880,3582],[2880,3581],[2880,3580],[2880,3579],[2880,3578],[2880,3577],[2880,3576],[2880,3575],[2880,3574],[2880,3573],[2880,3572],[2880,3571],[2880,3570],[2880,3569],[2880,3568],[2880,3567],[2880,3566],[2880,3565],[2880,3564],[2880,3563],[2880,3562],[2880,3561],[2880,3560],[2880,3559],[2880,3558],[2880,3557],[2880,3556],[2880,3555],[2880,3554],[2880,3553],[2880,3552],[2880,3551],[2880,3550],[2880,3549],[2880,3548],[2880,3547],[2880,3546],[2880,3545],[2880,3544],[2880,3543],[2880,3542],[2880,3541],[2880,3540],[2880,3539],[2880,3538],[2880,3537],[2880,3536],[2880,3535],[2880,3534],[2880,3533],[2880,3532],[2880,3531],[2880,3530],[2880,3529],[2880,3528],[2880,3527],[2880,3526],[2880,3525],[2880,3524],[2880,3523],[2880,3522],[2880,3521],[2880,3520]]],[[[2880,3520],[2880,3521],[2880,3522],[2880,3523],[2880,3524],[2880,3525],[2880,3526],[2880,3527],[2880,3528],[2880,3529],[2880,3530],[2880,3531],[2880,3532],[2880,3533],[2880,3534],[2880,3535],[2880,3536],[2880,3537],[2880,3538],[2880,3539],[2880,3540],[2880,3541],[2880,3542],[2880,3543],[2880,3544],[2880,3545],[2880,3546],[2880,3547],[2880,3548],[2880,3549],[2880,3550],[2880,3551],[2880,3552],[2880,3553],[2880,3554],[2880,3555],[2880,3556],[2880,3557],[2880,3558],[2880,3559],[2880,3560],[2880,3561],[2880,3562],[2880,3563],[2880,3564],[2880,3565],[2880,3566],[2880,3567],[2880,3568],[2880,3569],[2880,3570],[2880,3571],[2880,3572],[2880,3573],[2880,3574],[2880,3575],[2880,3576],[2880,3577],[2880,3578],[2880,3579],[2880,3580],[2880,3581],[2880,3582],[2880,3583],[2880,3584],[2881,3584],[2882,3584],[2883,3584],[2884,3584],[2885,3584],[2886,3584],[2887,3584],[2888,3584],[2889,3584],[2890,3584],[2891,3584],[2892,3584],[2893,3584],[2894,3584],[2895,3584],[2896,3584],[2897,3584],[2898,3584],[2899,3584],[2900,3584],[2901,3584],[2902,3584],[2903,3584],[2904,3584],[2905,3584],[2906,3584],[2907,3584],[2908,3584],[2909,3584],[2910,3584],[2911,3584],[2912,3584],[2913,3584],[2914,3584],[2915,3584],[2916,3584],[2917,3584],[2918,3584],[2919,3584],[2920,3584],[2921,3584],[2922,3584],[2923,3584],[2924,3584],[2925,3584],[2926,3584],[2927,3584],[2928,3584],[2929,3584],[2930,3584],[2931,3584],[2932,3584],[2933,3584],[2934,3584],[2935,3584],[2936,3584],[2937,3584],[2938,3584],[2939,3584],[2940,3584],[2941,3584],[2942,3584],[2943,3584],[2944,3584],[2944,3583],[2944,3582],[2944,3581],[2944,3580],[2944,3579],[2944,3578],[2944,3577],[2944,3576],[2944,3575],[2944,3574],[2944,3573],[2944,3572],[2944,3571],[2944,3570],[2944,3569],[2944,3568],[2944,3567],[2944,3566],[2944,3565],[2944,3564],[2944,3563],[2944,3562],[2944,3561],[2944,3560],[2944,3559],[2944,3558],[2944,3557],[2944,3556],[2944,3555],[2944,3554],[2944,3553],[2944,3552],[2944,3551],[2944,3550],[2944,3549],[2944,3548],[2944,3547],[2944,3546],[2944,3545],[2944,3544],[2944,3543],[2944,3542],[2944,3541],[2944,3540],[2944,3539],[2944,3538],[2944,3537],[2944,3536],[2944,3535],[2944,3534],[2944,3533],[2944,3532],[2944,3531],[2944,3530],[2944,3529],[2944,3528],[2944,3527],[2944,3526],[2944,3525],[2944,3524],[2944,3523],[2944,3522],[2944,3521],[2944,3520],[2943,3520],[2942,3520],[2941,3520],[2940,3520],[2939,3520],[2938,3520],[2937,3520],[2936,3520],[2935,3520],[2934,3520],[2933,3520],[2932,3520],[2931,3520],[2930,3520],[2929,3520],[2928,3520],[2927,3520],[2926,3520],[2925,3520],[2924,3520],[2923,3520],[2922,3520],[2921,3520],[2920,3520],[2919,3520],[2918,3520],[2917,3520],[2916,3520],[2915,3520],[2914,3520],[2913,3520],[2912,3520],[2911,3520],[2910,3520],[2909,3520],[2908,3520],[2907,3520],[2906,3520],[2905,3520],[2904,3520],[2903,3520],[2902,3520],[2901,3520],[2900,3520],[2899,3520],[2898,3520],[2897,3520],[2896,3520],[2895,3520],[2894,3520],[2893,3520],[2892,3520],[2891,3520],[2890,3520],[2889,3520],[2888,3520],[2887,3520],[2886,3520],[2885,3520],[2884,3520],[2883,3520],[2882,3520],[2881,3520],[2880,3520]]],[[[2880,3200],[2881,3200],[2882,3200],[2883,3200],[2884,3200],[2885,3200],[2886,3200],[2887,3200],[2888,3200],[2889,3200],[2890,3200],[2891,3200],[2892,3200],[2893,3200],[2894,3200],[2895,3200],[2896,3200],[2897,3200],[2898,3200],[2899,3200],[2900,3200],[2901,3200],[2902,3200],[2903,3200],[2904,3200],[2905,3200],[2906,3200],[2907,3200],[2908,3200],[2909,3200],[2910,3200],[2911,3200],[2912,3200],[2913,3200],[2914,3200],[2915,3200],[2916,3200],[2917,3200],[2918,3200],[2919,3200],[2920,3200],[2921,3200],[2922,3200],[2923,3200],[2924,3200],[2925,3200],[2926,3200],[2927,3200],[2928,3200],[2929,3200],[2930,3200],[2931,3200],[2932,3200],[2933,3200],[2934,3200],[2935,3200],[2936,3200],[2937,3200],[2938,3200],[2939,3200],[2940,3200],[2941,3200],[2942,3200],[2943,3200],[2944,3200],[2944,3201],[2944,3202],[2944,3203],[2944,3204],[2944,3205],[2944,3206],[2944,3207],[2944,3208],[2944,3209],[2944,3210],[2944,3211],[2944,3212],[2944,3213],[2944,3214],[2944,3215],[2944,3216],[2944,3217],[2944,3218],[2944,3219],[2944,3220],[2944,3221],[2944,3222],[2944,3223],[2944,3224],[2944,3225],[2944,3226],[2944,3227],[2944,3228],[2944,3229],[2944,3230],[2944,3231],[2944,3232],[2944,3233],[2944,3234],[2944,3235],[2944,3236],[2944,3237],[2944,3238],[2944,3239],[2944,3240],[2944,3241],[2944,3242],[2944,3243],[2944,3244],[2944,3245],[2944,3246],[2944,3247],[2944,3248],[2944,3249],[2944,3250],[2944,3251],[2944,3252],[2944,3253],[2944,3254],[2944,3255],[2944,3256],[2944,3257],[2944,3258],[2944,3259],[2944,3260],[2944,3261],[2944,3262],[2944,3263],[2944,3264],[2943,3264],[2942,3264],[2941,3264],[2940,3264],[2939,3264],[2938,3264],[2937,3264],[2936,3264],[2935,3264],[2934,3264],[2933,3264],[2932,3264],[2931,3264],[2930,3264],[2929,3264],[2928,3264],[2927,3264],[2926,3264],[2925,3264],[2924,3264],[2923,3264],[2922,3264],[2921,3264],[2920,3264],[2919,3264],[2918,3264],[2917,3264],[2916,3264],[2915,3264],[2914,3264],[2913,3264],[2912,3264],[2911,3264],[2910,3264],[2909,3264],[2908,3264],[2907,3264],[2906,3264],[2905,3264],[2904,3264],[2903,3264],[2902,3264],[2901,3264],[2900,3264],[2899,3264],[2898,3264],[2897,3264],[2896,3264],[2895,3264],[2894,3264],[2893,3264],[2892,3264],[2891,3264],[2890,3264],[2889,3264],[2888,3264],[2887,3264],[2886,3264],[2885,3264],[2884,3264],[2883,3264],[2882,3264],[2881,3264],[2880,3264],[2880,3263],[2880,3262],[2880,3261],[2880,3260],[2880,3259],[2880,3258],[2880,3257],[2880,3256],[2880,3255],[2880,3254],[2880,3253],[2880,3252],[2880,3251],[2880,3250],[2880,3249],[2880,3248],[2880,3247],[2880,3246],[2880,3245],[2880,3244],[2880,3243],[2880,3242],[2880,3241],[2880,3240],[2880,3239],[2880,3238],[2880,3237],[2880,3236],[2880,3235],[2880,3234],[2880,3233],[2880,3232],[2880,3231],[2880,3230],[2880,3229],[2880,3228],[2880,3227],[2880,3226],[2880,3225],[2880,3224],[2880,3223],[2880,3222],[2880,3221],[2880,3220],[2880,3219],[2880,3218],[2880,3217],[2880,3216],[2880,3215],[2880,3214],[2880,3213],[2880,3212],[2880,3211],[2880,3210],[2880,3209],[2880,3208],[2880,3207],[2880,3206],[2880,3205],[2880,3204],[2880,3203],[2880,3202],[2880,3201],[2880,3200]]],[[[2880,3200],[2880,3201],[2880,3202],[2880,3203],[2880,3204],[2880,3205],[2880,3206],[2880,3207],[2880,3208],[2880,3209],[2880,3210],[2880,3211],[2880,3212],[2880,3213],[2880,3214],[2880,3215],[2880,3216],[2880,3217],[2880,3218],[2880,3219],[2880,3220],[2880,3221],[2880,3222],[2880,3223],[2880,3224],[2880,3225],[2880,3226],[2880,3227],[2880,3228],[2880,3229],[2880,3230],[2880,3231],[2880,3232],[2880,3233],[2880,3234],[2880,3235],[2880,3236],[2880,3237],[2880,3238],[2880,3239],[2880,3240],[2880,3241],[2880,3242],[2880,3243],[2880,3244],[2880,3245],[2880,3246],[2880,3247],[2880,3248],[2880,3249],[2880,3250],[2880,3251],[2880,3252],[2880,3253],[2880,3254],[2880,3255],[2880,3256],[2880,3257],[2880,3258],[2880,3259],[2880,3260],[2880,3261],[2880,3262],[2880,3263],[2880,3264],[2881,3264],[2882,3264],[2883,3264],[2884,3264],[2885,3264],[2886,3264],[2887,3264],[2888,3264],[2889,3264],[2890,3264],[2891,3264],[2892,3264],[2893,3264],[2894,3264],[2895,3264],[2896,3264],[2897,3264],[2898,3264],[2899,3264],[2900,3264],[2901,3264],[2902,3264],[2903,3264],[2904,3264],[2905,3264],[2906,3264],[2907,3264],[2908,3264],[2909,3264],[2910,3264],[2911,3264],[2912,3264],[2913,3264],[2914,3264],[2915,3264],[2916,3264],[2917,3264],[2918,3264],[2919,3264],[2920,3264],[2921,3264],[2922,3264],[2923,3264],[2924,3264],[2925,3264],[2926,3264],[2927,3264],[2928,3264],[2929,3264],[2930,3264],[2931,3264],[2932,3264],[2933,3264],[2934,3264],[2935,3264],[2936,3264],[2937,3264],[2938,3264],[2939,3264],[2940,3264],[2941,3264],[2942,3264],[2943,3264],[2944,3264],[2944,3263],[2944,3262],[2944,3261],[2944,3260],[2944,3259],[2944,3258],[2944,3257],[2944,3256],[2944,3255],[2944,3254],[2944,3253],[2944,3252],[2944,3251],[2944,3250],[2944,3249],[2944,3248],[2944,3247],[2944,3246],[2944,3245],[2944,3244],[2944,3243],[2944,3242],[2944,3241],[2944,3240],[2944,3239],[2944,3238],[2944,3237],[2944,3236],[2944,3235],[2944,3234],[2944,3233],[2944,3232],[2944,3231],[2944,3230],[2944,3229],[2944,3228],[2944,3227],[2944,3226],[2944,3225],[2944,3224],[2944,3223],[2944,3222],[2944,3221],[2944,3220],[2944,3219],[2944,3218],[2944,3217],[2944,3216],[2944,3215],[2944,3214],[2944,3213],[2944,3212],[2944,3211],[2944,3210],[2944,3209],[2944,3208],[2944,3207],[2944,3206],[2944,3205],[2944,3204],[2944,3203],[2944,3202],[2944,3201],[2944,3200],[2943,3200],[2942,3200],[2941,3200],[2940,3200],[2939,3200],[2938,3200],[2937,3200],[2936,3200],[2935,3200],[2934,3200],[2933,3200],[2932,3200],[2931,3200],[2930,3200],[2929,3200],[2928,3200],[2927,3200],[2926,3200],[2925,3200],[2924,3200],[2923,3200],[2922,3200],[2921,3200],[2920,3200],[2919,3200],[2918,3200],[2917,3200],[2916,3200],[2915,3200],[2914,3200],[2913,3200],[2912,3200],[2911,3200],[2910,3200],[2909,3200],[2908,3200],[2907,3200],[2906,3200],[2905,3200],[2904,3200],[2903,3200],[2902,3200],[2901,3200],[2900,3200],[2899,3200],[2898,3200],[2897,3200],[2896,3200],[2895,3200],[2894,3200],[2893,3200],[2892,3200],[2891,3200],[2890,3200],[2889,3200],[2888,3200],[2887,3200],[2886,3200],[2885,3200],[2884,3200],[2883,3200],[2882,3200],[2881,3200],[2880,3200]]],[[[2943,3179],[2944,3179],[2944,3180],[2944,3181],[2944,3182],[2944,3183],[2944,3184],[2944,3185],[2944,3186],[2944,3187],[2944,3188],[2944,3189],[2944,3190],[2944,3191],[2944,3192],[2944,3193],[2944,3194],[2944,3195],[2944,3196],[2944,3197],[2944,3198],[2944,3199],[2944,3200],[2943,3200],[2942,3200],[2941,3200],[2940,3200],[2939,3200],[2938,3200],[2937,3200],[2936,3200],[2935,3200],[2934,3200],[2933,3200],[2932,3200],[2931,3200],[2930,3200],[2929,3200],[2928,3200],[2927,3200],[2926,3200],[2925,3200],[2924,3200],[2923,3200],[2922,3200],[2921,3200],[2920,3200],[2919,3200],[2918,3200],[2917,3200],[2917,3199],[2918,3199],[2919,3199],[2919,3198],[2919,3197],[2920,3197],[2920,3196],[2921,3196],[2922,3196],[2922,3195],[2923,3195],[2924,3195],[2924,3194],[2925,3194],[2926,3194],[2926,3193],[2927,3193],[2928,3193],[2928,3192],[2929,3192],[2929,3191],[2930,3191],[2930,3190],[2931,3190],[2932,3190],[2932,3189],[2933,3189],[2934,3189],[2934,3188],[2934,3187],[2935,3187],[2935,3186],[2936,3186],[2936,3185],[2937,3185],[2937,3184],[2937,3183],[2938,3183],[2938,3182],[2939,3182],[2940,3182],[2940,3181],[2941,3181],[2942,3181],[2943,3181],[2943,3180],[2943,3179]]],[[[2943,3179],[2943,3180],[2943,3181],[2942,3181],[2941,3181],[2940,3181],[2940,3182],[2939,3182],[2938,3182],[2938,3183],[2937,3183],[2937,3184],[2937,3185],[2936,3185],[2936,3186],[2935,3186],[2935,3187],[2934,3187],[2934,3188],[2934,3189],[2933,3189],[2932,3189],[2932,3190],[2931,3190],[2930,3190],[2930,3191],[2929,3191],[2929,3192],[2928,3192],[2928,3193],[2927,3193],[2926,3193],[2926,3194],[2925,3194],[2924,3194],[2924,3195],[2923,3195],[2922,3195],[2922,3196],[2921,3196],[2920,3196],[2920,3197],[2919,3197],[2919,3198],[2919,3199],[2918,3199],[2917,3199],[2917,3200],[2918,3200],[2919,3200],[2920,3200],[2921,3200],[2922,3200],[2923,3200],[2924,3200],[2925,3200],[2926,3200],[2927,3200],[2928,3200],[2929,3200],[2930,3200],[2931,3200],[2932,3200],[2933,3200],[2934,3200],[2935,3200],[2936,3200],[2937,3200],[2938,3200],[2939,3200],[2940,3200],[2941,3200],[2942,3200],[2943,3200],[2944,3200],[2944,3199],[2944,3198],[2944,3197],[2944,3196],[2944,3195],[2944,3194],[2944,3193],[2944,3192],[2944,3191],[2944,3190],[2944,3189],[2944,3188],[2944,3187],[2944,3186],[2944,3185],[2944,3184],[2944,3183],[2944,3182],[2944,3181],[2944,3180],[2944,3179],[2943,3179]]],[[[2973,3136],[2974,3136],[2975,3136],[2976,3136],[2977,3136],[2978,3136],[2979,3136],[2980,3136],[2981,3136],[2982,3136],[2983,3136],[2984,3136],[2985,3136],[2986,3136],[2987,3136],[2988,3136],[2989,3136],[2990,3136],[2991,3136],[2992,3136],[2993,3136],[2994,3136],[2995,3136],[2996,3136],[2997,3136],[2998,3136],[2999,3136],[3000,3136],[3001,3136],[3002,3136],[3003,3136],[3004,3136],[3005,3136],[3006,3136],[3007,3136],[3008,3136],[3008,3137],[3008,3138],[3008,3139],[3008,3140],[3008,3141],[3008,3142],[3008,3143],[3008,3144],[3008,3145],[3008,3146],[3008,3147],[3008,3148],[3008,3149],[3008,3150],[3008,3151],[3008,3152],[3008,3153],[3008,3154],[3008,3155],[3008,3156],[3008,3157],[3008,3158],[3008,3159],[3008,3160],[3008,3161],[3008,3162],[3008,3163],[3008,3164],[3008,3165],[3008,3166],[3008,3167],[3008,3168],[3008,3169],[3008,3170],[3007,3170],[3007,3171],[3007,3172],[3008,3172],[3008,3173],[3008,3174],[3008,3175],[3008,3176],[3008,3177],[3008,3178],[3008,3179],[3008,3180],[3008,3181],[3008,3182],[3008,3183],[3008,3184],[3008,3185],[3008,3186],[3008,3187],[3008,3188],[3008,3189],[3008,3190],[3008,3191],[3008,3192],[3008,3193],[3008,3194],[3008,3195],[3008,3196],[3008,3197],[3008,3198],[3008,3199],[3008,3200],[3007,3200],[3006,3200],[3005,3200],[3004,3200],[3003,3200],[3002,3200],[3001,3200],[3000,3200],[2999,3200],[2998,3200],[2997,3200],[2996,3200],[2995,3200],[2994,3200],[2993,3200],[2992,3200],[2991,3200],[2990,3200],[2989,3200],[2988,3200],[2987,3200],[2986,3200],[2985,3200],[2984,3200],[2983,3200],[2982,3200],[2981,3200],[2980,3200],[2979,3200],[2978,3200],[2977,3200],[2976,3200],[2975,3200],[2974,3200],[2973,3200],[2972,3200],[2971,3200],[2970,3200],[2969,3200],[2968,3200],[2967,3200],[2966,3200],[2965,3200],[2964,3200],[2963,3200],[2962,3200],[2961,3200],[2960,3200],[2959,3200],[2958,3200],[2957,3200],[2956,3200],[2955,3200],[2954,3200],[2953,3200],[2952,3200],[2951,3200],[2950,3200],[2949,3200],[2948,3200],[2947,3200],[2946,3200],[2945,3200],[2944,3200],[2944,3199],[2944,3198],[2944,3197],[2944,3196],[2944,3195],[2944,3194],[2944,3193],[2944,3192],[2944,3191],[2944,3190],[2944,3189],[2944,3188],[2944,3187],[2944,3186],[2944,3185],[2944,3184],[2944,3183],[2944,3182],[2944,3181],[2944,3180],[2944,3179],[2944,3178],[2945,3178],[2946,3178],[2946,3177],[2947,3177],[2948,3177],[2948,3176],[2949,3176],[2950,3176],[2951,3176],[2951,3175],[2952,3175],[2953,3175],[2954,3175],[2954,3174],[2955,3174],[2956,3174],[2956,3173],[2957,3173],[2957,3172],[2957,3171],[2957,3170],[2957,3169],[2958,3169],[2958,3168],[2957,3168],[2957,3167],[2958,3167],[2958,3166],[2958,3165],[2958,3164],[2959,3164],[2959,3163],[2959,3162],[2960,3162],[2960,3161],[2961,3161],[2961,3160],[2961,3159],[2962,3159],[2962,3158],[2963,3158],[2964,3158],[2964,3157],[2965,3157],[2965,3156],[2965,3155],[2966,3155],[2966,3154],[2966,3153],[2967,3153],[2967,3152],[2967,3151],[2968,3151],[2968,3150],[2968,3149],[2969,3149],[2969,3148],[2969,3147],[2970,3147],[2970,3146],[2971,3146],[2971,3145],[2971,3144],[2972,3144],[2972,3143],[2972,3142],[2972,3141],[2973,3141],[2973,3140],[2973,3139],[2973,3138],[2972,3138],[2972,3137],[2973,3137],[2973,3136]]],[[[2973,3136],[2973,3137],[2972,3137],[2972,3138],[2973,3138],[2973,3139],[2973,3140],[2973,3141],[2972,3141],[2972,3142],[2972,3143],[2972,3144],[2971,3144],[2971,3145],[2971,3146],[2970,3146],[2970,3147],[2969,3147],[2969,3148],[2969,3149],[2968,3149],[2968,3150],[2968,3151],[2967,3151],[2967,3152],[2967,3153],[2966,3153],[2966,3154],[2966,3155],[2965,3155],[2965,3156],[2965,3157],[2964,3157],[2964,3158],[2963,3158],[2962,3158],[2962,3159],[2961,3159],[2961,3160],[2961,3161],[2960,3161],[2960,3162],[2959,3162],[2959,3163],[2959,3164],[2958,3164],[2958,3165],[2958,3166],[2958,3167],[2957,3167],[2957,3168],[2958,3168],[2958,3169],[2957,3169],[2957,3170],[2957,3171],[2957,3172],[2957,3173],[2956,3173],[2956,3174],[2955,3174],[2954,3174],[2954,3175],[2953,3175],[2952,3175],[2951,3175],[2951,3176],[2950,3176],[2949,3176],[2948,3176],[2948,3177],[2947,3177],[2946,3177],[2946,3178],[2945,3178],[2944,3178],[2944,3179],[2944,3180],[2944,3181],[2944,3182],[2944,3183],[2944,3184],[2944,3185],[2944,3186],[2944,3187],[2944,3188],[2944,3189],[2944,3190],[2944,3191],[2944,3192],[2944,3193],[2944,3194],[2944,3195],[2944,3196],[2944,3197],[2944,3198],[2944,3199],[2944,3200],[2945,3200],[2946,3200],[2947,3200],[2948,3200],[2949,3200],[2950,3200],[2951,3200],[2952,3200],[2953,3200],[2954,3200],[2955,3200],[2956,3200],[2957,3200],[2958,3200],[2959,3200],[2960,3200],[2961,3200],[2962,3200],[2963,3200],[2964,3200],[2965,3200],[2966,3200],[2967,3200],[2968,3200],[2969,3200],[2970,3200],[2971,3200],[2972,3200],[2973,3200],[2974,3200],[2975,3200],[2976,3200],[2977,3200],[2978,3200],[2979,3200],[2980,3200],[2981,3200],[2982,3200],[2983,3200],[2984,3200],[2985,3200],[2986,3200],[2987,3200],[2988,3200],[2989,3200],[2990,3200],[2991,3200],[2992,3200],[2993,3200],[2994,3200],[2995,3200],[2996,3200],[2997,3200],[2998,3200],[2999,3200],[3000,3200],[3001,3200],[3002,3200],[3003,3200],[3004,3200],[3005,3200],[3006,3200],[3007,3200],[3008,3200],[3008,3199],[3008,3198],[3008,3197],[3008,3196],[3008,3195],[3008,3194],[3008,3193],[3008,3192],[3008,3191],[3008,3190],[3008,3189],[3008,3188],[3008,3187],[3008,3186],[3008,3185],[3008,3184],[3008,3183],[3008,3182],[3008,3181],[3008,3180],[3008,3179],[3008,3178],[3008,3177],[3008,3176],[3008,3175],[3008,3174],[3008,3173],[3008,3172],[3007,3172],[3007,3171],[3007,3170],[3008,3170],[3008,3169],[3008,3168],[3008,3167],[3008,3166],[3008,3165],[3008,3164],[3008,3163],[3008,3162],[3008,3161],[3008,3160],[3008,3159],[3008,3158],[3008,3157],[3008,3156],[3008,3155],[3008,3154],[3008,3153],[3008,3152],[3008,3151],[3008,3150],[3008,3149],[3008,3148],[3008,3147],[3008,3146],[3008,3145],[3008,3144],[3008,3143],[3008,3142],[3008,3141],[3008,3140],[3008,3139],[3008,3138],[3008,3137],[3008,3136],[3007,3136],[3006,3136],[3005,3136],[3004,3136],[3003,3136],[3002,3136],[3001,3136],[3000,3136],[2999,3136],[2998,3136],[2997,3136],[2996,3136],[2995,3136],[2994,3136],[2993,3136],[2992,3136],[2991,3136],[2990,3136],[2989,3136],[2988,3136],[2987,3136],[2986,3136],[2985,3136],[2984,3136],[2983,3136],[2982,3136],[2981,3136],[2980,3136],[2979,3136],[2978,3136],[2977,3136],[2976,3136],[2975,3136],[2974,3136],[2973,3136]]],[[[2944,3200],[2945,3200],[2946,3200],[2947,3200],[2948,3200],[2949,3200],[2950,3200],[2951,3200],[2952,3200],[2953,3200],[2954,3200],[2955,3200],[2956,3200],[2957,3200],[2958,3200],[2959,3200],[2960,3200],[2961,3200],[2962,3200],[2963,3200],[2964,3200],[2965,3200],[2966,3200],[2967,3200],[2968,3200],[2969,3200],[2970,3200],[2971,3200],[2972,3200],[2973,3200],[2974,3200],[2975,3200],[2976,3200],[2977,3200],[2978,3200],[2979,3200],[2980,3200],[2981,3200],[2982,3200],[2983,3200],[2984,3200],[2985,3200],[2986,3200],[2987,3200],[2988,3200],[2989,3200],[2990,3200],[2991,3200],[2992,3200],[2993,3200],[2994,3200],[2995,3200],[2996,3200],[2997,3200],[2998,3200],[2999,3200],[3000,3200],[3001,3200],[3002,3200],[3003,3200],[3004,3200],[3005,3200],[3006,3200],[3007,3200],[3008,3200],[3008,3201],[3008,3202],[3008,3203],[3008,3204],[3008,3205],[3008,3206],[3008,3207],[3008,3208],[3008,3209],[3008,3210],[3008,3211],[3008,3212],[3008,3213],[3008,3214],[3008,3215],[3008,3216],[3008,3217],[3008,3218],[3008,3219],[3008,3220],[3008,3221],[3008,3222],[3008,3223],[3008,3224],[3008,3225],[3008,3226],[3008,3227],[3008,3228],[3008,3229],[3008,3230],[3008,3231],[3008,3232],[3008,3233],[3008,3234],[3008,3235],[3008,3236],[3008,3237],[3008,3238],[3008,3239],[3008,3240],[3008,3241],[3008,3242],[3008,3243],[3008,3244],[3008,3245],[3008,3246],[3008,3247],[3008,3248],[3008,3249],[3008,3250],[3008,3251],[3008,3252],[3008,3253],[3008,3254],[3008,3255],[3008,3256],[3008,3257],[3008,3258],[3008,3259],[3008,3260],[3008,3261],[3008,3262],[3008,3263],[3008,3264],[3007,3264],[3006,3264],[3005,3264],[3004,3264],[3003,3264],[3002,3264],[3001,3264],[3000,3264],[2999,3264],[2998,3264],[2997,3264],[2996,3264],[2995,3264],[2994,3264],[2993,3264],[2992,3264],[2991,3264],[2990,3264],[2989,3264],[2988,3264],[2987,3264],[2986,3264],[2985,3264],[2984,3264],[2983,3264],[2982,3264],[2981,3264],[2980,3264],[2979,3264],[2978,3264],[2977,3264],[2976,3264],[2975,3264],[2974,3264],[2973,3264],[2972,3264],[2971,3264],[2970,3264],[2969,3264],[2968,3264],[2967,3264],[2966,3264],[2965,3264],[2964,3264],[2963,3264],[2962,3264],[2961,3264],[2960,3264],[2959,3264],[2958,3264],[2957,3264],[2956,3264],[2955,3264],[2954,3264],[2953,3264],[2952,3264],[2951,3264],[2950,3264],[2949,3264],[2948,3264],[2947,3264],[2946,3264],[2945,3264],[2944,3264],[2944,3263],[2944,3262],[2944,3261],[2944,3260],[2944,3259],[2944,3258],[2944,3257],[2944,3256],[2944,3255],[2944,3254],[2944,3253],[2944,3252],[2944,3251],[2944,3250],[2944,3249],[2944,3248],[2944,3247],[2944,3246],[2944,3245],[2944,3244],[2944,3243],[2944,3242],[2944,3241],[2944,3240],[2944,3239],[2944,3238],[2944,3237],[2944,3236],[2944,3235],[2944,3234],[2944,3233],[2944,3232],[2944,3231],[2944,3230],[2944,3229],[2944,3228],[2944,3227],[2944,3226],[2944,3225],[2944,3224],[2944,3223],[2944,3222],[2944,3221],[2944,3220],[2944,3219],[2944,3218],[2944,3217],[2944,3216],[2944,3215],[2944,3214],[2944,3213],[2944,3212],[2944,3211],[2944,3210],[2944,3209],[2944,3208],[2944,3207],[2944,3206],[2944,3205],[2944,3204],[2944,3203],[2944,3202],[2944,3201],[2944,3200]]],[[[2944,3200],[2944,3201],[2944,3202],[2944,3203],[2944,3204],[2944,3205],[2944,3206],[2944,3207],[2944,3208],[2944,3209],[2944,3210],[2944,3211],[2944,3212],[2944,3213],[2944,3214],[2944,3215],[2944,3216],[2944,3217],[2944,3218],[2944,3219],[2944,3220],[2944,3221],[2944,3222],[2944,3223],[2944,3224],[2944,3225],[2944,3226],[2944,3227],[2944,3228],[2944,3229],[2944,3230],[2944,3231],[2944,3232],[2944,3233],[2944,3234],[2944,3235],[2944,3236],[2944,3237],[2944,3238],[2944,3239],[2944,3240],[2944,3241],[2944,3242],[2944,3243],[2944,3244],[2944,3245],[2944,3246],[2944,3247],[2944,3248],[2944,3249],[2944,3250],[2944,3251],[2944,3252],[2944,3253],[2944,3254],[2944,3255],[2944,3256],[2944,3257],[2944,3258],[2944,3259],[2944,3260],[2944,3261],[2944,3262],[2944,3263],[2944,3264],[2945,3264],[2946,3264],[2947,3264],[2948,3264],[2949,3264],[2950,3264],[2951,3264],[2952,3264],[2953,3264],[2954,3264],[2955,3264],[2956,3264],[2957,3264],[2958,3264],[2959,3264],[2960,3264],[2961,3264],[2962,3264],[2963,3264],[2964,3264],[2965,3264],[2966,3264],[2967,3264],[2968,3264],[2969,3264],[2970,3264],[2971,3264],[2972,3264],[2973,3264],[2974,3264],[2975,3264],[2976,3264],[2977,3264],[2978,3264],[2979,3264],[2980,3264],[2981,3264],[2982,3264],[2983,3264],[2984,3264],[2985,3264],[2986,3264],[2987,3264],[2988,3264],[2989,3264],[2990,3264],[2991,3264],[2992,3264],[2993,3264],[2994,3264],[2995,3264],[2996,3264],[2997,3264],[2998,3264],[2999,3264],[3000,3264],[3001,3264],[3002,3264],[3003,3264],[3004,3264],[3005,3264],[3006,3264],[3007,3264],[3008,3264],[3008,3263],[3008,3262],[3008,3261],[3008,3260],[3008,3259],[3008,3258],[3008,3257],[3008,3256],[3008,3255],[3008,3254],[3008,3253],[3008,3252],[3008,3251],[3008,3250],[3008,3249],[3008,3248],[3008,3247],[3008,3246],[3008,3245],[3008,3244],[3008,3243],[3008,3242],[3008,3241],[3008,3240],[3008,3239],[3008,3238],[3008,3237],[3008,3236],[3008,3235],[3008,3234],[3008,3233],[3008,3232],[3008,3231],[3008,3230],[3008,3229],[3008,3228],[3008,3227],[3008,3226],[3008,3225],[3008,3224],[3008,3223],[3008,3222],[3008,3221],[3008,3220],[3008,3219],[3008,3218],[3008,3217],[3008,3216],[3008,3215],[3008,3214],[3008,3213],[3008,3212],[3008,3211],[3008,3210],[3008,3209],[3008,3208],[3008,3207],[3008,3206],[3008,3205],[3008,3204],[3008,3203],[3008,3202],[3008,3201],[3008,3200],[3007,3200],[3006,3200],[3005,3200],[3004,3200],[3003,3200],[3002,3200],[3001,3200],[3000,3200],[2999,3200],[2998,3200],[2997,3200],[2996,3200],[2995,3200],[2994,3200],[2993,3200],[2992,3200],[2991,3200],[2990,3200],[2989,3200],[2988,3200],[2987,3200],[2986,3200],[2985,3200],[2984,3200],[2983,3200],[2982,3200],[2981,3200],[2980,3200],[2979,3200],[2978,3200],[2977,3200],[2976,3200],[2975,3200],[2974,3200],[2973,3200],[2972,3200],[2971,3200],[2970,3200],[2969,3200],[2968,3200],[2967,3200],[2966,3200],[2965,3200],[2964,3200],[2963,3200],[2962,3200],[2961,3200],[2960,3200],[2959,3200],[2958,3200],[2957,3200],[2956,3200],[2955,3200],[2954,3200],[2953,3200],[2952,3200],[2951,3200],[2950,3200],[2949,3200],[2948,3200],[2947,3200],[2946,3200],[2945,3200],[2944,3200]]],[[[2944,3072],[2945,3072],[2946,3072],[2947,3072],[2948,3072],[2949,3072],[2950,3072],[2951,3072],[2952,3072],[2953,3072],[2954,3072],[2955,3072],[2956,3072],[2957,3072],[2958,3072],[2959,3072],[2960,3072],[2961,3072],[2962,3072],[2963,3072],[2964,3072],[2965,3072],[2966,3072],[2967,3072],[2968,3072],[2969,3072],[2970,3072],[2971,3072],[2972,3072],[2973,3072],[2974,3072],[2975,3072],[2976,3072],[2977,3072],[2978,3072],[2979,3072],[2980,3072],[2981,3072],[2982,3072],[2983,3072],[2984,3072],[2985,3072],[2986,3072],[2987,3072],[2988,3072],[2989,3072],[2990,3072],[2991,3072],[2992,3072],[2993,3072],[2994,3072],[2995,3072],[2996,3072],[2997,3072],[2998,3072],[2999,3072],[3000,3072],[3001,3072],[3002,3072],[3003,3072],[3004,3072],[3005,3072],[3006,3072],[3007,3072],[3008,3072],[3008,3073],[3008,3074],[3008,3075],[3008,3076],[3008,3077],[3008,3078],[3008,3079],[3008,3080],[3008,3081],[3008,3082],[3008,3083],[3008,3084],[3008,3085],[3008,3086],[3008,3087],[3008,3088],[3008,3089],[3008,3090],[3008,3091],[3008,3092],[3008,3093],[3008,3094],[3008,3095],[3008,3096],[3008,3097],[3008,3098],[3008,3099],[3008,3100],[3008,3101],[3008,3102],[3008,3103],[3008,3104],[3008,3105],[3008,3106],[3008,3107],[3008,3108],[3008,3109],[3008,3110],[3008,3111],[3008,3112],[3008,3113],[3008,3114],[3008,3115],[3008,3116],[3008,3117],[3008,3118],[3008,3119],[3008,3120],[3008,3121],[3008,3122],[3008,3123],[3008,3124],[3008,3125],[3008,3126],[3008,3127],[3008,3128],[3008,3129],[3008,3130],[3008,3131],[3008,3132],[3008,3133],[3008,3134],[3008,3135],[3008,3136],[3007,3136],[3006,3136],[3005,3136],[3004,3136],[3003,3136],[3002,3136],[3001,3136],[3000,3136],[2999,3136],[2998,3136],[2997,3136],[2996,3136],[2995,3136],[2994,3136],[2993,3136],[2992,3136],[2991,3136],[2990,3136],[2989,3136],[2988,3136],[2987,3136],[2986,3136],[2985,3136],[2984,3136],[2983,3136],[2982,3136],[2981,3136],[2980,3136],[2979,3136],[2978,3136],[2977,3136],[2976,3136],[2975,3136],[2974,3136],[2973,3136],[2972,3136],[2971,3136],[2970,3136],[2969,3136],[2968,3136],[2967,3136],[2966,3136],[2965,3136],[2964,3136],[2963,3136],[2962,3136],[2961,3136],[2960,3136],[2959,3136],[2958,3136],[2957,3136],[2956,3136],[2955,3136],[2954,3136],[2953,3136],[2952,3136],[2951,3136],[2950,3136],[2949,3136],[2948,3136],[2947,3136],[2946,3136],[2945,3136],[2944,3136],[2944,3135],[2944,3134],[2944,3133],[2944,3132],[2944,3131],[2944,3130],[2944,3129],[2944,3128],[2944,3127],[2944,3126],[2944,3125],[2944,3124],[2944,3123],[2944,3122],[2944,3121],[2944,3120],[2944,3119],[2944,3118],[2944,3117],[2944,3116],[2944,3115],[2944,3114],[2944,3113],[2944,3112],[2944,3111],[2944,3110],[2944,3109],[2944,3108],[2944,3107],[2944,3106],[2944,3105],[2944,3104],[2944,3103],[2944,3102],[2944,3101],[2944,3100],[2944,3099],[2944,3098],[2944,3097],[2944,3096],[2944,3095],[2944,3094],[2944,3093],[2944,3092],[2944,3091],[2944,3090],[2944,3089],[2944,3088],[2944,3087],[2944,3086],[2944,3085],[2944,3084],[2944,3083],[2944,3082],[2944,3081],[2944,3080],[2944,3079],[2944,3078],[2944,3077],[2944,3076],[2944,3075],[2944,3074],[2944,3073],[2944,3072]]],[[[2944,3072],[2944,3073],[2944,3074],[2944,3075],[2944,3076],[2944,3077],[2944,3078],[2944,3079],[2944,3080],[2944,3081],[2944,3082],[2944,3083],[2944,3084],[2944,3085],[2944,3086],[2944,3087],[2944,3088],[2944,3089],[2944,3090],[2944,3091],[2944,3092],[2944,3093],[2944,3094],[2944,3095],[2944,3096],[2944,3097],[2944,3098],[2944,3099],[2944,3100],[2944,3101],[2944,3102],[2944,3103],[2944,3104],[2944,3105],[2944,3106],[2944,3107],[2944,3108],[2944,3109],[2944,3110],[2944,3111],[2944,3112],[2944,3113],[2944,3114],[2944,3115],[2944,3116],[2944,3117],[2944,3118],[2944,3119],[2944,3120],[2944,3121],[2944,3122],[2944,3123],[2944,3124],[2944,3125],[2944,3126],[2944,3127],[2944,3128],[2944,3129],[2944,3130],[2944,3131],[2944,3132],[2944,3133],[2944,3134],[2944,3135],[2944,3136],[2945,3136],[2946,3136],[2947,3136],[2948,3136],[2949,3136],[2950,3136],[2951,3136],[2952,3136],[2953,3136],[2954,3136],[2955,3136],[2956,3136],[2957,3136],[2958,3136],[2959,3136],[2960,3136],[2961,3136],[2962,3136],[2963,3136],[2964,3136],[2965,3136],[2966,3136],[2967,3136],[2968,3136],[2969,3136],[2970,3136],[2971,3136],[2972,3136],[2973,3136],[2974,3136],[2975,3136],[2976,3136],[2977,3136],[2978,3136],[2979,3136],[2980,3136],[2981,3136],[2982,3136],[2983,3136],[2984,3136],[2985,3136],[2986,3136],[2987,3136],[2988,3136],[2989,3136],[2990,3136],[2991,3136],[2992,3136],[2993,3136],[2994,3136],[2995,3136],[2996,3136],[2997,3136],[2998,3136],[2999,3136],[3000,3136],[3001,3136],[3002,3136],[3003,3136],[3004,3136],[3005,3136],[3006,3136],[3007,3136],[3008,3136],[3008,3135],[3008,3134],[3008,3133],[3008,3132],[3008,3131],[3008,3130],[3008,3129],[3008,3128],[3008,3127],[3008,3126],[3008,3125],[3008,3124],[3008,3123],[3008,3122],[3008,3121],[3008,3120],[3008,3119],[3008,3118],[3008,3117],[3008,3116],[3008,3115],[3008,3114],[3008,3113],[3008,3112],[3008,3111],[3008,3110],[3008,3109],[3008,3108],[3008,3107],[3008,3106],[3008,3105],[3008,3104],[3008,3103],[3008,3102],[3008,3101],[3008,3100],[3008,3099],[3008,3098],[3008,3097],[3008,3096],[3008,3095],[3008,3094],[3008,3093],[3008,3092],[3008,3091],[3008,3090],[3008,3089],[3008,3088],[3008,3087],[3008,3086],[3008,3085],[3008,3084],[3008,3083],[3008,3082],[3008,3081],[3008,3080],[3008,3079],[3008,3078],[3008,3077],[3008,3076],[3008,3075],[3008,3074],[3008,3073],[3008,3072],[3007,3072],[3006,3072],[3005,3072],[3004,3072],[3003,3072],[3002,3072],[3001,3072],[3000,3072],[2999,3072],[2998,3072],[2997,3072],[2996,3072],[2995,3072],[2994,3072],[2993,3072],[2992,3072],[2991,3072],[2990,3072],[2989,3072],[2988,3072],[2987,3072],[2986,3072],[2985,3072],[2984,3072],[2983,3072],[2982,3072],[2981,3072],[2980,3072],[2979,3072],[2978,3072],[2977,3072],[2976,3072],[2975,3072],[2974,3072],[2973,3072],[2972,3072],[2971,3072],[2970,3072],[2969,3072],[2968,3072],[2967,3072],[2966,3072],[2965,3072],[2964,3072],[2963,3072],[2962,3072],[2961,3072],[2960,3072],[2959,3072],[2958,3072],[2957,3072],[2956,3072],[2955,3072],[2954,3072],[2953,3072],[2952,3072],[2951,3072],[2950,3072],[2949,3072],[2948,3072],[2947,3072],[2946,3072],[2945,3072],[2944,3072]]],[[[2944,3456],[2945,3456],[2946,3456],[2947,3456],[2948,3456],[2949,3456],[2950,3456],[2951,3456],[2952,3456],[2953,3456],[2954,3456],[2955,3456],[2956,3456],[2957,3456],[2958,3456],[2959,3456],[2960,3456],[2961,3456],[2962,3456],[2963,3456],[2964,3456],[2965,3456],[2966,3456],[2967,3456],[2968,3456],[2969,3456],[2970,3456],[2971,3456],[2972,3456],[2973,3456],[2974,3456],[2975,3456],[2976,3456],[2977,3456],[2978,3456],[2979,3456],[2980,3456],[2981,3456],[2982,3456],[2983,3456],[2984,3456],[2985,3456],[2986,3456],[2987,3456],[2988,3456],[2989,3456],[2990,3456],[2991,3456],[2992,3456],[2993,3456],[2994,3456],[2995,3456],[2996,3456],[2997,3456],[2998,3456],[2999,3456],[3000,3456],[3001,3456],[3002,3456],[3003,3456],[3004,3456],[3005,3456],[3006,3456],[3007,3456],[3008,3456],[3008,3457],[3008,3458],[3008,3459],[3008,3460],[3008,3461],[3008,3462],[3008,3463],[3008,3464],[3008,3465],[3008,3466],[3008,3467],[3008,3468],[3008,3469],[3008,3470],[3008,3471],[3008,3472],[3008,3473],[3008,3474],[3008,3475],[3008,3476],[3008,3477],[3008,3478],[3008,3479],[3008,3480],[3008,3481],[3008,3482],[3008,3483],[3008,3484],[3008,3485],[3008,3486],[3008,3487],[3008,3488],[3008,3489],[3008,3490],[3008,3491],[3008,3492],[3008,3493],[3008,3494],[3008,3495],[3008,3496],[3008,3497],[3008,3498],[3008,3499],[3008,3500],[3008,3501],[3008,3502],[3008,3503],[3008,3504],[3008,3505],[3008,3506],[3008,3507],[3008,3508],[3008,3509],[3008,3510],[3008,3511],[3008,3512],[3008,3513],[3008,3514],[3008,3515],[3008,3516],[3008,3517],[3008,3518],[3008,3519],[3008,3520],[3007,3520],[3006,3520],[3005,3520],[3004,3520],[3003,3520],[3002,3520],[3001,3520],[3000,3520],[2999,3520],[2998,3520],[2997,3520],[2996,3520],[2995,3520],[2994,3520],[2993,3520],[2992,3520],[2991,3520],[2990,3520],[2989,3520],[2988,3520],[2987,3520],[2986,3520],[2985,3520],[2984,3520],[2983,3520],[2982,3520],[2981,3520],[2980,3520],[2979,3520],[2978,3520],[2977,3520],[2976,3520],[2975,3520],[2974,3520],[2973,3520],[2972,3520],[2971,3520],[2970,3520],[2969,3520],[2968,3520],[2967,3520],[2966,3520],[2965,3520],[2964,3520],[2963,3520],[2962,3520],[2961,3520],[2960,3520],[2959,3520],[2958,3520],[2957,3520],[2956,3520],[2955,3520],[2954,3520],[2953,3520],[2952,3520],[2951,3520],[2950,3520],[2949,3520],[2948,3520],[2947,3520],[2946,3520],[2945,3520],[2944,3520],[2944,3519],[2944,3518],[2944,3517],[2944,3516],[2944,3515],[2944,3514],[2944,3513],[2944,3512],[2944,3511],[2944,3510],[2944,3509],[2944,3508],[2944,3507],[2944,3506],[2944,3505],[2944,3504],[2944,3503],[2944,3502],[2944,3501],[2944,3500],[2944,3499],[2944,3498],[2944,3497],[2944,3496],[2944,3495],[2944,3494],[2944,3493],[2944,3492],[2944,3491],[2944,3490],[2944,3489],[2944,3488],[2944,3487],[2944,3486],[2944,3485],[2944,3484],[2944,3483],[2944,3482],[2944,3481],[2944,3480],[2944,3479],[2944,3478],[2944,3477],[2944,3476],[2944,3475],[2944,3474],[2944,3473],[2944,3472],[2944,3471],[2944,3470],[2944,3469],[2944,3468],[2944,3467],[2944,3466],[2944,3465],[2944,3464],[2944,3463],[2944,3462],[2944,3461],[2944,3460],[2944,3459],[2944,3458],[2944,3457],[2944,3456]]],[[[2944,3456],[2944,3457],[2944,3458],[2944,3459],[2944,3460],[2944,3461],[2944,3462],[2944,3463],[2944,3464],[2944,3465],[2944,3466],[2944,3467],[2944,3468],[2944,3469],[2944,3470],[2944,3471],[2944,3472],[2944,3473],[2944,3474],[2944,3475],[2944,3476],[2944,3477],[2944,3478],[2944,3479],[2944,3480],[2944,3481],[2944,3482],[2944,3483],[2944,3484],[2944,3485],[2944,3486],[2944,3487],[2944,3488],[2944,3489],[2944,3490],[2944,3491],[2944,3492],[2944,3493],[2944,3494],[2944,3495],[2944,3496],[2944,3497],[2944,3498],[2944,3499],[2944,3500],[2944,3501],[2944,3502],[2944,3503],[2944,3504],[2944,3505],[2944,3506],[2944,3507],[2944,3508],[2944,3509],[2944,3510],[2944,3511],[2944,3512],[2944,3513],[2944,3514],[2944,3515],[2944,3516],[2944,3517],[2944,3518],[2944,3519],[2944,3520],[2945,3520],[2946,3520],[2947,3520],[2948,3520],[2949,3520],[2950,3520],[2951,3520],[2952,3520],[2953,3520],[2954,3520],[2955,3520],[2956,3520],[2957,3520],[2958,3520],[2959,3520],[2960,3520],[2961,3520],[2962,3520],[2963,3520],[2964,3520],[2965,3520],[2966,3520],[2967,3520],[2968,3520],[2969,3520],[2970,3520],[2971,3520],[2972,3520],[2973,3520],[2974,3520],[2975,3520],[2976,3520],[2977,3520],[2978,3520],[2979,3520],[2980,3520],[2981,3520],[2982,3520],[2983,3520],[2984,3520],[2985,3520],[2986,3520],[2987,3520],[2988,3520],[2989,3520],[2990,3520],[2991,3520],[2992,3520],[2993,3520],[2994,3520],[2995,3520],[2996,3520],[2997,3520],[2998,3520],[2999,3520],[3000,3520],[3001,3520],[3002,3520],[3003,3520],[3004,3520],[3005,3520],[3006,3520],[3007,3520],[3008,3520],[3008,3519],[3008,3518],[3008,3517],[3008,3516],[3008,3515],[3008,3514],[3008,3513],[3008,3512],[3008,3511],[3008,3510],[3008,3509],[3008,3508],[3008,3507],[3008,3506],[3008,3505],[3008,3504],[3008,3503],[3008,3502],[3008,3501],[3008,3500],[3008,3499],[3008,3498],[3008,3497],[3008,3496],[3008,3495],[3008,3494],[3008,3493],[3008,3492],[3008,3491],[3008,3490],[3008,3489],[3008,3488],[3008,3487],[3008,3486],[3008,3485],[3008,3484],[3008,3483],[3008,3482],[3008,3481],[3008,3480],[3008,3479],[3008,3478],[3008,3477],[3008,3476],[3008,3475],[3008,3474],[3008,3473],[3008,3472],[3008,3471],[3008,3470],[3008,3469],[3008,3468],[3008,3467],[3008,3466],[3008,3465],[3008,3464],[3008,3463],[3008,3462],[3008,3461],[3008,3460],[3008,3459],[3008,3458],[3008,3457],[3008,3456],[3007,3456],[3006,3456],[3005,3456],[3004,3456],[3003,3456],[3002,3456],[3001,3456],[3000,3456],[2999,3456],[2998,3456],[2997,3456],[2996,3456],[2995,3456],[2994,3456],[2993,3456],[2992,3456],[2991,3456],[2990,3456],[2989,3456],[2988,3456],[2987,3456],[2986,3456],[2985,3456],[2984,3456],[2983,3456],[2982,3456],[2981,3456],[2980,3456],[2979,3456],[2978,3456],[2977,3456],[2976,3456],[2975,3456],[2974,3456],[2973,3456],[2972,3456],[2971,3456],[2970,3456],[2969,3456],[2968,3456],[2967,3456],[2966,3456],[2965,3456],[2964,3456],[2963,3456],[2962,3456],[2961,3456],[2960,3456],[2959,3456],[2958,3456],[2957,3456],[2956,3456],[2955,3456],[2954,3456],[2953,3456],[2952,3456],[2951,3456],[2950,3456],[2949,3456],[2948,3456],[2947,3456],[2946,3456],[2945,3456],[2944,3456]]],[[[2995,3520],[2996,3520],[2997,3520],[2998,3520],[2999,3520],[3000,3520],[3001,3520],[3002,3520],[3003,3520],[3004,3520],[3005,3520],[3006,3520],[3007,3520],[3008,3520],[3008,3521],[3008,3522],[3008,3523],[3008,3524],[3008,3525],[3008,3526],[3008,3527],[3008,3528],[3008,3529],[3008,3530],[3008,3531],[3008,3532],[3008,3533],[3008,3534],[3008,3535],[3008,3536],[3008,3537],[3008,3538],[3008,3539],[3008,3540],[3008,3541],[3008,3542],[3007,3542],[3007,3541],[3006,3541],[3006,3540],[3005,3540],[3005,3539],[3004,3539],[3004,3538],[3004,3537],[3003,3537],[3003,3536],[3003,3535],[3002,3535],[3002,3534],[3002,3533],[3002,3532],[3001,3532],[3001,3531],[3001,3530],[3001,3529],[3000,3529],[3000,3528],[3000,3527],[3000,3526],[2999,3526],[2999,3525],[2998,3525],[2998,3524],[2997,3524],[2997,3523],[2996,3523],[2996,3522],[2996,3521],[2995,3521],[2995,3520]]],[[[2995,3520],[2995,3521],[2996,3521],[2996,3522],[2996,3523],[2997,3523],[2997,3524],[2998,3524],[2998,3525],[2999,3525],[2999,3526],[3000,3526],[3000,3527],[3000,3528],[3000,3529],[3001,3529],[3001,3530],[3001,3531],[3001,3532],[3002,3532],[3002,3533],[3002,3534],[3002,3535],[3003,3535],[3003,3536],[3003,3537],[3004,3537],[3004,3538],[3004,3539],[3005,3539],[3005,3540],[3006,3540],[3006,3541],[3007,3541],[3007,3542],[3008,3542],[3008,3541],[3008,3540],[3008,3539],[3008,3538],[3008,3537],[3008,3536],[3008,3535],[3008,3534],[3008,3533],[3008,3532],[3008,3531],[3008,3530],[3008,3529],[3008,3528],[3008,3527],[3008,3526],[3008,3525],[3008,3524],[3008,3523],[3008,3522],[3008,3521],[3008,3520],[3007,3520],[3006,3520],[3005,3520],[3004,3520],[3003,3520],[3002,3520],[3001,3520],[3000,3520],[2999,3520],[2998,3520],[2997,3520],[2996,3520],[2995,3520]]],[[[3008,3072],[3009,3072],[3010,3072],[3011,3072],[3012,3072],[3013,3072],[3014,3072],[3015,3072],[3016,3072],[3017,3072],[3018,3072],[3019,3072],[3020,3072],[3021,3072],[3022,3072],[3023,3072],[3024,3072],[3025,3072],[3026,3072],[3027,3072],[3028,3072],[3029,3072],[3030,3072],[3031,3072],[3032,3072],[3033,3072],[3034,3072],[3035,3072],[3036,3072],[3037,3072],[3038,3072],[3039,3072],[3040,3072],[3041,3072],[3042,3072],[3043,3072],[3044,3072],[3045,3072],[3046,3072],[3047,3072],[3048,3072],[3049,3072],[3050,3072],[3051,3072],[3052,3072],[3053,3072],[3054,3072],[3055,3072],[3056,3072],[3057,3072],[3058,3072],[3059,3072],[3060,3072],[3061,3072],[3062,3072],[3063,3072],[3064,3072],[3065,3072],[3066,3072],[3067,3072],[3068,3072],[3069,3072],[3070,3072],[3071,3072],[3072,3072],[3072,3073],[3072,3074],[3072,3075],[3072,3076],[3072,3077],[3072,3078],[3072,3079],[3072,3080],[3072,3081],[3072,3082],[3072,3083],[3072,3084],[3072,3085],[3072,3086],[3072,3087],[3072,3088],[3072,3089],[3072,3090],[3072,3091],[3072,3092],[3072,3093],[3072,3094],[3072,3095],[3072,3096],[3072,3097],[3072,3098],[3072,3099],[3072,3100],[3072,3101],[3072,3102],[3072,3103],[3072,3104],[3072,3105],[3072,3106],[3072,3107],[3072,3108],[3072,3109],[3072,3110],[3072,3111],[3072,3112],[3072,3113],[3072,3114],[3072,3115],[3072,3116],[3072,3117],[3072,3118],[3072,3119],[3072,3120],[3072,3121],[3072,3122],[3072,3123],[3072,3124],[3072,3125],[3072,3126],[3072,3127],[3072,3128],[3072,3129],[3072,3130],[3072,3131],[3072,3132],[3072,3133],[3072,3134],[3072,3135],[3072,3136],[3071,3136],[3070,3136],[3069,3136],[3068,3136],[3067,3136],[3066,3136],[3065,3136],[3064,3136],[3063,3136],[3062,3136],[3061,3136],[3060,3136],[3059,3136],[3058,3136],[3057,3136],[3056,3136],[3055,3136],[3054,3136],[3053,3136],[3052,3136],[3051,3136],[3050,3136],[3049,3136],[3048,3136],[3047,3136],[3046,3136],[3045,3136],[3044,3136],[3043,3136],[3042,3136],[3041,3136],[3040,3136],[3039,3136],[3038,3136],[3037,3136],[3036,3136],[3035,3136],[3034,3136],[3033,3136],[3032,3136],[3031,3136],[3030,3136],[3029,3136],[3028,3136],[3027,3136],[3026,3136],[3025,3136],[3024,3136],[3023,3136],[3022,3136],[3021,3136],[3020,3136],[3019,3136],[3018,3136],[3017,3136],[3016,3136],[3015,3136],[3014,3136],[3013,3136],[3012,3136],[3011,3136],[3010,3136],[3009,3136],[3008,3136],[3008,3135],[3008,3134],[3008,3133],[3008,3132],[3008,3131],[3008,3130],[3008,3129],[3008,3128],[3008,3127],[3008,3126],[3008,3125],[3008,3124],[3008,3123],[3008,3122],[3008,3121],[3008,3120],[3008,3119],[3008,3118],[3008,3117],[3008,3116],[3008,3115],[3008,3114],[3008,3113],[3008,3112],[3008,3111],[3008,3110],[3008,3109],[3008,3108],[3008,3107],[3008,3106],[3008,3105],[3008,3104],[3008,3103],[3008,3102],[3008,3101],[3008,3100],[3008,3099],[3008,3098],[3008,3097],[3008,3096],[3008,3095],[3008,3094],[3008,3093],[3008,3092],[3008,3091],[3008,3090],[3008,3089],[3008,3088],[3008,3087],[3008,3086],[3008,3085],[3008,3084],[3008,3083],[3008,3082],[3008,3081],[3008,3080],[3008,3079],[3008,3078],[3008,3077],[3008,3076],[3008,3075],[3008,3074],[3008,3073],[3008,3072]]],[[[3008,3072],[3008,3073],[3008,3074],[3008,3075],[3008,3076],[3008,3077],[3008,3078],[3008,3079],[3008,3080],[3008,3081],[3008,3082],[3008,3083],[3008,3084],[3008,3085],[3008,3086],[3008,3087],[3008,3088],[3008,3089],[3008,3090],[3008,3091],[3008,3092],[3008,3093],[3008,3094],[3008,3095],[3008,3096],[3008,3097],[3008,3098],[3008,3099],[3008,3100],[3008,3101],[3008,3102],[3008,3103],[3008,3104],[3008,3105],[3008,3106],[3008,3107],[3008,3108],[3008,3109],[3008,3110],[3008,3111],[3008,3112],[3008,3113],[3008,3114],[3008,3115],[3008,3116],[3008,3117],[3008,3118],[3008,3119],[3008,3120],[3008,3121],[3008,3122],[3008,3123],[3008,3124],[3008,3125],[3008,3126],[3008,3127],[3008,3128],[3008,3129],[3008,3130],[3008,3131],[3008,3132],[3008,3133],[3008,3134],[3008,3135],[3008,3136],[3009,3136],[3010,3136],[3011,3136],[3012,3136],[3013,3136],[3014,3136],[3015,3136],[3016,3136],[3017,3136],[3018,3136],[3019,3136],[3020,3136],[3021,3136],[3022,3136],[3023,3136],[3024,3136],[3025,3136],[3026,3136],[3027,3136],[3028,3136],[3029,3136],[3030,3136],[3031,3136],[3032,3136],[3033,3136],[3034,3136],[3035,3136],[3036,3136],[3037,3136],[3038,3136],[3039,3136],[3040,3136],[3041,3136],[3042,3136],[3043,3136],[3044,3136],[3045,3136],[3046,3136],[3047,3136],[3048,3136],[3049,3136],[3050,3136],[3051,3136],[3052,3136],[3053,3136],[3054,3136],[3055,3136],[3056,3136],[3057,3136],[3058,3136],[3059,3136],[3060,3136],[3061,3136],[3062,3136],[3063,3136],[3064,3136],[3065,3136],[3066,3136],[3067,3136],[3068,3136],[3069,3136],[3070,3136],[3071,3136],[3072,3136],[3072,3135],[3072,3134],[3072,3133],[3072,3132],[3072,3131],[3072,3130],[3072,3129],[3072,3128],[3072,3127],[3072,3126],[3072,3125],[3072,3124],[3072,3123],[3072,3122],[3072,3121],[3072,3120],[3072,3119],[3072,3118],[3072,3117],[3072,3116],[3072,3115],[3072,3114],[3072,3113],[3072,3112],[3072,3111],[3072,3110],[3072,3109],[3072,3108],[3072,3107],[3072,3106],[3072,3105],[3072,3104],[3072,3103],[3072,3102],[3072,3101],[3072,3100],[3072,3099],[3072,3098],[3072,3097],[3072,3096],[3072,3095],[3072,3094],[3072,3093],[3072,3092],[3072,3091],[3072,3090],[3072,3089],[3072,3088],[3072,3087],[3072,3086],[3072,3085],[3072,3084],[3072,3083],[3072,3082],[3072,3081],[3072,3080],[3072,3079],[3072,3078],[3072,3077],[3072,3076],[3072,3075],[3072,3074],[3072,3073],[3072,3072],[3071,3072],[3070,3072],[3069,3072],[3068,3072],[3067,3072],[3066,3072],[3065,3072],[3064,3072],[3063,3072],[3062,3072],[3061,3072],[3060,3072],[3059,3072],[3058,3072],[3057,3072],[3056,3072],[3055,3072],[3054,3072],[3053,3072],[3052,3072],[3051,3072],[3050,3072],[3049,3072],[3048,3072],[3047,3072],[3046,3072],[3045,3072],[3044,3072],[3043,3072],[3042,3072],[3041,3072],[3040,3072],[3039,3072],[3038,3072],[3037,3072],[3036,3072],[3035,3072],[3034,3072],[3033,3072],[3032,3072],[3031,3072],[3030,3072],[3029,3072],[3028,3072],[3027,3072],[3026,3072],[3025,3072],[3024,3072],[3023,3072],[3022,3072],[3021,3072],[3020,3072],[3019,3072],[3018,3072],[3017,3072],[3016,3072],[3015,3072],[3014,3072],[3013,3072],[3012,3072],[3011,3072],[3010,3072],[3009,3072],[3008,3072]]],[[[3008,3136],[3009,3136],[3010,3136],[3011,3136],[3012,3136],[3013,3136],[3014,3136],[3015,3136],[3016,3136],[3017,3136],[3018,3136],[3019,3136],[3020,3136],[3021,3136],[3022,3136],[3023,3136],[3024,3136],[3025,3136],[3026,3136],[3027,3136],[3028,3136],[3029,3136],[3030,3136],[3031,3136],[3032,3136],[3033,3136],[3034,3136],[3035,3136],[3036,3136],[3037,3136],[3038,3136],[3039,3136],[3040,3136],[3041,3136],[3042,3136],[3043,3136],[3044,3136],[3045,3136],[3046,3136],[3047,3136],[3048,3136],[3049,3136],[3050,3136],[3051,3136],[3052,3136],[3053,3136],[3054,3136],[3055,3136],[3056,3136],[3057,3136],[3058,3136],[3059,3136],[3060,3136],[3061,3136],[3062,3136],[3063,3136],[3064,3136],[3065,3136],[3066,3136],[3067,3136],[3068,3136],[3069,3136],[3070,3136],[3071,3136],[3072,3136],[3072,3137],[3072,3138],[3072,3139],[3072,3140],[3072,3141],[3072,3142],[3072,3143],[3072,3144],[3072,3145],[3072,3146],[3072,3147],[3072,3148],[3072,3149],[3072,3150],[3072,3151],[3072,3152],[3072,3153],[3072,3154],[3072,3155],[3072,3156],[3072,3157],[3072,3158],[3072,3159],[3072,3160],[3072,3161],[3072,3162],[3072,3163],[3072,3164],[3072,3165],[3072,3166],[3072,3167],[3072,3168],[3072,3169],[3072,3170],[3072,3171],[3072,3172],[3072,3173],[3072,3174],[3072,3175],[3072,3176],[3072,3177],[3072,3178],[3072,3179],[3072,3180],[3072,3181],[3072,3182],[3072,3183],[3072,3184],[3072,3185],[3072,3186],[3072,3187],[3072,3188],[3072,3189],[3072,3190],[3072,3191],[3072,3192],[3072,3193],[3072,3194],[3072,3195],[3072,3196],[3072,3197],[3072,3198],[3072,3199],[3072,3200],[3071,3200],[3070,3200],[3069,3200],[3068,3200],[3067,3200],[3066,3200],[3065,3200],[3064,3200],[3063,3200],[3062,3200],[3061,3200],[3060,3200],[3059,3200],[3058,3200],[3057,3200],[3056,3200],[3055,3200],[3054,3200],[3053,3200],[3052,3200],[3051,3200],[3050,3200],[3049,3200],[3048,3200],[3047,3200],[3046,3200],[3045,3200],[3044,3200],[3043,3200],[3042,3200],[3041,3200],[3040,3200],[3039,3200],[3038,3200],[3037,3200],[3036,3200],[3035,3200],[3034,3200],[3033,3200],[3032,3200],[3031,3200],[3030,3200],[3029,3200],[3028,3200],[3027,3200],[3026,3200],[3025,3200],[3024,3200],[3023,3200],[3022,3200],[3021,3200],[3020,3200],[3019,3200],[3018,3200],[3017,3200],[3016,3200],[3015,3200],[3014,3200],[3013,3200],[3012,3200],[3011,3200],[3010,3200],[3009,3200],[3008,3200],[3008,3199],[3008,3198],[3008,3197],[3008,3196],[3008,3195],[3008,3194],[3008,3193],[3008,3192],[3008,3191],[3008,3190],[3008,3189],[3008,3188],[3008,3187],[3008,3186],[3008,3185],[3008,3184],[3008,3183],[3008,3182],[3008,3181],[3008,3180],[3008,3179],[3008,3178],[3008,3177],[3008,3176],[3008,3175],[3008,3174],[3008,3173],[3008,3172],[3008,3171],[3008,3170],[3008,3169],[3008,3168],[3008,3167],[3008,3166],[3008,3165],[3008,3164],[3008,3163],[3008,3162],[3008,3161],[3008,3160],[3008,3159],[3008,3158],[3008,3157],[3008,3156],[3008,3155],[3008,3154],[3008,3153],[3008,3152],[3008,3151],[3008,3150],[3008,3149],[3008,3148],[3008,3147],[3008,3146],[3008,3145],[3008,3144],[3008,3143],[3008,3142],[3008,3141],[3008,3140],[3008,3139],[3008,3138],[3008,3137],[3008,3136]]],[[[3008,3136],[3008,3137],[3008,3138],[3008,3139],[3008,3140],[3008,3141],[3008,3142],[3008,3143],[3008,3144],[3008,3145],[3008,3146],[3008,3147],[3008,3148],[3008,3149],[3008,3150],[3008,3151],[3008,3152],[3008,3153],[3008,3154],[3008,3155],[3008,3156],[3008,3157],[3008,3158],[3008,3159],[3008,3160],[3008,3161],[3008,3162],[3008,3163],[3008,3164],[3008,3165],[3008,3166],[3008,3167],[3008,3168],[3008,3169],[3008,3170],[3008,3171],[3008,3172],[3008,3173],[3008,3174],[3008,3175],[3008,3176],[3008,3177],[3008,3178],[3008,3179],[3008,3180],[3008,3181],[3008,3182],[3008,3183],[3008,3184],[3008,3185],[3008,3186],[3008,3187],[3008,3188],[3008,3189],[3008,3190],[3008,3191],[3008,3192],[3008,3193],[3008,3194],[3008,3195],[3008,3196],[3008,3197],[3008,3198],[3008,3199],[3008,3200],[3009,3200],[3010,3200],[3011,3200],[3012,3200],[3013,3200],[3014,3200],[3015,3200],[3016,3200],[3017,3200],[3018,3200],[3019,3200],[3020,3200],[3021,3200],[3022,3200],[3023,3200],[3024,3200],[3025,3200],[3026,3200],[3027,3200],[3028,3200],[3029,3200],[3030,3200],[3031,3200],[3032,3200],[3033,3200],[3034,3200],[3035,3200],[3036,3200],[3037,3200],[3038,3200],[3039,3200],[3040,3200],[3041,3200],[3042,3200],[3043,3200],[3044,3200],[3045,3200],[3046,3200],[3047,3200],[3048,3200],[3049,3200],[3050,3200],[3051,3200],[3052,3200],[3053,3200],[3054,3200],[3055,3200],[3056,3200],[3057,3200],[3058,3200],[3059,3200],[3060,3200],[3061,3200],[3062,3200],[3063,3200],[3064,3200],[3065,3200],[3066,3200],[3067,3200],[3068,3200],[3069,3200],[3070,3200],[3071,3200],[3072,3200],[3072,3199],[3072,3198],[3072,3197],[3072,3196],[3072,3195],[3072,3194],[3072,3193],[3072,3192],[3072,3191],[3072,3190],[3072,3189],[3072,3188],[3072,3187],[3072,3186],[3072,3185],[3072,3184],[3072,3183],[3072,3182],[3072,3181],[3072,3180],[3072,3179],[3072,3178],[3072,3177],[3072,3176],[3072,3175],[3072,3174],[3072,3173],[3072,3172],[3072,3171],[3072,3170],[3072,3169],[3072,3168],[3072,3167],[3072,3166],[3072,3165],[3072,3164],[3072,3163],[3072,3162],[3072,3161],[3072,3160],[3072,3159],[3072,3158],[3072,3157],[3072,3156],[3072,3155],[3072,3154],[3072,3153],[3072,3152],[3072,3151],[3072,3150],[3072,3149],[3072,3148],[3072,3147],[3072,3146],[3072,3145],[3072,3144],[3072,3143],[3072,3142],[3072,3141],[3072,3140],[3072,3139],[3072,3138],[3072,3137],[3072,3136],[3071,3136],[3070,3136],[3069,3136],[3068,3136],[3067,3136],[3066,3136],[3065,3136],[3064,3136],[3063,3136],[3062,3136],[3061,3136],[3060,3136],[3059,3136],[3058,3136],[3057,3136],[3056,3136],[3055,3136],[3054,3136],[3053,3136],[3052,3136],[3051,3136],[3050,3136],[3049,3136],[3048,3136],[3047,3136],[3046,3136],[3045,3136],[3044,3136],[3043,3136],[3042,3136],[3041,3136],[3040,3136],[3039,3136],[3038,3136],[3037,3136],[3036,3136],[3035,3136],[3034,3136],[3033,3136],[3032,3136],[3031,3136],[3030,3136],[3029,3136],[3028,3136],[3027,3136],[3026,3136],[3025,3136],[3024,3136],[3023,3136],[3022,3136],[3021,3136],[3020,3136],[3019,3136],[3018,3136],[3017,3136],[3016,3136],[3015,3136],[3014,3136],[3013,3136],[3012,3136],[3011,3136],[3010,3136],[3009,3136],[3008,3136]]],[[[3008,3200],[3009,3200],[3010,3200],[3011,3200],[3012,3200],[3013,3200],[3014,3200],[3015,3200],[3016,3200],[3017,3200],[3018,3200],[3019,3200],[3020,3200],[3021,3200],[3022,3200],[3023,3200],[3024,3200],[3025,3200],[3026,3200],[3027,3200],[3028,3200],[3029,3200],[3030,3200],[3031,3200],[3032,3200],[3033,3200],[3034,3200],[3035,3200],[3036,3200],[3037,3200],[3038,3200],[3039,3200],[3040,3200],[3041,3200],[3042,3200],[3043,3200],[3044,3200],[3045,3200],[3046,3200],[3047,3200],[3048,3200],[3049,3200],[3050,3200],[3051,3200],[3052,3200],[3053,3200],[3054,3200],[3055,3200],[3056,3200],[3057,3200],[3058,3200],[3059,3200],[3060,3200],[3061,3200],[3062,3200],[3063,3200],[3064,3200],[3065,3200],[3066,3200],[3067,3200],[3068,3200],[3069,3200],[3070,3200],[3071,3200],[3072,3200],[3072,3201],[3072,3202],[3072,3203],[3072,3204],[3072,3205],[3072,3206],[3072,3207],[3072,3208],[3072,3209],[3072,3210],[3072,3211],[3072,3212],[3072,3213],[3072,3214],[3072,3215],[3072,3216],[3072,3217],[3072,3218],[3072,3219],[3072,3220],[3072,3221],[3072,3222],[3072,3223],[3072,3224],[3072,3225],[3072,3226],[3072,3227],[3072,3228],[3072,3229],[3072,3230],[3072,3231],[3072,3232],[3072,3233],[3072,3234],[3072,3235],[3072,3236],[3072,3237],[3072,3238],[3072,3239],[3072,3240],[3072,3241],[3071,3241],[3070,3241],[3070,3242],[3069,3242],[3068,3242],[3068,3243],[3067,3243],[3067,3244],[3067,3245],[3066,3245],[3066,3246],[3066,3247],[3066,3248],[3065,3248],[3065,3249],[3065,3250],[3066,3250],[3066,3251],[3066,3252],[3066,3253],[3067,3253],[3067,3254],[3067,3255],[3068,3255],[3068,3256],[3068,3257],[3068,3258],[3068,3259],[3068,3260],[3068,3261],[3068,3262],[3068,3263],[3069,3263],[3069,3264],[3068,3264],[3067,3264],[3066,3264],[3065,3264],[3064,3264],[3063,3264],[3062,3264],[3061,3264],[3060,3264],[3059,3264],[3058,3264],[3057,3264],[3056,3264],[3055,3264],[3054,3264],[3053,3264],[3052,3264],[3051,3264],[3050,3264],[3049,3264],[3048,3264],[3047,3264],[3046,3264],[3045,3264],[3044,3264],[3043,3264],[3042,3264],[3041,3264],[3040,3264],[3039,3264],[3038,3264],[3037,3264],[3036,3264],[3035,3264],[3034,3264],[3033,3264],[3032,3264],[3031,3264],[3030,3264],[3029,3264],[3028,3264],[3027,3264],[3026,3264],[3025,3264],[3024,3264],[3023,3264],[3022,3264],[3021,3264],[3020,3264],[3019,3264],[3018,3264],[3017,3264],[3016,3264],[3015,3264],[3014,3264],[3013,3264],[3012,3264],[3011,3264],[3010,3264],[3009,3264],[3008,3264],[3008,3263],[3008,3262],[3008,3261],[3008,3260],[3008,3259],[3008,3258],[3008,3257],[3008,3256],[3008,3255],[3008,3254],[3008,3253],[3008,3252],[3008,3251],[3008,3250],[3008,3249],[3008,3248],[3008,3247],[3008,3246],[3008,3245],[3008,3244],[3008,3243],[3008,3242],[3008,3241],[3008,3240],[3008,3239],[3008,3238],[3008,3237],[3008,3236],[3008,3235],[3008,3234],[3008,3233],[3008,3232],[3008,3231],[3008,3230],[3008,3229],[3008,3228],[3008,3227],[3008,3226],[3008,3225],[3008,3224],[3008,3223],[3008,3222],[3008,3221],[3008,3220],[3008,3219],[3008,3218],[3008,3217],[3008,3216],[3008,3215],[3008,3214],[3008,3213],[3008,3212],[3008,3211],[3008,3210],[3008,3209],[3008,3208],[3008,3207],[3008,3206],[3008,3205],[3008,3204],[3008,3203],[3008,3202],[3008,3201],[3008,3200]]],[[[3008,3200],[3008,3201],[3008,3202],[3008,3203],[3008,3204],[3008,3205],[3008,3206],[3008,3207],[3008,3208],[3008,3209],[3008,3210],[3008,3211],[3008,3212],[3008,3213],[3008,3214],[3008,3215],[3008,3216],[3008,3217],[3008,3218],[3008,3219],[3008,3220],[3008,3221],[3008,3222],[3008,3223],[3008,3224],[3008,3225],[3008,3226],[3008,3227],[3008,3228],[3008,3229],[3008,3230],[3008,3231],[3008,3232],[3008,3233],[3008,3234],[3008,3235],[3008,3236],[3008,3237],[3008,3238],[3008,3239],[3008,3240],[3008,3241],[3008,3242],[3008,3243],[3008,3244],[3008,3245],[3008,3246],[3008,3247],[3008,3248],[3008,3249],[3008,3250],[3008,3251],[3008,3252],[3008,3253],[3008,3254],[3008,3255],[3008,3256],[3008,3257],[3008,3258],[3008,3259],[3008,3260],[3008,3261],[3008,3262],[3008,3263],[3008,3264],[3009,3264],[3010,3264],[3011,3264],[3012,3264],[3013,3264],[3014,3264],[3015,3264],[3016,3264],[3017,3264],[3018,3264],[3019,3264],[3020,3264],[3021,3264],[3022,3264],[3023,3264],[3024,3264],[3025,3264],[3026,3264],[3027,3264],[3028,3264],[3029,3264],[3030,3264],[3031,3264],[3032,3264],[3033,3264],[3034,3264],[3035,3264],[3036,3264],[3037,3264],[3038,3264],[3039,3264],[3040,3264],[3041,3264],[3042,3264],[3043,3264],[3044,3264],[3045,3264],[3046,3264],[3047,3264],[3048,3264],[3049,3264],[3050,3264],[3051,3264],[3052,3264],[3053,3264],[3054,3264],[3055,3264],[3056,3264],[3057,3264],[3058,3264],[3059,3264],[3060,3264],[3061,3264],[3062,3264],[3063,3264],[3064,3264],[3065,3264],[3066,3264],[3067,3264],[3068,3264],[3069,3264],[3069,3263],[3068,3263],[3068,3262],[3068,3261],[3068,3260],[3068,3259],[3068,3258],[3068,3257],[3068,3256],[3068,3255],[3067,3255],[3067,3254],[3067,3253],[3066,3253],[3066,3252],[3066,3251],[3066,3250],[3065,3250],[3065,3249],[3065,3248],[3066,3248],[3066,3247],[3066,3246],[3066,3245],[3067,3245],[3067,3244],[3067,3243],[3068,3243],[3068,3242],[3069,3242],[3070,3242],[3070,3241],[3071,3241],[3072,3241],[3072,3240],[3072,3239],[3072,3238],[3072,3237],[3072,3236],[3072,3235],[3072,3234],[3072,3233],[3072,3232],[3072,3231],[3072,3230],[3072,3229],[3072,3228],[3072,3227],[3072,3226],[3072,3225],[3072,3224],[3072,3223],[3072,3222],[3072,3221],[3072,3220],[3072,3219],[3072,3218],[3072,3217],[3072,3216],[3072,3215],[3072,3214],[3072,3213],[3072,3212],[3072,3211],[3072,3210],[3072,3209],[3072,3208],[3072,3207],[3072,3206],[3072,3205],[3072,3204],[3072,3203],[3072,3202],[3072,3201],[3072,3200],[3071,3200],[3070,3200],[3069,3200],[3068,3200],[3067,3200],[3066,3200],[3065,3200],[3064,3200],[3063,3200],[3062,3200],[3061,3200],[3060,3200],[3059,3200],[3058,3200],[3057,3200],[3056,3200],[3055,3200],[3054,3200],[3053,3200],[3052,3200],[3051,3200],[3050,3200],[3049,3200],[3048,3200],[3047,3200],[3046,3200],[3045,3200],[3044,3200],[3043,3200],[3042,3200],[3041,3200],[3040,3200],[3039,3200],[3038,3200],[3037,3200],[3036,3200],[3035,3200],[3034,3200],[3033,3200],[3032,3200],[3031,3200],[3030,3200],[3029,3200],[3028,3200],[3027,3200],[3026,3200],[3025,3200],[3024,3200],[3023,3200],[3022,3200],[3021,3200],[3020,3200],[3019,3200],[3018,3200],[3017,3200],[3016,3200],[3015,3200],[3014,3200],[3013,3200],[3012,3200],[3011,3200],[3010,3200],[3009,3200],[3008,3200]]],[[[3008,3456],[3009,3456],[3010,3456],[3011,3456],[3012,3456],[3013,3456],[3014,3456],[3015,3456],[3016,3456],[3017,3456],[3018,3456],[3019,3456],[3020,3456],[3021,3456],[3022,3456],[3023,3456],[3024,3456],[3025,3456],[3026,3456],[3027,3456],[3028,3456],[3029,3456],[3030,3456],[3031,3456],[3032,3456],[3033,3456],[3034,3456],[3035,3456],[3036,3456],[3037,3456],[3038,3456],[3039,3456],[3040,3456],[3041,3456],[3042,3456],[3043,3456],[3044,3456],[3045,3456],[3046,3456],[3047,3456],[3048,3456],[3049,3456],[3050,3456],[3051,3456],[3052,3456],[3053,3456],[3054,3456],[3055,3456],[3056,3456],[3057,3456],[3058,3456],[3059,3456],[3060,3456],[3061,3456],[3062,3456],[3063,3456],[3064,3456],[3065,3456],[3066,3456],[3067,3456],[3068,3456],[3069,3456],[3070,3456],[3071,3456],[3072,3456],[3072,3457],[3072,3458],[3072,3459],[3072,3460],[3072,3461],[3072,3462],[3072,3463],[3072,3464],[3072,3465],[3072,3466],[3072,3467],[3072,3468],[3072,3469],[3072,3470],[3072,3471],[3072,3472],[3072,3473],[3072,3474],[3072,3475],[3072,3476],[3072,3477],[3072,3478],[3072,3479],[3072,3480],[3072,3481],[3072,3482],[3072,3483],[3072,3484],[3072,3485],[3072,3486],[3072,3487],[3072,3488],[3072,3489],[3072,3490],[3072,3491],[3072,3492],[3072,3493],[3072,3494],[3072,3495],[3072,3496],[3072,3497],[3072,3498],[3072,3499],[3072,3500],[3072,3501],[3072,3502],[3072,3503],[3072,3504],[3072,3505],[3072,3506],[3072,3507],[3072,3508],[3072,3509],[3072,3510],[3072,3511],[3072,3512],[3072,3513],[3072,3514],[3072,3515],[3072,3516],[3072,3517],[3072,3518],[3072,3519],[3072,3520],[3071,3520],[3070,3520],[3069,3520],[3068,3520],[3067,3520],[3066,3520],[3065,3520],[3064,3520],[3063,3520],[3062,3520],[3061,3520],[3060,3520],[3059,3520],[3058,3520],[3057,3520],[3056,3520],[3055,3520],[3054,3520],[3053,3520],[3052,3520],[3051,3520],[3050,3520],[3049,3520],[3048,3520],[3047,3520],[3046,3520],[3045,3520],[3044,3520],[3043,3520],[3042,3520],[3041,3520],[3040,3520],[3039,3520],[3038,3520],[3037,3520],[3036,3520],[3035,3520],[3034,3520],[3033,3520],[3032,3520],[3031,3520],[3030,3520],[3029,3520],[3028,3520],[3027,3520],[3026,3520],[3025,3520],[3024,3520],[3023,3520],[3022,3520],[3021,3520],[3020,3520],[3019,3520],[3018,3520],[3017,3520],[3016,3520],[3015,3520],[3014,3520],[3013,3520],[3012,3520],[3011,3520],[3010,3520],[3009,3520],[3008,3520],[3008,3519],[3008,3518],[3008,3517],[3008,3516],[3008,3515],[3008,3514],[3008,3513],[3008,3512],[3008,3511],[3008,3510],[3008,3509],[3008,3508],[3008,3507],[3008,3506],[3008,3505],[3008,3504],[3008,3503],[3008,3502],[3008,3501],[3008,3500],[3008,3499],[3008,3498],[3008,3497],[3008,3496],[3008,3495],[3008,3494],[3008,3493],[3008,3492],[3008,3491],[3008,3490],[3008,3489],[3008,3488],[3008,3487],[3008,3486],[3008,3485],[3008,3484],[3008,3483],[3008,3482],[3008,3481],[3008,3480],[3008,3479],[3008,3478],[3008,3477],[3008,3476],[3008,3475],[3008,3474],[3008,3473],[3008,3472],[3008,3471],[3008,3470],[3008,3469],[3008,3468],[3008,3467],[3008,3466],[3008,3465],[3008,3464],[3008,3463],[3008,3462],[3008,3461],[3008,3460],[3008,3459],[3008,3458],[3008,3457],[3008,3456]]],[[[3008,3456],[3008,3457],[3008,3458],[3008,3459],[3008,3460],[3008,3461],[3008,3462],[3008,3463],[3008,3464],[3008,3465],[3008,3466],[3008,3467],[3008,3468],[3008,3469],[3008,3470],[3008,3471],[3008,3472],[3008,3473],[3008,3474],[3008,3475],[3008,3476],[3008,3477],[3008,3478],[3008,3479],[3008,3480],[3008,3481],[3008,3482],[3008,3483],[3008,3484],[3008,3485],[3008,3486],[3008,3487],[3008,3488],[3008,3489],[3008,3490],[3008,3491],[3008,3492],[3008,3493],[3008,3494],[3008,3495],[3008,3496],[3008,3497],[3008,3498],[3008,3499],[3008,3500],[3008,3501],[3008,3502],[3008,3503],[3008,3504],[3008,3505],[3008,3506],[3008,3507],[3008,3508],[3008,3509],[3008,3510],[3008,3511],[3008,3512],[3008,3513],[3008,3514],[3008,3515],[3008,3516],[3008,3517],[3008,3518],[3008,3519],[3008,3520],[3009,3520],[3010,3520],[3011,3520],[3012,3520],[3013,3520],[3014,3520],[3015,3520],[3016,3520],[3017,3520],[3018,3520],[3019,3520],[3020,3520],[3021,3520],[3022,3520],[3023,3520],[3024,3520],[3025,3520],[3026,3520],[3027,3520],[3028,3520],[3029,3520],[3030,3520],[3031,3520],[3032,3520],[3033,3520],[3034,3520],[3035,3520],[3036,3520],[3037,3520],[3038,3520],[3039,3520],[3040,3520],[3041,3520],[3042,3520],[3043,3520],[3044,3520],[3045,3520],[3046,3520],[3047,3520],[3048,3520],[3049,3520],[3050,3520],[3051,3520],[3052,3520],[3053,3520],[3054,3520],[3055,3520],[3056,3520],[3057,3520],[3058,3520],[3059,3520],[3060,3520],[3061,3520],[3062,3520],[3063,3520],[3064,3520],[3065,3520],[3066,3520],[3067,3520],[3068,3520],[3069,3520],[3070,3520],[3071,3520],[3072,3520],[3072,3519],[3072,3518],[3072,3517],[3072,3516],[3072,3515],[3072,3514],[3072,3513],[3072,3512],[3072,3511],[3072,3510],[3072,3509],[3072,3508],[3072,3507],[3072,3506],[3072,3505],[3072,3504],[3072,3503],[3072,3502],[3072,3501],[3072,3500],[3072,3499],[3072,3498],[3072,3497],[3072,3496],[3072,3495],[3072,3494],[3072,3493],[3072,3492],[3072,3491],[3072,3490],[3072,3489],[3072,3488],[3072,3487],[3072,3486],[3072,3485],[3072,3484],[3072,3483],[3072,3482],[3072,3481],[3072,3480],[3072,3479],[3072,3478],[3072,3477],[3072,3476],[3072,3475],[3072,3474],[3072,3473],[3072,3472],[3072,3471],[3072,3470],[3072,3469],[3072,3468],[3072,3467],[3072,3466],[3072,3465],[3072,3464],[3072,3463],[3072,3462],[3072,3461],[3072,3460],[3072,3459],[3072,3458],[3072,3457],[3072,3456],[3071,3456],[3070,3456],[3069,3456],[3068,3456],[3067,3456],[3066,3456],[3065,3456],[3064,3456],[3063,3456],[3062,3456],[3061,3456],[3060,3456],[3059,3456],[3058,3456],[3057,3456],[3056,3456],[3055,3456],[3054,3456],[3053,3456],[3052,3456],[3051,3456],[3050,3456],[3049,3456],[3048,3456],[3047,3456],[3046,3456],[3045,3456],[3044,3456],[3043,3456],[3042,3456],[3041,3456],[3040,3456],[3039,3456],[3038,3456],[3037,3456],[3036,3456],[3035,3456],[3034,3456],[3033,3456],[3032,3456],[3031,3456],[3030,3456],[3029,3456],[3028,3456],[3027,3456],[3026,3456],[3025,3456],[3024,3456],[3023,3456],[3022,3456],[3021,3456],[3020,3456],[3019,3456],[3018,3456],[3017,3456],[3016,3456],[3015,3456],[3014,3456],[3013,3456],[3012,3456],[3011,3456],[3010,3456],[3009,3456],[3008,3456]]],[[[3008,3520],[3009,3520],[3010,3520],[3011,3520],[3012,3520],[3013,3520],[3014,3520],[3015,3520],[3016,3520],[3017,3520],[3018,3520],[3019,3520],[3020,3520],[3021,3520],[3022,3520],[3023,3520],[3024,3520],[3025,3520],[3026,3520],[3027,3520],[3028,3520],[3029,3520],[3030,3520],[3031,3520],[3032,3520],[3033,3520],[3034,3520],[3035,3520],[3036,3520],[3037,3520],[3038,3520],[3039,3520],[3040,3520],[3041,3520],[3042,3520],[3043,3520],[3044,3520],[3044,3521],[3043,3521],[3043,3522],[3042,3522],[3042,3523],[3041,3523],[3041,3524],[3040,3524],[3040,3525],[3039,3525],[3039,3526],[3038,3526],[3037,3526],[3037,3527],[3036,3527],[3036,3528],[3035,3528],[3034,3528],[3034,3529],[3033,3529],[3032,3529],[3032,3530],[3031,3530],[3031,3531],[3031,3532],[3031,3533],[3031,3534],[3031,3535],[3030,3535],[3030,3536],[3030,3537],[3029,3537],[3029,3538],[3029,3539],[3028,3539],[3028,3540],[3027,3540],[3027,3541],[3026,3541],[3026,3542],[3025,3542],[3024,3542],[3024,3543],[3023,3543],[3022,3543],[3022,3544],[3021,3544],[3020,3544],[3019,3544],[3018,3544],[3017,3544],[3017,3545],[3016,3545],[3016,3544],[3015,3544],[3014,3544],[3013,3544],[3012,3544],[3011,3544],[3011,3543],[3010,3543],[3009,3543],[3009,3542],[3008,3542],[3008,3541],[3008,3540],[3008,3539],[3008,3538],[3008,3537],[3008,3536],[3008,3535],[3008,3534],[3008,3533],[3008,3532],[3008,3531],[3008,3530],[3008,3529],[3008,3528],[3008,3527],[3008,3526],[3008,3525],[3008,3524],[3008,3523],[3008,3522],[3008,3521],[3008,3520]]],[[[3008,3520],[3008,3521],[3008,3522],[3008,3523],[3008,3524],[3008,3525],[3008,3526],[3008,3527],[3008,3528],[3008,3529],[3008,3530],[3008,3531],[3008,3532],[3008,3533],[3008,3534],[3008,3535],[3008,3536],[3008,3537],[3008,3538],[3008,3539],[3008,3540],[3008,3541],[3008,3542],[3009,3542],[3009,3543],[3010,3543],[3011,3543],[3011,3544],[3012,3544],[3013,3544],[3014,3544],[3015,3544],[3016,3544],[3016,3545],[3017,3545],[3017,3544],[3018,3544],[3019,3544],[3020,3544],[3021,3544],[3022,3544],[3022,3543],[3023,3543],[3024,3543],[3024,3542],[3025,3542],[3026,3542],[3026,3541],[3027,3541],[3027,3540],[3028,3540],[3028,3539],[3029,3539],[3029,3538],[3029,3537],[3030,3537],[3030,3536],[3030,3535],[3031,3535],[3031,3534],[3031,3533],[3031,3532],[3031,3531],[3031,3530],[3032,3530],[3032,3529],[3033,3529],[3034,3529],[3034,3528],[3035,3528],[3036,3528],[3036,3527],[3037,3527],[3037,3526],[3038,3526],[3039,3526],[3039,3525],[3040,3525],[3040,3524],[3041,3524],[3041,3523],[3042,3523],[3042,3522],[3043,3522],[3043,3521],[3044,3521],[3044,3520],[3043,3520],[3042,3520],[3041,3520],[3040,3520],[3039,3520],[3038,3520],[3037,3520],[3036,3520],[3035,3520],[3034,3520],[3033,3520],[3032,3520],[3031,3520],[3030,3520],[3029,3520],[3028,3520],[3027,3520],[3026,3520],[3025,3520],[3024,3520],[3023,3520],[3022,3520],[3021,3520],[3020,3520],[3019,3520],[3018,3520],[3017,3520],[3016,3520],[3015,3520],[3014,3520],[3013,3520],[3012,3520],[3011,3520],[3010,3520],[3009,3520],[3008,3520]]],[[[3008,3328],[3009,3328],[3010,3328],[3011,3328],[3012,3328],[3013,3328],[3014,3328],[3015,3328],[3016,3328],[3017,3328],[3018,3328],[3019,3328],[3020,3328],[3021,3328],[3022,3328],[3023,3328],[3024,3328],[3025,3328],[3026,3328],[3027,3328],[3028,3328],[3029,3328],[3030,3328],[3031,3328],[3032,3328],[3033,3328],[3034,3328],[3035,3328],[3036,3328],[3037,3328],[3038,3328],[3039,3328],[3040,3328],[3041,3328],[3042,3328],[3043,3328],[3044,3328],[3045,3328],[3046,3328],[3047,3328],[3048,3328],[3049,3328],[3050,3328],[3051,3328],[3052,3328],[3053,3328],[3054,3328],[3055,3328],[3056,3328],[3057,3328],[3058,3328],[3059,3328],[3060,3328],[3061,3328],[3062,3328],[3063,3328],[3064,3328],[3065,3328],[3066,3328],[3067,3328],[3068,3328],[3068,3329],[3067,3329],[3067,3330],[3066,3330],[3065,3330],[3065,3331],[3064,3331],[3064,3332],[3064,3333],[3063,3333],[3063,3334],[3062,3334],[3062,3335],[3062,3336],[3062,3337],[3061,3337],[3061,3338],[3061,3339],[3061,3340],[3061,3341],[3061,3342],[3061,3343],[3061,3344],[3062,3344],[3062,3345],[3062,3346],[3062,3347],[3062,3348],[3062,3349],[3062,3350],[3061,3350],[3061,3351],[3061,3352],[3061,3353],[3060,3353],[3060,3354],[3060,3355],[3060,3356],[3060,3357],[3060,3358],[3060,3359],[3060,3360],[3061,3360],[3061,3361],[3061,3362],[3061,3363],[3062,3363],[3062,3364],[3063,3364],[3063,3365],[3063,3366],[3064,3366],[3064,3367],[3065,3367],[3066,3367],[3066,3368],[3066,3369],[3066,3370],[3066,3371],[3066,3372],[3066,3373],[3066,3374],[3066,3375],[3066,3376],[3066,3377],[3066,3378],[3066,3379],[3066,3380],[3066,3381],[3066,3382],[3066,3383],[3066,3384],[3065,3384],[3065,3385],[3065,3386],[3065,3387],[3065,3388],[3065,3389],[3065,3390],[3065,3391],[3065,3392],[3064,3392],[3063,3392],[3062,3392],[3061,3392],[3060,3392],[3059,3392],[3058,3392],[3057,3392],[3056,3392],[3055,3392],[3054,3392],[3053,3392],[3052,3392],[3051,3392],[3050,3392],[3049,3392],[3048,3392],[3047,3392],[3046,3392],[3045,3392],[3044,3392],[3043,3392],[3042,3392],[3041,3392],[3040,3392],[3039,3392],[3038,3392],[3037,3392],[3036,3392],[3035,3392],[3034,3392],[3033,3392],[3032,3392],[3031,3392],[3030,3392],[3029,3392],[3028,3392],[3027,3392],[3026,3392],[3025,3392],[3024,3392],[3023,3392],[3022,3392],[3021,3392],[3020,3392],[3019,3392],[3018,3392],[3017,3392],[3016,3392],[3015,3392],[3014,3392],[3013,3392],[3012,3392],[3011,3392],[3010,3392],[3009,3392],[3008,3392],[3008,3391],[3008,3390],[3008,3389],[3008,3388],[3008,3387],[3008,3386],[3008,3385],[3008,3384],[3008,3383],[3008,3382],[3008,3381],[3008,3380],[3008,3379],[3008,3378],[3008,3377],[3008,3376],[3008,3375],[3008,3374],[3008,3373],[3008,3372],[3008,3371],[3008,3370],[3008,3369],[3008,3368],[3008,3367],[3008,3366],[3008,3365],[3008,3364],[3008,3363],[3008,3362],[3008,3361],[3008,3360],[3008,3359],[3008,3358],[3008,3357],[3008,3356],[3008,3355],[3008,3354],[3008,3353],[3008,3352],[3008,3351],[3008,3350],[3008,3349],[3008,3348],[3008,3347],[3008,3346],[3008,3345],[3008,3344],[3008,3343],[3008,3342],[3008,3341],[3008,3340],[3008,3339],[3008,3338],[3008,3337],[3008,3336],[3008,3335],[3008,3334],[3008,3333],[3008,3332],[3008,3331],[3008,3330],[3008,3329],[3008,3328]]],[[[3008,3328],[3008,3329],[3008,3330],[3008,3331],[3008,3332],[3008,3333],[3008,3334],[3008,3335],[3008,3336],[3008,3337],[3008,3338],[3008,3339],[3008,3340],[3008,3341],[3008,3342],[3008,3343],[3008,3344],[3008,3345],[3008,3346],[3008,3347],[3008,3348],[3008,3349],[3008,3350],[3008,3351],[3008,3352],[3008,3353],[3008,3354],[3008,3355],[3008,3356],[3008,3357],[3008,3358],[3008,3359],[3008,3360],[3008,3361],[3008,3362],[3008,3363],[3008,3364],[3008,3365],[3008,3366],[3008,3367],[3008,3368],[3008,3369],[3008,3370],[3008,3371],[3008,3372],[3008,3373],[3008,3374],[3008,3375],[3008,3376],[3008,3377],[3008,3378],[3008,3379],[3008,3380],[3008,3381],[3008,3382],[3008,3383],[3008,3384],[3008,3385],[3008,3386],[3008,3387],[3008,3388],[3008,3389],[3008,3390],[3008,3391],[3008,3392],[3009,3392],[3010,3392],[3011,3392],[3012,3392],[3013,3392],[3014,3392],[3015,3392],[3016,3392],[3017,3392],[3018,3392],[3019,3392],[3020,3392],[3021,3392],[3022,3392],[3023,3392],[3024,3392],[3025,3392],[3026,3392],[3027,3392],[3028,3392],[3029,3392],[3030,3392],[3031,3392],[3032,3392],[3033,3392],[3034,3392],[3035,3392],[3036,3392],[3037,3392],[3038,3392],[3039,3392],[3040,3392],[3041,3392],[3042,3392],[3043,3392],[3044,3392],[3045,3392],[3046,3392],[3047,3392],[3048,3392],[3049,3392],[3050,3392],[3051,3392],[3052,3392],[3053,3392],[3054,3392],[3055,3392],[3056,3392],[3057,3392],[3058,3392],[3059,3392],[3060,3392],[3061,3392],[3062,3392],[3063,3392],[3064,3392],[3065,3392],[3065,3391],[3065,3390],[3065,3389],[3065,3388],[3065,3387],[3065,3386],[3065,3385],[3065,3384],[3066,3384],[3066,3383],[3066,3382],[3066,3381],[3066,3380],[3066,3379],[3066,3378],[3066,3377],[3066,3376],[3066,3375],[3066,3374],[3066,3373],[3066,3372],[3066,3371],[3066,3370],[3066,3369],[3066,3368],[3066,3367],[3065,3367],[3064,3367],[3064,3366],[3063,3366],[3063,3365],[3063,3364],[3062,3364],[3062,3363],[3061,3363],[3061,3362],[3061,3361],[3061,3360],[3060,3360],[3060,3359],[3060,3358],[3060,3357],[3060,3356],[3060,3355],[3060,3354],[3060,3353],[3061,3353],[3061,3352],[3061,3351],[3061,3350],[3062,3350],[3062,3349],[3062,3348],[3062,3347],[3062,3346],[3062,3345],[3062,3344],[3061,3344],[3061,3343],[3061,3342],[3061,3341],[3061,3340],[3061,3339],[3061,3338],[3061,3337],[3062,3337],[3062,3336],[3062,3335],[3062,3334],[3063,3334],[3063,3333],[3064,3333],[3064,3332],[3064,3331],[3065,3331],[3065,3330],[3066,3330],[3067,3330],[3067,3329],[3068,3329],[3068,3328],[3067,3328],[3066,3328],[3065,3328],[3064,3328],[3063,3328],[3062,3328],[3061,3328],[3060,3328],[3059,3328],[3058,3328],[3057,3328],[3056,3328],[3055,3328],[3054,3328],[3053,3328],[3052,3328],[3051,3328],[3050,3328],[3049,3328],[3048,3328],[3047,3328],[3046,3328],[3045,3328],[3044,3328],[3043,3328],[3042,3328],[3041,3328],[3040,3328],[3039,3328],[3038,3328],[3037,3328],[3036,3328],[3035,3328],[3034,3328],[3033,3328],[3032,3328],[3031,3328],[3030,3328],[3029,3328],[3028,3328],[3027,3328],[3026,3328],[3025,3328],[3024,3328],[3023,3328],[3022,3328],[3021,3328],[3020,3328],[3019,3328],[3018,3328],[3017,3328],[3016,3328],[3015,3328],[3014,3328],[3013,3328],[3012,3328],[3011,3328],[3010,3328],[3009,3328],[3008,3328]]],[[[3008,3392],[3009,3392],[3010,3392],[3011,3392],[3012,3392],[3013,3392],[3014,3392],[3015,3392],[3016,3392],[3017,3392],[3018,3392],[3019,3392],[3020,3392],[3021,3392],[3022,3392],[3023,3392],[3024,3392],[3025,3392],[3026,3392],[3027,3392],[3028,3392],[3029,3392],[3030,3392],[3031,3392],[3032,3392],[3033,3392],[3034,3392],[3035,3392],[3036,3392],[3037,3392],[3038,3392],[3039,3392],[3040,3392],[3041,3392],[3042,3392],[3043,3392],[3044,3392],[3045,3392],[3046,3392],[3047,3392],[3048,3392],[3049,3392],[3050,3392],[3051,3392],[3052,3392],[3053,3392],[3054,3392],[3055,3392],[3056,3392],[3057,3392],[3058,3392],[3059,3392],[3060,3392],[3061,3392],[3062,3392],[3063,3392],[3064,3392],[3065,3392],[3065,3393],[3065,3394],[3066,3394],[3066,3395],[3066,3396],[3066,3397],[3066,3398],[3066,3399],[3066,3400],[3066,3401],[3066,3402],[3066,3403],[3066,3404],[3066,3405],[3066,3406],[3066,3407],[3066,3408],[3066,3409],[3066,3410],[3067,3410],[3067,3411],[3066,3411],[3066,3412],[3066,3413],[3066,3414],[3066,3415],[3066,3416],[3066,3417],[3066,3418],[3066,3419],[3066,3420],[3066,3421],[3066,3422],[3067,3422],[3067,3423],[3067,3424],[3067,3425],[3068,3425],[3068,3426],[3069,3426],[3069,3427],[3069,3428],[3070,3428],[3070,3429],[3071,3429],[3072,3429],[3072,3430],[3072,3431],[3072,3432],[3072,3433],[3072,3434],[3072,3435],[3072,3436],[3072,3437],[3072,3438],[3072,3439],[3072,3440],[3072,3441],[3072,3442],[3072,3443],[3072,3444],[3072,3445],[3072,3446],[3072,3447],[3072,3448],[3072,3449],[3072,3450],[3072,3451],[3072,3452],[3072,3453],[3072,3454],[3072,3455],[3072,3456],[3071,3456],[3070,3456],[3069,3456],[3068,3456],[3067,3456],[3066,3456],[3065,3456],[3064,3456],[3063,3456],[3062,3456],[3061,3456],[3060,3456],[3059,3456],[3058,3456],[3057,3456],[3056,3456],[3055,3456],[3054,3456],[3053,3456],[3052,3456],[3051,3456],[3050,3456],[3049,3456],[3048,3456],[3047,3456],[3046,3456],[3045,3456],[3044,3456],[3043,3456],[3042,3456],[3041,3456],[3040,3456],[3039,3456],[3038,3456],[3037,3456],[3036,3456],[3035,3456],[3034,3456],[3033,3456],[3032,3456],[3031,3456],[3030,3456],[3029,3456],[3028,3456],[3027,3456],[3026,3456],[3025,3456],[3024,3456],[3023,3456],[3022,3456],[3021,3456],[3020,3456],[3019,3456],[3018,3456],[3017,3456],[3016,3456],[3015,3456],[3014,3456],[3013,3456],[3012,3456],[3011,3456],[3010,3456],[3009,3456],[3008,3456],[3008,3455],[3008,3454],[3008,3453],[3008,3452],[3008,3451],[3008,3450],[3008,3449],[3008,3448],[3008,3447],[3008,3446],[3008,3445],[3008,3444],[3008,3443],[3008,3442],[3008,3441],[3008,3440],[3008,3439],[3008,3438],[3008,3437],[3008,3436],[3008,3435],[3008,3434],[3008,3433],[3008,3432],[3008,3431],[3008,3430],[3008,3429],[3008,3428],[3008,3427],[3008,3426],[3008,3425],[3008,3424],[3008,3423],[3008,3422],[3008,3421],[3008,3420],[3008,3419],[3008,3418],[3008,3417],[3008,3416],[3008,3415],[3008,3414],[3008,3413],[3008,3412],[3008,3411],[3008,3410],[3008,3409],[3008,3408],[3008,3407],[3008,3406],[3008,3405],[3008,3404],[3008,3403],[3008,3402],[3008,3401],[3008,3400],[3008,3399],[3008,3398],[3008,3397],[3008,3396],[3008,3395],[3008,3394],[3008,3393],[3008,3392]]],[[[3008,3392],[3008,3393],[3008,3394],[3008,3395],[3008,3396],[3008,3397],[3008,3398],[3008,3399],[3008,3400],[3008,3401],[3008,3402],[3008,3403],[3008,3404],[3008,3405],[3008,3406],[3008,3407],[3008,3408],[3008,3409],[3008,3410],[3008,3411],[3008,3412],[3008,3413],[3008,3414],[3008,3415],[3008,3416],[3008,3417],[3008,3418],[3008,3419],[3008,3420],[3008,3421],[3008,3422],[3008,3423],[3008,3424],[3008,3425],[3008,3426],[3008,3427],[3008,3428],[3008,3429],[3008,3430],[3008,3431],[3008,3432],[3008,3433],[3008,3434],[3008,3435],[3008,3436],[3008,3437],[3008,3438],[3008,3439],[3008,3440],[3008,3441],[3008,3442],[3008,3443],[3008,3444],[3008,3445],[3008,3446],[3008,3447],[3008,3448],[3008,3449],[3008,3450],[3008,3451],[3008,3452],[3008,3453],[3008,3454],[3008,3455],[3008,3456],[3009,3456],[3010,3456],[3011,3456],[3012,3456],[3013,3456],[3014,3456],[3015,3456],[3016,3456],[3017,3456],[3018,3456],[3019,3456],[3020,3456],[3021,3456],[3022,3456],[3023,3456],[3024,3456],[3025,3456],[3026,3456],[3027,3456],[3028,3456],[3029,3456],[3030,3456],[3031,3456],[3032,3456],[3033,3456],[3034,3456],[3035,3456],[3036,3456],[3037,3456],[3038,3456],[3039,3456],[3040,3456],[3041,3456],[3042,3456],[3043,3456],[3044,3456],[3045,3456],[3046,3456],[3047,3456],[3048,3456],[3049,3456],[3050,3456],[3051,3456],[3052,3456],[3053,3456],[3054,3456],[3055,3456],[3056,3456],[3057,3456],[3058,3456],[3059,3456],[3060,3456],[3061,3456],[3062,3456],[3063,3456],[3064,3456],[3065,3456],[3066,3456],[3067,3456],[3068,3456],[3069,3456],[3070,3456],[3071,3456],[3072,3456],[3072,3455],[3072,3454],[3072,3453],[3072,3452],[3072,3451],[3072,3450],[3072,3449],[3072,3448],[3072,3447],[3072,3446],[3072,3445],[3072,3444],[3072,3443],[3072,3442],[3072,3441],[3072,3440],[3072,3439],[3072,3438],[3072,3437],[3072,3436],[3072,3435],[3072,3434],[3072,3433],[3072,3432],[3072,3431],[3072,3430],[3072,3429],[3071,3429],[3070,3429],[3070,3428],[3069,3428],[3069,3427],[3069,3426],[3068,3426],[3068,3425],[3067,3425],[3067,3424],[3067,3423],[3067,3422],[3066,3422],[3066,3421],[3066,3420],[3066,3419],[3066,3418],[3066,3417],[3066,3416],[3066,3415],[3066,3414],[3066,3413],[3066,3412],[3066,3411],[3067,3411],[3067,3410],[3066,3410],[3066,3409],[3066,3408],[3066,3407],[3066,3406],[3066,3405],[3066,3404],[3066,3403],[3066,3402],[3066,3401],[3066,3400],[3066,3399],[3066,3398],[3066,3397],[3066,3396],[3066,3395],[3066,3394],[3065,3394],[3065,3393],[3065,3392],[3064,3392],[3063,3392],[3062,3392],[3061,3392],[3060,3392],[3059,3392],[3058,3392],[3057,3392],[3056,3392],[3055,3392],[3054,3392],[3053,3392],[3052,3392],[3051,3392],[3050,3392],[3049,3392],[3048,3392],[3047,3392],[3046,3392],[3045,3392],[3044,3392],[3043,3392],[3042,3392],[3041,3392],[3040,3392],[3039,3392],[3038,3392],[3037,3392],[3036,3392],[3035,3392],[3034,3392],[3033,3392],[3032,3392],[3031,3392],[3030,3392],[3029,3392],[3028,3392],[3027,3392],[3026,3392],[3025,3392],[3024,3392],[3023,3392],[3022,3392],[3021,3392],[3020,3392],[3019,3392],[3018,3392],[3017,3392],[3016,3392],[3015,3392],[3014,3392],[3013,3392],[3012,3392],[3011,3392],[3010,3392],[3009,3392],[3008,3392]]],[[[3008,3264],[3009,3264],[3010,3264],[3011,3264],[3012,3264],[3013,3264],[3014,3264],[3015,3264],[3016,3264],[3017,3264],[3018,3264],[3019,3264],[3020,3264],[3021,3264],[3022,3264],[3023,3264],[3024,3264],[3025,3264],[3026,3264],[3027,3264],[3028,3264],[3029,3264],[3030,3264],[3031,3264],[3032,3264],[3033,3264],[3034,3264],[3035,3264],[3036,3264],[3037,3264],[3038,3264],[3039,3264],[3040,3264],[3041,3264],[3042,3264],[3043,3264],[3044,3264],[3045,3264],[3046,3264],[3047,3264],[3048,3264],[3049,3264],[3050,3264],[3051,3264],[3052,3264],[3053,3264],[3054,3264],[3055,3264],[3056,3264],[3057,3264],[3058,3264],[3059,3264],[3060,3264],[3061,3264],[3062,3264],[3063,3264],[3064,3264],[3065,3264],[3066,3264],[3067,3264],[3068,3264],[3069,3264],[3069,3265],[3069,3266],[3069,3267],[3070,3267],[3070,3268],[3070,3269],[3070,3270],[3071,3270],[3071,3271],[3071,3272],[3070,3272],[3070,3273],[3070,3274],[3070,3275],[3070,3276],[3070,3277],[3070,3278],[3071,3278],[3071,3279],[3071,3280],[3071,3281],[3071,3282],[3071,3283],[3071,3284],[3070,3284],[3070,3285],[3070,3286],[3070,3287],[3070,3288],[3069,3288],[3069,3289],[3069,3290],[3069,3291],[3069,3292],[3069,3293],[3068,3293],[3068,3294],[3068,3295],[3068,3296],[3067,3296],[3067,3297],[3067,3298],[3067,3299],[3067,3300],[3067,3301],[3067,3302],[3067,3303],[3067,3304],[3067,3305],[3067,3306],[3067,3307],[3068,3307],[3068,3308],[3068,3309],[3068,3310],[3069,3310],[3069,3311],[3069,3312],[3069,3313],[3068,3313],[3068,3314],[3068,3315],[3068,3316],[3068,3317],[3068,3318],[3068,3319],[3068,3320],[3068,3321],[3068,3322],[3068,3323],[3069,3323],[3069,3324],[3069,3325],[3069,3326],[3070,3326],[3070,3327],[3070,3328],[3069,3328],[3068,3328],[3067,3328],[3066,3328],[3065,3328],[3064,3328],[3063,3328],[3062,3328],[3061,3328],[3060,3328],[3059,3328],[3058,3328],[3057,3328],[3056,3328],[3055,3328],[3054,3328],[3053,3328],[3052,3328],[3051,3328],[3050,3328],[3049,3328],[3048,3328],[3047,3328],[3046,3328],[3045,3328],[3044,3328],[3043,3328],[3042,3328],[3041,3328],[3040,3328],[3039,3328],[3038,3328],[3037,3328],[3036,3328],[3035,3328],[3034,3328],[3033,3328],[3032,3328],[3031,3328],[3030,3328],[3029,3328],[3028,3328],[3027,3328],[3026,3328],[3025,3328],[3024,3328],[3023,3328],[3022,3328],[3021,3328],[3020,3328],[3019,3328],[3018,3328],[3017,3328],[3016,3328],[3015,3328],[3014,3328],[3013,3328],[3012,3328],[3011,3328],[3010,3328],[3009,3328],[3008,3328],[3008,3327],[3008,3326],[3008,3325],[3008,3324],[3008,3323],[3008,3322],[3008,3321],[3008,3320],[3008,3319],[3008,3318],[3008,3317],[3008,3316],[3008,3315],[3008,3314],[3008,3313],[3008,3312],[3008,3311],[3008,3310],[3008,3309],[3008,3308],[3008,3307],[3008,3306],[3008,3305],[3008,3304],[3008,3303],[3008,3302],[3008,3301],[3008,3300],[3008,3299],[3008,3298],[3008,3297],[3008,3296],[3008,3295],[3008,3294],[3008,3293],[3008,3292],[3008,3291],[3008,3290],[3008,3289],[3008,3288],[3008,3287],[3008,3286],[3008,3285],[3008,3284],[3008,3283],[3008,3282],[3008,3281],[3008,3280],[3008,3279],[3008,3278],[3008,3277],[3008,3276],[3008,3275],[3008,3274],[3008,3273],[3008,3272],[3008,3271],[3008,3270],[3008,3269],[3008,3268],[3008,3267],[3008,3266],[3008,3265],[3008,3264]]],[[[3008,3264],[3008,3265],[3008,3266],[3008,3267],[3008,3268],[3008,3269],[3008,3270],[3008,3271],[3008,3272],[3008,3273],[3008,3274],[3008,3275],[3008,3276],[3008,3277],[3008,3278],[3008,3279],[3008,3280],[3008,3281],[3008,3282],[3008,3283],[3008,3284],[3008,3285],[3008,3286],[3008,3287],[3008,3288],[3008,3289],[3008,3290],[3008,3291],[3008,3292],[3008,3293],[3008,3294],[3008,3295],[3008,3296],[3008,3297],[3008,3298],[3008,3299],[3008,3300],[3008,3301],[3008,3302],[3008,3303],[3008,3304],[3008,3305],[3008,3306],[3008,3307],[3008,3308],[3008,3309],[3008,3310],[3008,3311],[3008,3312],[3008,3313],[3008,3314],[3008,3315],[3008,3316],[3008,3317],[3008,3318],[3008,3319],[3008,3320],[3008,3321],[3008,3322],[3008,3323],[3008,3324],[3008,3325],[3008,3326],[3008,3327],[3008,3328],[3009,3328],[3010,3328],[3011,3328],[3012,3328],[3013,3328],[3014,3328],[3015,3328],[3016,3328],[3017,3328],[3018,3328],[3019,3328],[3020,3328],[3021,3328],[3022,3328],[3023,3328],[3024,3328],[3025,3328],[3026,3328],[3027,3328],[3028,3328],[3029,3328],[3030,3328],[3031,3328],[3032,3328],[3033,3328],[3034,3328],[3035,3328],[3036,3328],[3037,3328],[3038,3328],[3039,3328],[3040,3328],[3041,3328],[3042,3328],[3043,3328],[3044,3328],[3045,3328],[3046,3328],[3047,3328],[3048,3328],[3049,3328],[3050,3328],[3051,3328],[3052,3328],[3053,3328],[3054,3328],[3055,3328],[3056,3328],[3057,3328],[3058,3328],[3059,3328],[3060,3328],[3061,3328],[3062,3328],[3063,3328],[3064,3328],[3065,3328],[3066,3328],[3067,3328],[3068,3328],[3069,3328],[3070,3328],[3070,3327],[3070,3326],[3069,3326],[3069,3325],[3069,3324],[3069,3323],[3068,3323],[3068,3322],[3068,3321],[3068,3320],[3068,3319],[3068,3318],[3068,3317],[3068,3316],[3068,3315],[3068,3314],[3068,3313],[3069,3313],[3069,3312],[3069,3311],[3069,3310],[3068,3310],[3068,3309],[3068,3308],[3068,3307],[3067,3307],[3067,3306],[3067,3305],[3067,3304],[3067,3303],[3067,3302],[3067,3301],[3067,3300],[3067,3299],[3067,3298],[3067,3297],[3067,3296],[3068,3296],[3068,3295],[3068,3294],[3068,3293],[3069,3293],[3069,3292],[3069,3291],[3069,3290],[3069,3289],[3069,3288],[3070,3288],[3070,3287],[3070,3286],[3070,3285],[3070,3284],[3071,3284],[3071,3283],[3071,3282],[3071,3281],[3071,3280],[3071,3279],[3071,3278],[3070,3278],[3070,3277],[3070,3276],[3070,3275],[3070,3274],[3070,3273],[3070,3272],[3071,3272],[3071,3271],[3071,3270],[3070,3270],[3070,3269],[3070,3268],[3070,3267],[3069,3267],[3069,3266],[3069,3265],[3069,3264],[3068,3264],[3067,3264],[3066,3264],[3065,3264],[3064,3264],[3063,3264],[3062,3264],[3061,3264],[3060,3264],[3059,3264],[3058,3264],[3057,3264],[3056,3264],[3055,3264],[3054,3264],[3053,3264],[3052,3264],[3051,3264],[3050,3264],[3049,3264],[3048,3264],[3047,3264],[3046,3264],[3045,3264],[3044,3264],[3043,3264],[3042,3264],[3041,3264],[3040,3264],[3039,3264],[3038,3264],[3037,3264],[3036,3264],[3035,3264],[3034,3264],[3033,3264],[3032,3264],[3031,3264],[3030,3264],[3029,3264],[3028,3264],[3027,3264],[3026,3264],[3025,3264],[3024,3264],[3023,3264],[3022,3264],[3021,3264],[3020,3264],[3019,3264],[3018,3264],[3017,3264],[3016,3264],[3015,3264],[3014,3264],[3013,3264],[3012,3264],[3011,3264],[3010,3264],[3009,3264],[3008,3264]]]]}},{"type":"Feature","properties":{"areaId":4,"name":"Kandarin","tileCount":411357,"partCount":132},"geometry":{"type":"MultiPolygon","coordinates":[[[[1920,8960],[1984,8960],[1984,9024],[1920,9024],[1920,8960]]],[[[2240,3584],[2304,3584],[2304,3648],[2240,3648],[2240,3584]]],[[[2240,3648],[2304,3648],[2304,3712],[2240,3712],[2240,3648]]],[[[2304,3008],[2368,3008],[2368,3072],[2304,3072],[2304,3008]]],[[[2304,3328],[2368,3328],[2368,3392],[2304,3392],[2304,3328]]],[[[2304,3584],[2368,3584],[2368,3648],[2304,3648],[2304,3584]]],[[[2304,3648],[2368,3648],[2368,3712],[2304,3712],[2304,3648]]],[[[2368,2880],[2432,2880],[2432,2944],[2368,2944],[2368,2880]]],[[[2368,2944],[2432,2944],[2432,3008],[2368,3008],[2368,2944]]],[[[2368,3008],[2432,3008],[2432,3072],[2368,3072],[2368,3008]]],[[[2368,3200],[2432,3200],[2432,3264],[2368,3264],[2368,3200]]],[[[2368,3264],[2432,3264],[2432,3328],[2368,3328],[2368,3264]]],[[[2368,3328],[2432,3328],[2432,3392],[2368,3392],[2368,3328]]],[[[2368,3392],[2432,3392],[2432,3456],[2368,3456],[2368,3392]]],[[[2368,3456],[2432,3456],[2432,3520],[2368,3520],[2368,3456]]],[[[2368,3520],[2432,3520],[2432,3584],[2368,3584],[2368,3520]]],[[[2368,3584],[2432,3584],[2432,3648],[2368,3648],[2368,3584]]],[[[2368,3648],[2432,3648],[2432,3712],[2368,3712],[2368,3648]]],[[[2368,9792],[2432,9792],[2432,9856],[2368,9856],[2368,9792]]],[[[2432,2816],[2496,2816],[2496,2880],[2432,2880],[2432,2816]]],[[[2432,2880],[2496,2880],[2496,2944],[2432,2944],[2432,2880]]],[[[2432,2944],[2496,2944],[2496,3008],[2432,3008],[2432,2944]]],[[[2432,3008],[2496,3008],[2496,3072],[2432,3072],[2432,3008]]],[[[2432,3072],[2496,3072],[2496,3136],[2432,3136],[2432,3072]]],[[[2432,3136],[2496,3136],[2496,3200],[2432,3200],[2432,3136]]],[[[2432,3200],[2496,3200],[2496,3264],[2432,3264],[2432,3200]]],[[[2432,3264],[2496,3264],[2496,3328],[2432,3328],[2432,3264]]],[[[2432,3328],[2496,3328],[2496,3392],[2432,3392],[2432,3328]]],[[[2432,3392],[2496,3392],[2496,3456],[2432,3456],[2432,3392]]],[[[2432,3456],[2496,3456],[2496,3520],[2432,3520],[2432,3456]]],[[[2432,3520],[2496,3520],[2496,3584],[2432,3584],[2432,3520]]],[[[2432,9792],[2496,9792],[2496,9856],[2432,9856],[2432,9792]]],[[[2496,2816],[2560,2816],[2560,2880],[2496,2880],[2496,2816]]],[[[2496,2880],[2560,2880],[2560,2944],[2496,2944],[2496,2880]]],[[[2496,2944],[2560,2944],[2560,3008],[2496,3008],[2496,2944]]],[[[2496,3008],[2560,3008],[2560,3072],[2496,3072],[2496,3008]]],[[[2496,3072],[2560,3072],[2560,3136],[2496,3136],[2496,3072]]],[[[2496,3136],[2560,3136],[2560,3200],[2496,3200],[2496,3136]]],[[[2496,3200],[2560,3200],[2560,3264],[2496,3264],[2496,3200]]],[[[2496,3264],[2560,3264],[2560,3328],[2496,3328],[2496,3264]]],[[[2496,3328],[2560,3328],[2560,3392],[2496,3392],[2496,3328]]],[[[2496,3392],[2560,3392],[2560,3456],[2496,3456],[2496,3392]]],[[[2496,3456],[2560,3456],[2560,3520],[2496,3520],[2496,3456]]],[[[2496,3520],[2560,3520],[2560,3584],[2496,3584],[2496,3520]]],[[[2560,2816],[2624,2816],[2624,2880],[2560,2880],[2560,2816]]],[[[2560,2880],[2624,2880],[2624,2944],[2560,2944],[2560,2880]]],[[[2560,2944],[2624,2944],[2624,3008],[2560,3008],[2560,2944]]],[[[2560,3008],[2624,3008],[2624,3072],[2560,3072],[2560,3008]]],[[[2560,3072],[2624,3072],[2624,3136],[2560,3136],[2560,3072]]],[[[2560,3136],[2624,3136],[2624,3200],[2560,3200],[2560,3136]]],[[[2560,3200],[2624,3200],[2624,3264],[2560,3264],[2560,3200]]],[[[2560,3264],[2624,3264],[2624,3328],[2560,3328],[2560,3264]]],[[[2560,3328],[2624,3328],[2624,3392],[2560,3392],[2560,3328]]],[[[2560,3392],[2624,3392],[2624,3456],[2560,3456],[2560,3392]]],[[[2560,3456],[2624,3456],[2624,3520],[2560,3520],[2560,3456]]],[[[2560,3520],[2624,3520],[2624,3584],[2560,3584],[2560,3520]]],[[[2560,9472],[2624,9472],[2624,9536],[2560,9536],[2560,9472]]],[[[2560,9536],[2624,9536],[2624,9600],[2560,9600],[2560,9536]]],[[[2624,2880],[2688,2880],[2688,2944],[2624,2944],[2624,2880]]],[[[2624,2944],[2688,2944],[2688,3008],[2624,3008],[2624,2944]]],[[[2624,3008],[2688,3008],[2688,3072],[2624,3072],[2624,3008]]],[[[2624,3072],[2688,3072],[2688,3136],[2624,3136],[2624,3072]]],[[[2624,3136],[2688,3136],[2688,3200],[2624,3200],[2624,3136]]],[[[2624,3200],[2688,3200],[2688,3264],[2624,3264],[2624,3200]]],[[[2624,3264],[2688,3264],[2688,3328],[2624,3328],[2624,3264]]],[[[2624,3328],[2688,3328],[2688,3392],[2624,3392],[2624,3328]]],[[[2624,3392],[2688,3392],[2688,3456],[2624,3456],[2624,3392]]],[[[2624,3456],[2688,3456],[2688,3520],[2624,3520],[2624,3456]]],[[[2688,2688],[2752,2688],[2752,2752],[2688,2752],[2688,2688]]],[[[2688,2752],[2752,2752],[2752,2816],[2688,2816],[2688,2752]]],[[[2688,2816],[2752,2816],[2752,2880],[2688,2880],[2688,2816]]],[[[2688,3264],[2752,3264],[2752,3328],[2688,3328],[2688,3264]]],[[[2688,3328],[2752,3328],[2752,3392],[2688,3392],[2688,3328]]],[[[2688,3392],[2752,3392],[2752,3456],[2688,3456],[2688,3392]]],[[[2688,3456],[2752,3456],[2752,3520],[2688,3520],[2688,3456]]],[[[2752,2688],[2816,2688],[2816,2752],[2752,2752],[2752,2688]]],[[[2752,2752],[2816,2752],[2816,2816],[2752,2816],[2752,2752]]],[[[2752,2816],[2816,2816],[2816,2880],[2752,2880],[2752,2816]]],[[[2752,3264],[2816,3264],[2816,3328],[2752,3328],[2752,3264]]],[[[2752,3392],[2816,3392],[2816,3456],[2752,3456],[2752,3392]]],[[[2752,3456],[2816,3456],[2816,3520],[2752,3520],[2752,3456]]],[[[2816,2688],[2880,2688],[2880,2752],[2816,2752],[2816,2688]]],[[[2816,2752],[2880,2752],[2880,2816],[2816,2816],[2816,2752]]],[[[2816,2816],[2880,2816],[2880,2880],[2816,2880],[2816,2816]]],[[[2880,2688],[2944,2688],[2944,2752],[2880,2752],[2880,2688]]],[[[2880,2752],[2944,2752],[2944,2816],[2880,2816],[2880,2752]]],[[[2944,2688],[3008,2688],[3008,2752],[2944,2752],[2944,2688]]],[[[2944,2752],[3008,2752],[3008,2816],[2944,2816],[2944,2752]]],[[[1399,3386],[1400,3386],[1400,3387],[1400,3388],[1399,3388],[1399,3387],[1399,3386]]],[[[1399,3386],[1399,3387],[1399,3388],[1400,3388],[1400,3387],[1400,3386],[1399,3386]]],[[[1416,3377],[1417,3377],[1417,3378],[1416,3378],[1416,3377]]],[[[1416,3377],[1416,3378],[1417,3378],[1417,3377],[1416,3377]]],[[[1420,3386],[1421,3386],[1422,3386],[1423,3386],[1423,3387],[1422,3387],[1422,3388],[1421,3388],[1420,3388],[1419,3388],[1419,3387],[1420,3387],[1420,3386]]],[[[1420,3386],[1420,3387],[1419,3387],[1419,3388],[1420,3388],[1421,3388],[1422,3388],[1422,3387],[1423,3387],[1423,3386],[1422,3386],[1421,3386],[1420,3386]]],[[[2292,3456],[2293,3456],[2294,3456],[2295,3456],[2296,3456],[2297,3456],[2298,3456],[2299,3456],[2300,3456],[2301,3456],[2302,3456],[2303,3456],[2304,3456],[2304,3457],[2304,3458],[2304,3459],[2304,3460],[2304,3461],[2304,3462],[2304,3463],[2304,3464],[2304,3465],[2304,3466],[2304,3467],[2304,3468],[2304,3469],[2304,3470],[2304,3471],[2304,3472],[2304,3473],[2304,3474],[2304,3475],[2304,3476],[2304,3477],[2304,3478],[2304,3479],[2304,3480],[2304,3481],[2304,3482],[2304,3483],[2304,3484],[2304,3485],[2304,3486],[2304,3487],[2304,3488],[2304,3489],[2304,3490],[2304,3491],[2304,3492],[2304,3493],[2304,3494],[2304,3495],[2304,3496],[2304,3497],[2304,3498],[2304,3499],[2304,3500],[2304,3501],[2304,3502],[2304,3503],[2304,3504],[2304,3505],[2304,3506],[2304,3507],[2304,3508],[2304,3509],[2304,3510],[2304,3511],[2304,3512],[2304,3513],[2304,3514],[2304,3515],[2304,3516],[2304,3517],[2304,3518],[2304,3519],[2304,3520],[2303,3520],[2302,3520],[2301,3520],[2300,3520],[2299,3520],[2298,3520],[2297,3520],[2296,3520],[2295,3520],[2294,3520],[2293,3520],[2292,3520],[2292,3519],[2291,3519],[2291,3518],[2290,3518],[2290,3517],[2290,3516],[2290,3515],[2289,3515],[2289,3514],[2288,3514],[2288,3513],[2287,3513],[2287,3512],[2287,3511],[2286,3511],[2286,3510],[2286,3509],[2286,3508],[2286,3507],[2286,3506],[2286,3505],[2286,3504],[2286,3503],[2286,3502],[2286,3501],[2286,3500],[2287,3500],[2287,3499],[2287,3498],[2287,3497],[2288,3497],[2288,3496],[2288,3495],[2289,3495],[2289,3494],[2289,3493],[2289,3492],[2289,3491],[2289,3490],[2288,3490],[2288,3489],[2288,3488],[2288,3487],[2288,3486],[2288,3485],[2287,3485],[2287,3484],[2287,3483],[2287,3482],[2287,3481],[2287,3480],[2287,3479],[2287,3478],[2288,3478],[2288,3477],[2289,3477],[2289,3476],[2289,3475],[2289,3474],[2289,3473],[2290,3473],[2290,3472],[2290,3471],[2291,3471],[2291,3470],[2292,3470],[2292,3469],[2291,3469],[2291,3468],[2290,3468],[2290,3467],[2289,3467],[2289,3466],[2289,3465],[2289,3464],[2289,3463],[2289,3462],[2289,3461],[2289,3460],[2289,3459],[2290,3459],[2290,3458],[2291,3458],[2291,3457],[2292,3457],[2292,3456]]],[[[2292,3456],[2292,3457],[2291,3457],[2291,3458],[2290,3458],[2290,3459],[2289,3459],[2289,3460],[2289,3461],[2289,3462],[2289,3463],[2289,3464],[2289,3465],[2289,3466],[2289,3467],[2290,3467],[2290,3468],[2291,3468],[2291,3469],[2292,3469],[2292,3470],[2291,3470],[2291,3471],[2290,3471],[2290,3472],[2290,3473],[2289,3473],[2289,3474],[2289,3475],[2289,3476],[2289,3477],[2288,3477],[2288,3478],[2287,3478],[2287,3479],[2287,3480],[2287,3481],[2287,3482],[2287,3483],[2287,3484],[2287,3485],[2288,3485],[2288,3486],[2288,3487],[2288,3488],[2288,3489],[2288,3490],[2289,3490],[2289,3491],[2289,3492],[2289,3493],[2289,3494],[2289,3495],[2288,3495],[2288,3496],[2288,3497],[2287,3497],[2287,3498],[2287,3499],[2287,3500],[2286,3500],[2286,3501],[2286,3502],[2286,3503],[2286,3504],[2286,3505],[2286,3506],[2286,3507],[2286,3508],[2286,3509],[2286,3510],[2286,3511],[2287,3511],[2287,3512],[2287,3513],[2288,3513],[2288,3514],[2289,3514],[2289,3515],[2290,3515],[2290,3516],[2290,3517],[2290,3518],[2291,3518],[2291,3519],[2292,3519],[2292,3520],[2293,3520],[2294,3520],[2295,3520],[2296,3520],[2297,3520],[2298,3520],[2299,3520],[2300,3520],[2301,3520],[2302,3520],[2303,3520],[2304,3520],[2304,3519],[2304,3518],[2304,3517],[2304,3516],[2304,3515],[2304,3514],[2304,3513],[2304,3512],[2304,3511],[2304,3510],[2304,3509],[2304,3508],[2304,3507],[2304,3506],[2304,3505],[2304,3504],[2304,3503],[2304,3502],[2304,3501],[2304,3500],[2304,3499],[2304,3498],[2304,3497],[2304,3496],[2304,3495],[2304,3494],[2304,3493],[2304,3492],[2304,3491],[2304,3490],[2304,3489],[2304,3488],[2304,3487],[2304,3486],[2304,3485],[2304,3484],[2304,3483],[2304,3482],[2304,3481],[2304,3480],[2304,3479],[2304,3478],[2304,3477],[2304,3476],[2304,3475],[2304,3474],[2304,3473],[2304,3472],[2304,3471],[2304,3470],[2304,3469],[2304,3468],[2304,3467],[2304,3466],[2304,3465],[2304,3464],[2304,3463],[2304,3462],[2304,3461],[2304,3460],[2304,3459],[2304,3458],[2304,3457],[2304,3456],[2303,3456],[2302,3456],[2301,3456],[2300,3456],[2299,3456],[2298,3456],[2297,3456],[2296,3456],[2295,3456],[2294,3456],[2293,3456],[2292,3456]]],[[[2293,3455],[2294,3455],[2295,3455],[2296,3455],[2297,3455],[2298,3455],[2299,3455],[2299,3456],[2298,3456],[2297,3456],[2296,3456],[2295,3456],[2294,3456],[2293,3456],[2293,3455]]],[[[2293,3455],[2293,3456],[2294,3456],[2295,3456],[2296,3456],[2297,3456],[2298,3456],[2299,3456],[2299,3455],[2298,3455],[2297,3455],[2296,3455],[2295,3455],[2294,3455],[2293,3455]]],[[[2301,3455],[2302,3455],[2303,3455],[2304,3455],[2304,3456],[2303,3456],[2302,3456],[2301,3456],[2301,3455]]],[[[2301,3455],[2301,3456],[2302,3456],[2303,3456],[2304,3456],[2304,3455],[2303,3455],[2302,3455],[2301,3455]]],[[[2240,3520],[2241,3520],[2242,3520],[2243,3520],[2244,3520],[2245,3520],[2246,3520],[2247,3520],[2248,3520],[2249,3520],[2250,3520],[2251,3520],[2252,3520],[2253,3520],[2254,3520],[2255,3520],[2256,3520],[2257,3520],[2258,3520],[2259,3520],[2260,3520],[2261,3520],[2262,3520],[2263,3520],[2264,3520],[2265,3520],[2266,3520],[2267,3520],[2268,3520],[2269,3520],[2270,3520],[2271,3520],[2272,3520],[2273,3520],[2274,3520],[2275,3520],[2276,3520],[2277,3520],[2278,3520],[2279,3520],[2280,3520],[2281,3520],[2282,3520],[2283,3520],[2284,3520],[2285,3520],[2286,3520],[2287,3520],[2288,3520],[2289,3520],[2290,3520],[2291,3520],[2292,3520],[2293,3520],[2294,3520],[2295,3520],[2296,3520],[2297,3520],[2298,3520],[2299,3520],[2300,3520],[2301,3520],[2302,3520],[2303,3520],[2304,3520],[2304,3521],[2304,3522],[2304,3523],[2304,3524],[2304,3525],[2304,3526],[2304,3527],[2304,3528],[2304,3529],[2304,3530],[2304,3531],[2304,3532],[2304,3533],[2304,3534],[2304,3535],[2304,3536],[2304,3537],[2304,3538],[2304,3539],[2304,3540],[2304,3541],[2304,3542],[2304,3543],[2304,3544],[2304,3545],[2304,3546],[2304,3547],[2304,3548],[2304,3549],[2304,3550],[2304,3551],[2304,3552],[2304,3553],[2304,3554],[2304,3555],[2304,3556],[2304,3557],[2304,3558],[2304,3559],[2304,3560],[2304,3561],[2304,3562],[2304,3563],[2304,3564],[2304,3565],[2304,3566],[2304,3567],[2304,3568],[2304,3569],[2304,3570],[2304,3571],[2304,3572],[2304,3573],[2304,3574],[2304,3575],[2304,3576],[2304,3577],[2304,3578],[2304,3579],[2304,3580],[2304,3581],[2304,3582],[2304,3583],[2304,3584],[2303,3584],[2302,3584],[2301,3584],[2300,3584],[2299,3584],[2298,3584],[2297,3584],[2296,3584],[2295,3584],[2294,3584],[2293,3584],[2292,3584],[2291,3584],[2290,3584],[2289,3584],[2288,3584],[2287,3584],[2286,3584],[2285,3584],[2284,3584],[2283,3584],[2282,3584],[2281,3584],[2280,3584],[2279,3584],[2278,3584],[2277,3584],[2276,3584],[2275,3584],[2274,3584],[2273,3584],[2272,3584],[2271,3584],[2270,3584],[2269,3584],[2268,3584],[2267,3584],[2266,3584],[2265,3584],[2264,3584],[2263,3584],[2262,3584],[2261,3584],[2260,3584],[2259,3584],[2258,3584],[2257,3584],[2256,3584],[2255,3584],[2254,3584],[2253,3584],[2252,3584],[2251,3584],[2250,3584],[2249,3584],[2248,3584],[2247,3584],[2246,3584],[2245,3584],[2244,3584],[2243,3584],[2242,3584],[2241,3584],[2240,3584],[2240,3583],[2240,3582],[2240,3581],[2240,3580],[2240,3579],[2240,3578],[2240,3577],[2240,3576],[2240,3575],[2240,3574],[2240,3573],[2240,3572],[2240,3571],[2240,3570],[2240,3569],[2240,3568],[2240,3567],[2240,3566],[2240,3565],[2240,3564],[2240,3563],[2240,3562],[2240,3561],[2240,3560],[2240,3559],[2240,3558],[2240,3557],[2240,3556],[2240,3555],[2240,3554],[2240,3553],[2240,3552],[2240,3551],[2240,3550],[2240,3549],[2240,3548],[2240,3547],[2240,3546],[2240,3545],[2240,3544],[2240,3543],[2240,3542],[2240,3541],[2240,3540],[2240,3539],[2240,3538],[2240,3537],[2240,3536],[2240,3535],[2240,3534],[2240,3533],[2240,3532],[2240,3531],[2240,3530],[2240,3529],[2240,3528],[2240,3527],[2240,3526],[2240,3525],[2240,3524],[2240,3523],[2240,3522],[2240,3521],[2240,3520]]],[[[2240,3520],[2240,3521],[2240,3522],[2240,3523],[2240,3524],[2240,3525],[2240,3526],[2240,3527],[2240,3528],[2240,3529],[2240,3530],[2240,3531],[2240,3532],[2240,3533],[2240,3534],[2240,3535],[2240,3536],[2240,3537],[2240,3538],[2240,3539],[2240,3540],[2240,3541],[2240,3542],[2240,3543],[2240,3544],[2240,3545],[2240,3546],[2240,3547],[2240,3548],[2240,3549],[2240,3550],[2240,3551],[2240,3552],[2240,3553],[2240,3554],[2240,3555],[2240,3556],[2240,3557],[2240,3558],[2240,3559],[2240,3560],[2240,3561],[2240,3562],[2240,3563],[2240,3564],[2240,3565],[2240,3566],[2240,3567],[2240,3568],[2240,3569],[2240,3570],[2240,3571],[2240,3572],[2240,3573],[2240,3574],[2240,3575],[2240,3576],[2240,3577],[2240,3578],[2240,3579],[2240,3580],[2240,3581],[2240,3582],[2240,3583],[2240,3584],[2241,3584],[2242,3584],[2243,3584],[2244,3584],[2245,3584],[2246,3584],[2247,3584],[2248,3584],[2249,3584],[2250,3584],[2251,3584],[2252,3584],[2253,3584],[2254,3584],[2255,3584],[2256,3584],[2257,3584],[2258,3584],[2259,3584],[2260,3584],[2261,3584],[2262,3584],[2263,3584],[2264,3584],[2265,3584],[2266,3584],[2267,3584],[2268,3584],[2269,3584],[2270,3584],[2271,3584],[2272,3584],[2273,3584],[2274,3584],[2275,3584],[2276,3584],[2277,3584],[2278,3584],[2279,3584],[2280,3584],[2281,3584],[2282,3584],[2283,3584],[2284,3584],[2285,3584],[2286,3584],[2287,3584],[2288,3584],[2289,3584],[2290,3584],[2291,3584],[2292,3584],[2293,3584],[2294,3584],[2295,3584],[2296,3584],[2297,3584],[2298,3584],[2299,3584],[2300,3584],[2301,3584],[2302,3584],[2303,3584],[2304,3584],[2304,3583],[2304,3582],[2304,3581],[2304,3580],[2304,3579],[2304,3578],[2304,3577],[2304,3576],[2304,3575],[2304,3574],[2304,3573],[2304,3572],[2304,3571],[2304,3570],[2304,3569],[2304,3568],[2304,3567],[2304,3566],[2304,3565],[2304,3564],[2304,3563],[2304,3562],[2304,3561],[2304,3560],[2304,3559],[2304,3558],[2304,3557],[2304,3556],[2304,3555],[2304,3554],[2304,3553],[2304,3552],[2304,3551],[2304,3550],[2304,3549],[2304,3548],[2304,3547],[2304,3546],[2304,3545],[2304,3544],[2304,3543],[2304,3542],[2304,3541],[2304,3540],[2304,3539],[2304,3538],[2304,3537],[2304,3536],[2304,3535],[2304,3534],[2304,3533],[2304,3532],[2304,3531],[2304,3530],[2304,3529],[2304,3528],[2304,3527],[2304,3526],[2304,3525],[2304,3524],[2304,3523],[2304,3522],[2304,3521],[2304,3520],[2303,3520],[2302,3520],[2301,3520],[2300,3520],[2299,3520],[2298,3520],[2297,3520],[2296,3520],[2295,3520],[2294,3520],[2293,3520],[2292,3520],[2291,3520],[2290,3520],[2289,3520],[2288,3520],[2287,3520],[2286,3520],[2285,3520],[2284,3520],[2283,3520],[2282,3520],[2281,3520],[2280,3520],[2279,3520],[2278,3520],[2277,3520],[2276,3520],[2275,3520],[2274,3520],[2273,3520],[2272,3520],[2271,3520],[2270,3520],[2269,3520],[2268,3520],[2267,3520],[2266,3520],[2265,3520],[2264,3520],[2263,3520],[2262,3520],[2261,3520],[2260,3520],[2259,3520],[2258,3520],[2257,3520],[2256,3520],[2255,3520],[2254,3520],[2253,3520],[2252,3520],[2251,3520],[2250,3520],[2249,3520],[2248,3520],[2247,3520],[2246,3520],[2245,3520],[2244,3520],[2243,3520],[2242,3520],[2241,3520],[2240,3520]]],[[[2304,3392],[2305,3392],[2306,3392],[2307,3392],[2308,3392],[2309,3392],[2310,3392],[2311,3392],[2312,3392],[2313,3392],[2314,3392],[2315,3392],[2316,3392],[2317,3392],[2318,3392],[2319,3392],[2320,3392],[2321,3392],[2322,3392],[2323,3392],[2324,3392],[2325,3392],[2326,3392],[2327,3392],[2328,3392],[2329,3392],[2330,3392],[2331,3392],[2332,3392],[2333,3392],[2334,3392],[2335,3392],[2336,3392],[2337,3392],[2338,3392],[2339,3392],[2340,3392],[2341,3392],[2342,3392],[2343,3392],[2344,3392],[2345,3392],[2346,3392],[2347,3392],[2348,3392],[2349,3392],[2350,3392],[2351,3392],[2352,3392],[2353,3392],[2354,3392],[2355,3392],[2356,3392],[2357,3392],[2358,3392],[2359,3392],[2360,3392],[2361,3392],[2362,3392],[2363,3392],[2364,3392],[2365,3392],[2366,3392],[2367,3392],[2368,3392],[2368,3393],[2368,3394],[2368,3395],[2368,3396],[2368,3397],[2368,3398],[2368,3399],[2368,3400],[2368,3401],[2368,3402],[2368,3403],[2368,3404],[2368,3405],[2368,3406],[2368,3407],[2368,3408],[2368,3409],[2368,3410],[2368,3411],[2368,3412],[2368,3413],[2368,3414],[2368,3415],[2368,3416],[2368,3417],[2368,3418],[2368,3419],[2368,3420],[2368,3421],[2368,3422],[2368,3423],[2368,3424],[2368,3425],[2368,3426],[2368,3427],[2368,3428],[2368,3429],[2368,3430],[2368,3431],[2368,3432],[2368,3433],[2368,3434],[2368,3435],[2368,3436],[2368,3437],[2368,3438],[2368,3439],[2368,3440],[2368,3441],[2368,3442],[2368,3443],[2368,3444],[2368,3445],[2368,3446],[2368,3447],[2368,3448],[2368,3449],[2368,3450],[2368,3451],[2368,3452],[2368,3453],[2368,3454],[2368,3455],[2368,3456],[2367,3456],[2366,3456],[2365,3456],[2364,3456],[2363,3456],[2362,3456],[2361,3456],[2360,3456],[2359,3456],[2358,3456],[2357,3456],[2356,3456],[2355,3456],[2354,3456],[2353,3456],[2352,3456],[2351,3456],[2350,3456],[2349,3456],[2348,3456],[2347,3456],[2346,3456],[2345,3456],[2344,3456],[2343,3456],[2342,3456],[2341,3456],[2340,3456],[2339,3456],[2338,3456],[2337,3456],[2336,3456],[2335,3456],[2334,3456],[2333,3456],[2332,3456],[2331,3456],[2330,3456],[2329,3456],[2328,3456],[2327,3456],[2326,3456],[2325,3456],[2324,3456],[2323,3456],[2322,3456],[2321,3456],[2320,3456],[2319,3456],[2318,3456],[2317,3456],[2316,3456],[2315,3456],[2314,3456],[2313,3456],[2312,3456],[2311,3456],[2310,3456],[2309,3456],[2308,3456],[2307,3456],[2306,3456],[2305,3456],[2304,3456],[2304,3455],[2304,3454],[2304,3453],[2304,3452],[2304,3451],[2304,3450],[2304,3449],[2304,3448],[2304,3447],[2304,3446],[2304,3445],[2304,3444],[2304,3443],[2304,3442],[2304,3441],[2304,3440],[2304,3439],[2304,3438],[2304,3437],[2304,3436],[2304,3435],[2304,3434],[2304,3433],[2304,3432],[2304,3431],[2304,3430],[2304,3429],[2304,3428],[2304,3427],[2304,3426],[2304,3425],[2304,3424],[2304,3423],[2304,3422],[2304,3421],[2304,3420],[2304,3419],[2304,3418],[2304,3417],[2304,3416],[2304,3415],[2304,3414],[2304,3413],[2304,3412],[2304,3411],[2304,3410],[2304,3409],[2304,3408],[2304,3407],[2304,3406],[2304,3405],[2304,3404],[2304,3403],[2304,3402],[2304,3401],[2304,3400],[2304,3399],[2304,3398],[2304,3397],[2304,3396],[2304,3395],[2304,3394],[2304,3393],[2304,3392]]],[[[2304,3392],[2304,3393],[2304,3394],[2304,3395],[2304,3396],[2304,3397],[2304,3398],[2304,3399],[2304,3400],[2304,3401],[2304,3402],[2304,3403],[2304,3404],[2304,3405],[2304,3406],[2304,3407],[2304,3408],[2304,3409],[2304,3410],[2304,3411],[2304,3412],[2304,3413],[2304,3414],[2304,3415],[2304,3416],[2304,3417],[2304,3418],[2304,3419],[2304,3420],[2304,3421],[2304,3422],[2304,3423],[2304,3424],[2304,3425],[2304,3426],[2304,3427],[2304,3428],[2304,3429],[2304,3430],[2304,3431],[2304,3432],[2304,3433],[2304,3434],[2304,3435],[2304,3436],[2304,3437],[2304,3438],[2304,3439],[2304,3440],[2304,3441],[2304,3442],[2304,3443],[2304,3444],[2304,3445],[2304,3446],[2304,3447],[2304,3448],[2304,3449],[2304,3450],[2304,3451],[2304,3452],[2304,3453],[2304,3454],[2304,3455],[2304,3456],[2305,3456],[2306,3456],[2307,3456],[2308,3456],[2309,3456],[2310,3456],[2311,3456],[2312,3456],[2313,3456],[2314,3456],[2315,3456],[2316,3456],[2317,3456],[2318,3456],[2319,3456],[2320,3456],[2321,3456],[2322,3456],[2323,3456],[2324,3456],[2325,3456],[2326,3456],[2327,3456],[2328,3456],[2329,3456],[2330,3456],[2331,3456],[2332,3456],[2333,3456],[2334,3456],[2335,3456],[2336,3456],[2337,3456],[2338,3456],[2339,3456],[2340,3456],[2341,3456],[2342,3456],[2343,3456],[2344,3456],[2345,3456],[2346,3456],[2347,3456],[2348,3456],[2349,3456],[2350,3456],[2351,3456],[2352,3456],[2353,3456],[2354,3456],[2355,3456],[2356,3456],[2357,3456],[2358,3456],[2359,3456],[2360,3456],[2361,3456],[2362,3456],[2363,3456],[2364,3456],[2365,3456],[2366,3456],[2367,3456],[2368,3456],[2368,3455],[2368,3454],[2368,3453],[2368,3452],[2368,3451],[2368,3450],[2368,3449],[2368,3448],[2368,3447],[2368,3446],[2368,3445],[2368,3444],[2368,3443],[2368,3442],[2368,3441],[2368,3440],[2368,3439],[2368,3438],[2368,3437],[2368,3436],[2368,3435],[2368,3434],[2368,3433],[2368,3432],[2368,3431],[2368,3430],[2368,3429],[2368,3428],[2368,3427],[2368,3426],[2368,3425],[2368,3424],[2368,3423],[2368,3422],[2368,3421],[2368,3420],[2368,3419],[2368,3418],[2368,3417],[2368,3416],[2368,3415],[2368,3414],[2368,3413],[2368,3412],[2368,3411],[2368,3410],[2368,3409],[2368,3408],[2368,3407],[2368,3406],[2368,3405],[2368,3404],[2368,3403],[2368,3402],[2368,3401],[2368,3400],[2368,3399],[2368,3398],[2368,3397],[2368,3396],[2368,3395],[2368,3394],[2368,3393],[2368,3392],[2367,3392],[2366,3392],[2365,3392],[2364,3392],[2363,3392],[2362,3392],[2361,3392],[2360,3392],[2359,3392],[2358,3392],[2357,3392],[2356,3392],[2355,3392],[2354,3392],[2353,3392],[2352,3392],[2351,3392],[2350,3392],[2349,3392],[2348,3392],[2347,3392],[2346,3392],[2345,3392],[2344,3392],[2343,3392],[2342,3392],[2341,3392],[2340,3392],[2339,3392],[2338,3392],[2337,3392],[2336,3392],[2335,3392],[2334,3392],[2333,3392],[2332,3392],[2331,3392],[2330,3392],[2329,3392],[2328,3392],[2327,3392],[2326,3392],[2325,3392],[2324,3392],[2323,3392],[2322,3392],[2321,3392],[2320,3392],[2319,3392],[2318,3392],[2317,3392],[2316,3392],[2315,3392],[2314,3392],[2313,3392],[2312,3392],[2311,3392],[2310,3392],[2309,3392],[2308,3392],[2307,3392],[2306,3392],[2305,3392],[2304,3392]]],[[[2304,3456],[2305,3456],[2306,3456],[2307,3456],[2308,3456],[2309,3456],[2310,3456],[2311,3456],[2312,3456],[2313,3456],[2314,3456],[2315,3456],[2316,3456],[2317,3456],[2318,3456],[2319,3456],[2320,3456],[2321,3456],[2322,3456],[2323,3456],[2324,3456],[2325,3456],[2326,3456],[2327,3456],[2328,3456],[2329,3456],[2330,3456],[2331,3456],[2332,3456],[2333,3456],[2334,3456],[2335,3456],[2336,3456],[2337,3456],[2338,3456],[2339,3456],[2340,3456],[2341,3456],[2342,3456],[2343,3456],[2344,3456],[2345,3456],[2346,3456],[2347,3456],[2348,3456],[2349,3456],[2350,3456],[2351,3456],[2352,3456],[2353,3456],[2354,3456],[2355,3456],[2356,3456],[2357,3456],[2358,3456],[2359,3456],[2360,3456],[2361,3456],[2362,3456],[2363,3456],[2364,3456],[2365,3456],[2366,3456],[2367,3456],[2368,3456],[2368,3457],[2368,3458],[2368,3459],[2368,3460],[2368,3461],[2368,3462],[2368,3463],[2368,3464],[2368,3465],[2368,3466],[2368,3467],[2368,3468],[2368,3469],[2368,3470],[2368,3471],[2368,3472],[2368,3473],[2368,3474],[2368,3475],[2368,3476],[2368,3477],[2368,3478],[2368,3479],[2368,3480],[2368,3481],[2368,3482],[2368,3483],[2368,3484],[2368,3485],[2368,3486],[2368,3487],[2368,3488],[2368,3489],[2368,3490],[2368,3491],[2368,3492],[2368,3493],[2368,3494],[2368,3495],[2368,3496],[2368,3497],[2368,3498],[2368,3499],[2368,3500],[2368,3501],[2368,3502],[2368,3503],[2368,3504],[2368,3505],[2368,3506],[2368,3507],[2368,3508],[2368,3509],[2368,3510],[2368,3511],[2368,3512],[2368,3513],[2368,3514],[2368,3515],[2368,3516],[2368,3517],[2368,3518],[2368,3519],[2368,3520],[2367,3520],[2366,3520],[2365,3520],[2364,3520],[2363,3520],[2362,3520],[2361,3520],[2360,3520],[2359,3520],[2358,3520],[2357,3520],[2356,3520],[2355,3520],[2354,3520],[2353,3520],[2352,3520],[2351,3520],[2350,3520],[2349,3520],[2348,3520],[2347,3520],[2346,3520],[2345,3520],[2344,3520],[2343,3520],[2342,3520],[2341,3520],[2340,3520],[2339,3520],[2338,3520],[2337,3520],[2336,3520],[2335,3520],[2334,3520],[2333,3520],[2332,3520],[2331,3520],[2330,3520],[2329,3520],[2328,3520],[2327,3520],[2326,3520],[2325,3520],[2324,3520],[2323,3520],[2322,3520],[2321,3520],[2320,3520],[2319,3520],[2318,3520],[2317,3520],[2316,3520],[2315,3520],[2314,3520],[2313,3520],[2312,3520],[2311,3520],[2310,3520],[2309,3520],[2308,3520],[2307,3520],[2306,3520],[2305,3520],[2304,3520],[2304,3519],[2304,3518],[2304,3517],[2304,3516],[2304,3515],[2304,3514],[2304,3513],[2304,3512],[2304,3511],[2304,3510],[2304,3509],[2304,3508],[2304,3507],[2304,3506],[2304,3505],[2304,3504],[2304,3503],[2304,3502],[2304,3501],[2304,3500],[2304,3499],[2304,3498],[2304,3497],[2304,3496],[2304,3495],[2304,3494],[2304,3493],[2304,3492],[2304,3491],[2304,3490],[2304,3489],[2304,3488],[2304,3487],[2304,3486],[2304,3485],[2304,3484],[2304,3483],[2304,3482],[2304,3481],[2304,3480],[2304,3479],[2304,3478],[2304,3477],[2304,3476],[2304,3475],[2304,3474],[2304,3473],[2304,3472],[2304,3471],[2304,3470],[2304,3469],[2304,3468],[2304,3467],[2304,3466],[2304,3465],[2304,3464],[2304,3463],[2304,3462],[2304,3461],[2304,3460],[2304,3459],[2304,3458],[2304,3457],[2304,3456]]],[[[2304,3456],[2304,3457],[2304,3458],[2304,3459],[2304,3460],[2304,3461],[2304,3462],[2304,3463],[2304,3464],[2304,3465],[2304,3466],[2304,3467],[2304,3468],[2304,3469],[2304,3470],[2304,3471],[2304,3472],[2304,3473],[2304,3474],[2304,3475],[2304,3476],[2304,3477],[2304,3478],[2304,3479],[2304,3480],[2304,3481],[2304,3482],[2304,3483],[2304,3484],[2304,3485],[2304,3486],[2304,3487],[2304,3488],[2304,3489],[2304,3490],[2304,3491],[2304,3492],[2304,3493],[2304,3494],[2304,3495],[2304,3496],[2304,3497],[2304,3498],[2304,3499],[2304,3500],[2304,3501],[2304,3502],[2304,3503],[2304,3504],[2304,3505],[2304,3506],[2304,3507],[2304,3508],[2304,3509],[2304,3510],[2304,3511],[2304,3512],[2304,3513],[2304,3514],[2304,3515],[2304,3516],[2304,3517],[2304,3518],[2304,3519],[2304,3520],[2305,3520],[2306,3520],[2307,3520],[2308,3520],[2309,3520],[2310,3520],[2311,3520],[2312,3520],[2313,3520],[2314,3520],[2315,3520],[2316,3520],[2317,3520],[2318,3520],[2319,3520],[2320,3520],[2321,3520],[2322,3520],[2323,3520],[2324,3520],[2325,3520],[2326,3520],[2327,3520],[2328,3520],[2329,3520],[2330,3520],[2331,3520],[2332,3520],[2333,3520],[2334,3520],[2335,3520],[2336,3520],[2337,3520],[2338,3520],[2339,3520],[2340,3520],[2341,3520],[2342,3520],[2343,3520],[2344,3520],[2345,3520],[2346,3520],[2347,3520],[2348,3520],[2349,3520],[2350,3520],[2351,3520],[2352,3520],[2353,3520],[2354,3520],[2355,3520],[2356,3520],[2357,3520],[2358,3520],[2359,3520],[2360,3520],[2361,3520],[2362,3520],[2363,3520],[2364,3520],[2365,3520],[2366,3520],[2367,3520],[2368,3520],[2368,3519],[2368,3518],[2368,3517],[2368,3516],[2368,3515],[2368,3514],[2368,3513],[2368,3512],[2368,3511],[2368,3510],[2368,3509],[2368,3508],[2368,3507],[2368,3506],[2368,3505],[2368,3504],[2368,3503],[2368,3502],[2368,3501],[2368,3500],[2368,3499],[2368,3498],[2368,3497],[2368,3496],[2368,3495],[2368,3494],[2368,3493],[2368,3492],[2368,3491],[2368,3490],[2368,3489],[2368,3488],[2368,3487],[2368,3486],[2368,3485],[2368,3484],[2368,3483],[2368,3482],[2368,3481],[2368,3480],[2368,3479],[2368,3478],[2368,3477],[2368,3476],[2368,3475],[2368,3474],[2368,3473],[2368,3472],[2368,3471],[2368,3470],[2368,3469],[2368,3468],[2368,3467],[2368,3466],[2368,3465],[2368,3464],[2368,3463],[2368,3462],[2368,3461],[2368,3460],[2368,3459],[2368,3458],[2368,3457],[2368,3456],[2367,3456],[2366,3456],[2365,3456],[2364,3456],[2363,3456],[2362,3456],[2361,3456],[2360,3456],[2359,3456],[2358,3456],[2357,3456],[2356,3456],[2355,3456],[2354,3456],[2353,3456],[2352,3456],[2351,3456],[2350,3456],[2349,3456],[2348,3456],[2347,3456],[2346,3456],[2345,3456],[2344,3456],[2343,3456],[2342,3456],[2341,3456],[2340,3456],[2339,3456],[2338,3456],[2337,3456],[2336,3456],[2335,3456],[2334,3456],[2333,3456],[2332,3456],[2331,3456],[2330,3456],[2329,3456],[2328,3456],[2327,3456],[2326,3456],[2325,3456],[2324,3456],[2323,3456],[2322,3456],[2321,3456],[2320,3456],[2319,3456],[2318,3456],[2317,3456],[2316,3456],[2315,3456],[2314,3456],[2313,3456],[2312,3456],[2311,3456],[2310,3456],[2309,3456],[2308,3456],[2307,3456],[2306,3456],[2305,3456],[2304,3456]]],[[[2304,3520],[2305,3520],[2306,3520],[2307,3520],[2308,3520],[2309,3520],[2310,3520],[2311,3520],[2312,3520],[2313,3520],[2314,3520],[2315,3520],[2316,3520],[2317,3520],[2318,3520],[2319,3520],[2320,3520],[2321,3520],[2322,3520],[2323,3520],[2324,3520],[2325,3520],[2326,3520],[2327,3520],[2328,3520],[2329,3520],[2330,3520],[2331,3520],[2332,3520],[2333,3520],[2334,3520],[2335,3520],[2336,3520],[2337,3520],[2338,3520],[2339,3520],[2340,3520],[2341,3520],[2342,3520],[2343,3520],[2344,3520],[2345,3520],[2346,3520],[2347,3520],[2348,3520],[2349,3520],[2350,3520],[2351,3520],[2352,3520],[2353,3520],[2354,3520],[2355,3520],[2356,3520],[2357,3520],[2358,3520],[2359,3520],[2360,3520],[2361,3520],[2362,3520],[2363,3520],[2364,3520],[2365,3520],[2366,3520],[2367,3520],[2368,3520],[2368,3521],[2368,3522],[2368,3523],[2368,3524],[2368,3525],[2368,3526],[2368,3527],[2368,3528],[2368,3529],[2368,3530],[2368,3531],[2368,3532],[2368,3533],[2368,3534],[2368,3535],[2368,3536],[2368,3537],[2368,3538],[2368,3539],[2368,3540],[2368,3541],[2368,3542],[2368,3543],[2368,3544],[2368,3545],[2368,3546],[2368,3547],[2368,3548],[2368,3549],[2368,3550],[2368,3551],[2368,3552],[2368,3553],[2368,3554],[2368,3555],[2368,3556],[2368,3557],[2368,3558],[2368,3559],[2368,3560],[2368,3561],[2368,3562],[2368,3563],[2368,3564],[2368,3565],[2368,3566],[2368,3567],[2368,3568],[2368,3569],[2368,3570],[2368,3571],[2368,3572],[2368,3573],[2368,3574],[2368,3575],[2368,3576],[2368,3577],[2368,3578],[2368,3579],[2368,3580],[2368,3581],[2368,3582],[2368,3583],[2368,3584],[2367,3584],[2366,3584],[2365,3584],[2364,3584],[2363,3584],[2362,3584],[2361,3584],[2360,3584],[2359,3584],[2358,3584],[2357,3584],[2356,3584],[2355,3584],[2354,3584],[2353,3584],[2352,3584],[2351,3584],[2350,3584],[2349,3584],[2348,3584],[2347,3584],[2346,3584],[2345,3584],[2344,3584],[2343,3584],[2342,3584],[2341,3584],[2340,3584],[2339,3584],[2338,3584],[2337,3584],[2336,3584],[2335,3584],[2334,3584],[2333,3584],[2332,3584],[2331,3584],[2330,3584],[2329,3584],[2328,3584],[2327,3584],[2326,3584],[2325,3584],[2324,3584],[2323,3584],[2322,3584],[2321,3584],[2320,3584],[2319,3584],[2318,3584],[2317,3584],[2316,3584],[2315,3584],[2314,3584],[2313,3584],[2312,3584],[2311,3584],[2310,3584],[2309,3584],[2308,3584],[2307,3584],[2306,3584],[2305,3584],[2304,3584],[2304,3583],[2304,3582],[2304,3581],[2304,3580],[2304,3579],[2304,3578],[2304,3577],[2304,3576],[2304,3575],[2304,3574],[2304,3573],[2304,3572],[2304,3571],[2304,3570],[2304,3569],[2304,3568],[2304,3567],[2304,3566],[2304,3565],[2304,3564],[2304,3563],[2304,3562],[2304,3561],[2304,3560],[2304,3559],[2304,3558],[2304,3557],[2304,3556],[2304,3555],[2304,3554],[2304,3553],[2304,3552],[2304,3551],[2304,3550],[2304,3549],[2304,3548],[2304,3547],[2304,3546],[2304,3545],[2304,3544],[2304,3543],[2304,3542],[2304,3541],[2304,3540],[2304,3539],[2304,3538],[2304,3537],[2304,3536],[2304,3535],[2304,3534],[2304,3533],[2304,3532],[2304,3531],[2304,3530],[2304,3529],[2304,3528],[2304,3527],[2304,3526],[2304,3525],[2304,3524],[2304,3523],[2304,3522],[2304,3521],[2304,3520]]],[[[2304,3520],[2304,3521],[2304,3522],[2304,3523],[2304,3524],[2304,3525],[2304,3526],[2304,3527],[2304,3528],[2304,3529],[2304,3530],[2304,3531],[2304,3532],[2304,3533],[2304,3534],[2304,3535],[2304,3536],[2304,3537],[2304,3538],[2304,3539],[2304,3540],[2304,3541],[2304,3542],[2304,3543],[2304,3544],[2304,3545],[2304,3546],[2304,3547],[2304,3548],[2304,3549],[2304,3550],[2304,3551],[2304,3552],[2304,3553],[2304,3554],[2304,3555],[2304,3556],[2304,3557],[2304,3558],[2304,3559],[2304,3560],[2304,3561],[2304,3562],[2304,3563],[2304,3564],[2304,3565],[2304,3566],[2304,3567],[2304,3568],[2304,3569],[2304,3570],[2304,3571],[2304,3572],[2304,3573],[2304,3574],[2304,3575],[2304,3576],[2304,3577],[2304,3578],[2304,3579],[2304,3580],[2304,3581],[2304,3582],[2304,3583],[2304,3584],[2305,3584],[2306,3584],[2307,3584],[2308,3584],[2309,3584],[2310,3584],[2311,3584],[2312,3584],[2313,3584],[2314,3584],[2315,3584],[2316,3584],[2317,3584],[2318,3584],[2319,3584],[2320,3584],[2321,3584],[2322,3584],[2323,3584],[2324,3584],[2325,3584],[2326,3584],[2327,3584],[2328,3584],[2329,3584],[2330,3584],[2331,3584],[2332,3584],[2333,3584],[2334,3584],[2335,3584],[2336,3584],[2337,3584],[2338,3584],[2339,3584],[2340,3584],[2341,3584],[2342,3584],[2343,3584],[2344,3584],[2345,3584],[2346,3584],[2347,3584],[2348,3584],[2349,3584],[2350,3584],[2351,3584],[2352,3584],[2353,3584],[2354,3584],[2355,3584],[2356,3584],[2357,3584],[2358,3584],[2359,3584],[2360,3584],[2361,3584],[2362,3584],[2363,3584],[2364,3584],[2365,3584],[2366,3584],[2367,3584],[2368,3584],[2368,3583],[2368,3582],[2368,3581],[2368,3580],[2368,3579],[2368,3578],[2368,3577],[2368,3576],[2368,3575],[2368,3574],[2368,3573],[2368,3572],[2368,3571],[2368,3570],[2368,3569],[2368,3568],[2368,3567],[2368,3566],[2368,3565],[2368,3564],[2368,3563],[2368,3562],[2368,3561],[2368,3560],[2368,3559],[2368,3558],[2368,3557],[2368,3556],[2368,3555],[2368,3554],[2368,3553],[2368,3552],[2368,3551],[2368,3550],[2368,3549],[2368,3548],[2368,3547],[2368,3546],[2368,3545],[2368,3544],[2368,3543],[2368,3542],[2368,3541],[2368,3540],[2368,3539],[2368,3538],[2368,3537],[2368,3536],[2368,3535],[2368,3534],[2368,3533],[2368,3532],[2368,3531],[2368,3530],[2368,3529],[2368,3528],[2368,3527],[2368,3526],[2368,3525],[2368,3524],[2368,3523],[2368,3522],[2368,3521],[2368,3520],[2367,3520],[2366,3520],[2365,3520],[2364,3520],[2363,3520],[2362,3520],[2361,3520],[2360,3520],[2359,3520],[2358,3520],[2357,3520],[2356,3520],[2355,3520],[2354,3520],[2353,3520],[2352,3520],[2351,3520],[2350,3520],[2349,3520],[2348,3520],[2347,3520],[2346,3520],[2345,3520],[2344,3520],[2343,3520],[2342,3520],[2341,3520],[2340,3520],[2339,3520],[2338,3520],[2337,3520],[2336,3520],[2335,3520],[2334,3520],[2333,3520],[2332,3520],[2331,3520],[2330,3520],[2329,3520],[2328,3520],[2327,3520],[2326,3520],[2325,3520],[2324,3520],[2323,3520],[2322,3520],[2321,3520],[2320,3520],[2319,3520],[2318,3520],[2317,3520],[2316,3520],[2315,3520],[2314,3520],[2313,3520],[2312,3520],[2311,3520],[2310,3520],[2309,3520],[2308,3520],[2307,3520],[2306,3520],[2305,3520],[2304,3520]]],[[[2304,3072],[2305,3072],[2306,3072],[2307,3072],[2308,3072],[2309,3072],[2310,3072],[2311,3072],[2312,3072],[2313,3072],[2314,3072],[2315,3072],[2316,3072],[2317,3072],[2318,3072],[2319,3072],[2320,3072],[2321,3072],[2322,3072],[2323,3072],[2324,3072],[2325,3072],[2326,3072],[2327,3072],[2328,3072],[2329,3072],[2330,3072],[2331,3072],[2332,3072],[2333,3072],[2334,3072],[2335,3072],[2336,3072],[2337,3072],[2338,3072],[2339,3072],[2340,3072],[2341,3072],[2342,3072],[2343,3072],[2344,3072],[2345,3072],[2346,3072],[2347,3072],[2348,3072],[2349,3072],[2350,3072],[2351,3072],[2352,3072],[2353,3072],[2354,3072],[2355,3072],[2356,3072],[2357,3072],[2358,3072],[2359,3072],[2360,3072],[2361,3072],[2362,3072],[2363,3072],[2364,3072],[2365,3072],[2366,3072],[2367,3072],[2368,3072],[2368,3073],[2368,3074],[2368,3075],[2368,3076],[2368,3077],[2368,3078],[2368,3079],[2368,3080],[2368,3081],[2368,3082],[2368,3083],[2368,3084],[2368,3085],[2368,3086],[2368,3087],[2368,3088],[2368,3089],[2368,3090],[2368,3091],[2368,3092],[2368,3093],[2368,3094],[2368,3095],[2368,3096],[2368,3097],[2368,3098],[2368,3099],[2368,3100],[2368,3101],[2368,3102],[2368,3103],[2368,3104],[2368,3105],[2368,3106],[2368,3107],[2368,3108],[2368,3109],[2368,3110],[2368,3111],[2368,3112],[2368,3113],[2368,3114],[2368,3115],[2368,3116],[2368,3117],[2368,3118],[2368,3119],[2368,3120],[2368,3121],[2368,3122],[2368,3123],[2368,3124],[2368,3125],[2368,3126],[2368,3127],[2368,3128],[2368,3129],[2368,3130],[2368,3131],[2368,3132],[2368,3133],[2368,3134],[2368,3135],[2368,3136],[2367,3136],[2366,3136],[2365,3136],[2364,3136],[2363,3136],[2362,3136],[2361,3136],[2360,3136],[2359,3136],[2358,3136],[2357,3136],[2356,3136],[2355,3136],[2354,3136],[2353,3136],[2352,3136],[2351,3136],[2350,3136],[2349,3136],[2348,3136],[2347,3136],[2346,3136],[2345,3136],[2344,3136],[2343,3136],[2342,3136],[2341,3136],[2340,3136],[2339,3136],[2338,3136],[2337,3136],[2336,3136],[2335,3136],[2334,3136],[2333,3136],[2332,3136],[2331,3136],[2330,3136],[2329,3136],[2328,3136],[2327,3136],[2326,3136],[2325,3136],[2324,3136],[2323,3136],[2322,3136],[2321,3136],[2320,3136],[2319,3136],[2318,3136],[2317,3136],[2316,3136],[2315,3136],[2314,3136],[2313,3136],[2312,3136],[2311,3136],[2310,3136],[2309,3136],[2308,3136],[2307,3136],[2306,3136],[2305,3136],[2304,3136],[2304,3135],[2304,3134],[2304,3133],[2304,3132],[2304,3131],[2304,3130],[2304,3129],[2304,3128],[2304,3127],[2304,3126],[2304,3125],[2304,3124],[2304,3123],[2304,3122],[2304,3121],[2304,3120],[2304,3119],[2304,3118],[2304,3117],[2304,3116],[2304,3115],[2304,3114],[2304,3113],[2304,3112],[2304,3111],[2304,3110],[2304,3109],[2304,3108],[2304,3107],[2304,3106],[2304,3105],[2304,3104],[2304,3103],[2304,3102],[2304,3101],[2304,3100],[2304,3099],[2304,3098],[2304,3097],[2304,3096],[2304,3095],[2304,3094],[2304,3093],[2304,3092],[2304,3091],[2304,3090],[2304,3089],[2304,3088],[2304,3087],[2304,3086],[2304,3085],[2304,3084],[2304,3083],[2304,3082],[2304,3081],[2304,3080],[2304,3079],[2304,3078],[2304,3077],[2304,3076],[2304,3075],[2304,3074],[2304,3073],[2304,3072]]],[[[2304,3072],[2304,3073],[2304,3074],[2304,3075],[2304,3076],[2304,3077],[2304,3078],[2304,3079],[2304,3080],[2304,3081],[2304,3082],[2304,3083],[2304,3084],[2304,3085],[2304,3086],[2304,3087],[2304,3088],[2304,3089],[2304,3090],[2304,3091],[2304,3092],[2304,3093],[2304,3094],[2304,3095],[2304,3096],[2304,3097],[2304,3098],[2304,3099],[2304,3100],[2304,3101],[2304,3102],[2304,3103],[2304,3104],[2304,3105],[2304,3106],[2304,3107],[2304,3108],[2304,3109],[2304,3110],[2304,3111],[2304,3112],[2304,3113],[2304,3114],[2304,3115],[2304,3116],[2304,3117],[2304,3118],[2304,3119],[2304,3120],[2304,3121],[2304,3122],[2304,3123],[2304,3124],[2304,3125],[2304,3126],[2304,3127],[2304,3128],[2304,3129],[2304,3130],[2304,3131],[2304,3132],[2304,3133],[2304,3134],[2304,3135],[2304,3136],[2305,3136],[2306,3136],[2307,3136],[2308,3136],[2309,3136],[2310,3136],[2311,3136],[2312,3136],[2313,3136],[2314,3136],[2315,3136],[2316,3136],[2317,3136],[2318,3136],[2319,3136],[2320,3136],[2321,3136],[2322,3136],[2323,3136],[2324,3136],[2325,3136],[2326,3136],[2327,3136],[2328,3136],[2329,3136],[2330,3136],[2331,3136],[2332,3136],[2333,3136],[2334,3136],[2335,3136],[2336,3136],[2337,3136],[2338,3136],[2339,3136],[2340,3136],[2341,3136],[2342,3136],[2343,3136],[2344,3136],[2345,3136],[2346,3136],[2347,3136],[2348,3136],[2349,3136],[2350,3136],[2351,3136],[2352,3136],[2353,3136],[2354,3136],[2355,3136],[2356,3136],[2357,3136],[2358,3136],[2359,3136],[2360,3136],[2361,3136],[2362,3136],[2363,3136],[2364,3136],[2365,3136],[2366,3136],[2367,3136],[2368,3136],[2368,3135],[2368,3134],[2368,3133],[2368,3132],[2368,3131],[2368,3130],[2368,3129],[2368,3128],[2368,3127],[2368,3126],[2368,3125],[2368,3124],[2368,3123],[2368,3122],[2368,3121],[2368,3120],[2368,3119],[2368,3118],[2368,3117],[2368,3116],[2368,3115],[2368,3114],[2368,3113],[2368,3112],[2368,3111],[2368,3110],[2368,3109],[2368,3108],[2368,3107],[2368,3106],[2368,3105],[2368,3104],[2368,3103],[2368,3102],[2368,3101],[2368,3100],[2368,3099],[2368,3098],[2368,3097],[2368,3096],[2368,3095],[2368,3094],[2368,3093],[2368,3092],[2368,3091],[2368,3090],[2368,3089],[2368,3088],[2368,3087],[2368,3086],[2368,3085],[2368,3084],[2368,3083],[2368,3082],[2368,3081],[2368,3080],[2368,3079],[2368,3078],[2368,3077],[2368,3076],[2368,3075],[2368,3074],[2368,3073],[2368,3072],[2367,3072],[2366,3072],[2365,3072],[2364,3072],[2363,3072],[2362,3072],[2361,3072],[2360,3072],[2359,3072],[2358,3072],[2357,3072],[2356,3072],[2355,3072],[2354,3072],[2353,3072],[2352,3072],[2351,3072],[2350,3072],[2349,3072],[2348,3072],[2347,3072],[2346,3072],[2345,3072],[2344,3072],[2343,3072],[2342,3072],[2341,3072],[2340,3072],[2339,3072],[2338,3072],[2337,3072],[2336,3072],[2335,3072],[2334,3072],[2333,3072],[2332,3072],[2331,3072],[2330,3072],[2329,3072],[2328,3072],[2327,3072],[2326,3072],[2325,3072],[2324,3072],[2323,3072],[2322,3072],[2321,3072],[2320,3072],[2319,3072],[2318,3072],[2317,3072],[2316,3072],[2315,3072],[2314,3072],[2313,3072],[2312,3072],[2311,3072],[2310,3072],[2309,3072],[2308,3072],[2307,3072],[2306,3072],[2305,3072],[2304,3072]]],[[[2363,3136],[2364,3136],[2365,3136],[2366,3136],[2367,3136],[2368,3136],[2368,3137],[2368,3138],[2368,3139],[2368,3140],[2367,3140],[2366,3140],[2366,3139],[2365,3139],[2365,3138],[2364,3138],[2364,3137],[2363,3137],[2363,3136]]],[[[2363,3136],[2363,3137],[2364,3137],[2364,3138],[2365,3138],[2365,3139],[2366,3139],[2366,3140],[2367,3140],[2368,3140],[2368,3139],[2368,3138],[2368,3137],[2368,3136],[2367,3136],[2366,3136],[2365,3136],[2364,3136],[2363,3136]]],[[[2368,3072],[2369,3072],[2370,3072],[2371,3072],[2372,3072],[2373,3072],[2374,3072],[2375,3072],[2376,3072],[2377,3072],[2378,3072],[2379,3072],[2380,3072],[2381,3072],[2382,3072],[2383,3072],[2384,3072],[2385,3072],[2386,3072],[2387,3072],[2388,3072],[2389,3072],[2390,3072],[2391,3072],[2392,3072],[2393,3072],[2394,3072],[2395,3072],[2396,3072],[2397,3072],[2398,3072],[2399,3072],[2400,3072],[2401,3072],[2402,3072],[2403,3072],[2404,3072],[2405,3072],[2406,3072],[2407,3072],[2408,3072],[2409,3072],[2410,3072],[2411,3072],[2412,3072],[2413,3072],[2414,3072],[2415,3072],[2416,3072],[2417,3072],[2418,3072],[2419,3072],[2420,3072],[2421,3072],[2422,3072],[2423,3072],[2424,3072],[2425,3072],[2426,3072],[2427,3072],[2428,3072],[2429,3072],[2430,3072],[2431,3072],[2432,3072],[2432,3073],[2432,3074],[2432,3075],[2432,3076],[2432,3077],[2432,3078],[2432,3079],[2432,3080],[2432,3081],[2432,3082],[2432,3083],[2432,3084],[2432,3085],[2432,3086],[2432,3087],[2432,3088],[2432,3089],[2432,3090],[2432,3091],[2432,3092],[2432,3093],[2432,3094],[2432,3095],[2432,3096],[2432,3097],[2432,3098],[2432,3099],[2432,3100],[2432,3101],[2432,3102],[2432,3103],[2432,3104],[2432,3105],[2432,3106],[2432,3107],[2432,3108],[2432,3109],[2432,3110],[2432,3111],[2432,3112],[2432,3113],[2432,3114],[2432,3115],[2432,3116],[2432,3117],[2432,3118],[2432,3119],[2432,3120],[2432,3121],[2432,3122],[2432,3123],[2432,3124],[2432,3125],[2432,3126],[2432,3127],[2432,3128],[2432,3129],[2432,3130],[2432,3131],[2432,3132],[2432,3133],[2432,3134],[2432,3135],[2432,3136],[2431,3136],[2430,3136],[2429,3136],[2428,3136],[2427,3136],[2426,3136],[2425,3136],[2424,3136],[2423,3136],[2422,3136],[2421,3136],[2420,3136],[2419,3136],[2418,3136],[2417,3136],[2416,3136],[2415,3136],[2414,3136],[2413,3136],[2412,3136],[2411,3136],[2410,3136],[2409,3136],[2408,3136],[2407,3136],[2406,3136],[2405,3136],[2404,3136],[2403,3136],[2402,3136],[2401,3136],[2400,3136],[2399,3136],[2398,3136],[2397,3136],[2396,3136],[2395,3136],[2394,3136],[2393,3136],[2392,3136],[2391,3136],[2390,3136],[2389,3136],[2388,3136],[2387,3136],[2386,3136],[2385,3136],[2384,3136],[2383,3136],[2382,3136],[2381,3136],[2380,3136],[2379,3136],[2378,3136],[2377,3136],[2376,3136],[2375,3136],[2374,3136],[2373,3136],[2372,3136],[2371,3136],[2370,3136],[2369,3136],[2368,3136],[2368,3135],[2368,3134],[2368,3133],[2368,3132],[2368,3131],[2368,3130],[2368,3129],[2368,3128],[2368,3127],[2368,3126],[2368,3125],[2368,3124],[2368,3123],[2368,3122],[2368,3121],[2368,3120],[2368,3119],[2368,3118],[2368,3117],[2368,3116],[2368,3115],[2368,3114],[2368,3113],[2368,3112],[2368,3111],[2368,3110],[2368,3109],[2368,3108],[2368,3107],[2368,3106],[2368,3105],[2368,3104],[2368,3103],[2368,3102],[2368,3101],[2368,3100],[2368,3099],[2368,3098],[2368,3097],[2368,3096],[2368,3095],[2368,3094],[2368,3093],[2368,3092],[2368,3091],[2368,3090],[2368,3089],[2368,3088],[2368,3087],[2368,3086],[2368,3085],[2368,3084],[2368,3083],[2368,3082],[2368,3081],[2368,3080],[2368,3079],[2368,3078],[2368,3077],[2368,3076],[2368,3075],[2368,3074],[2368,3073],[2368,3072]]],[[[2368,3072],[2368,3073],[2368,3074],[2368,3075],[2368,3076],[2368,3077],[2368,3078],[2368,3079],[2368,3080],[2368,3081],[2368,3082],[2368,3083],[2368,3084],[2368,3085],[2368,3086],[2368,3087],[2368,3088],[2368,3089],[2368,3090],[2368,3091],[2368,3092],[2368,3093],[2368,3094],[2368,3095],[2368,3096],[2368,3097],[2368,3098],[2368,3099],[2368,3100],[2368,3101],[2368,3102],[2368,3103],[2368,3104],[2368,3105],[2368,3106],[2368,3107],[2368,3108],[2368,3109],[2368,3110],[2368,3111],[2368,3112],[2368,3113],[2368,3114],[2368,3115],[2368,3116],[2368,3117],[2368,3118],[2368,3119],[2368,3120],[2368,3121],[2368,3122],[2368,3123],[2368,3124],[2368,3125],[2368,3126],[2368,3127],[2368,3128],[2368,3129],[2368,3130],[2368,3131],[2368,3132],[2368,3133],[2368,3134],[2368,3135],[2368,3136],[2369,3136],[2370,3136],[2371,3136],[2372,3136],[2373,3136],[2374,3136],[2375,3136],[2376,3136],[2377,3136],[2378,3136],[2379,3136],[2380,3136],[2381,3136],[2382,3136],[2383,3136],[2384,3136],[2385,3136],[2386,3136],[2387,3136],[2388,3136],[2389,3136],[2390,3136],[2391,3136],[2392,3136],[2393,3136],[2394,3136],[2395,3136],[2396,3136],[2397,3136],[2398,3136],[2399,3136],[2400,3136],[2401,3136],[2402,3136],[2403,3136],[2404,3136],[2405,3136],[2406,3136],[2407,3136],[2408,3136],[2409,3136],[2410,3136],[2411,3136],[2412,3136],[2413,3136],[2414,3136],[2415,3136],[2416,3136],[2417,3136],[2418,3136],[2419,3136],[2420,3136],[2421,3136],[2422,3136],[2423,3136],[2424,3136],[2425,3136],[2426,3136],[2427,3136],[2428,3136],[2429,3136],[2430,3136],[2431,3136],[2432,3136],[2432,3135],[2432,3134],[2432,3133],[2432,3132],[2432,3131],[2432,3130],[2432,3129],[2432,3128],[2432,3127],[2432,3126],[2432,3125],[2432,3124],[2432,3123],[2432,3122],[2432,3121],[2432,3120],[2432,3119],[2432,3118],[2432,3117],[2432,3116],[2432,3115],[2432,3114],[2432,3113],[2432,3112],[2432,3111],[2432,3110],[2432,3109],[2432,3108],[2432,3107],[2432,3106],[2432,3105],[2432,3104],[2432,3103],[2432,3102],[2432,3101],[2432,3100],[2432,3099],[2432,3098],[2432,3097],[2432,3096],[2432,3095],[2432,3094],[2432,3093],[2432,3092],[2432,3091],[2432,3090],[2432,3089],[2432,3088],[2432,3087],[2432,3086],[2432,3085],[2432,3084],[2432,3083],[2432,3082],[2432,3081],[2432,3080],[2432,3079],[2432,3078],[2432,3077],[2432,3076],[2432,3075],[2432,3074],[2432,3073],[2432,3072],[2431,3072],[2430,3072],[2429,3072],[2428,3072],[2427,3072],[2426,3072],[2425,3072],[2424,3072],[2423,3072],[2422,3072],[2421,3072],[2420,3072],[2419,3072],[2418,3072],[2417,3072],[2416,3072],[2415,3072],[2414,3072],[2413,3072],[2412,3072],[2411,3072],[2410,3072],[2409,3072],[2408,3072],[2407,3072],[2406,3072],[2405,3072],[2404,3072],[2403,3072],[2402,3072],[2401,3072],[2400,3072],[2399,3072],[2398,3072],[2397,3072],[2396,3072],[2395,3072],[2394,3072],[2393,3072],[2392,3072],[2391,3072],[2390,3072],[2389,3072],[2388,3072],[2387,3072],[2386,3072],[2385,3072],[2384,3072],[2383,3072],[2382,3072],[2381,3072],[2380,3072],[2379,3072],[2378,3072],[2377,3072],[2376,3072],[2375,3072],[2374,3072],[2373,3072],[2372,3072],[2371,3072],[2370,3072],[2369,3072],[2368,3072]]],[[[2368,3136],[2369,3136],[2370,3136],[2371,3136],[2372,3136],[2373,3136],[2374,3136],[2375,3136],[2376,3136],[2377,3136],[2378,3136],[2379,3136],[2380,3136],[2381,3136],[2382,3136],[2383,3136],[2384,3136],[2385,3136],[2386,3136],[2387,3136],[2388,3136],[2389,3136],[2390,3136],[2391,3136],[2392,3136],[2393,3136],[2394,3136],[2395,3136],[2396,3136],[2397,3136],[2398,3136],[2399,3136],[2400,3136],[2401,3136],[2402,3136],[2403,3136],[2404,3136],[2405,3136],[2406,3136],[2407,3136],[2408,3136],[2409,3136],[2410,3136],[2411,3136],[2412,3136],[2413,3136],[2414,3136],[2415,3136],[2416,3136],[2417,3136],[2418,3136],[2419,3136],[2420,3136],[2421,3136],[2422,3136],[2423,3136],[2424,3136],[2425,3136],[2426,3136],[2427,3136],[2428,3136],[2429,3136],[2430,3136],[2431,3136],[2432,3136],[2432,3137],[2432,3138],[2432,3139],[2432,3140],[2432,3141],[2432,3142],[2432,3143],[2432,3144],[2432,3145],[2432,3146],[2432,3147],[2432,3148],[2432,3149],[2432,3150],[2432,3151],[2432,3152],[2432,3153],[2432,3154],[2432,3155],[2432,3156],[2432,3157],[2432,3158],[2432,3159],[2432,3160],[2432,3161],[2432,3162],[2432,3163],[2432,3164],[2432,3165],[2432,3166],[2432,3167],[2432,3168],[2432,3169],[2432,3170],[2432,3171],[2432,3172],[2432,3173],[2432,3174],[2432,3175],[2432,3176],[2432,3177],[2432,3178],[2432,3179],[2432,3180],[2432,3181],[2432,3182],[2432,3183],[2432,3184],[2432,3185],[2432,3186],[2432,3187],[2432,3188],[2432,3189],[2432,3190],[2432,3191],[2432,3192],[2432,3193],[2432,3194],[2432,3195],[2432,3196],[2432,3197],[2432,3198],[2432,3199],[2432,3200],[2431,3200],[2430,3200],[2429,3200],[2428,3200],[2427,3200],[2426,3200],[2425,3200],[2424,3200],[2423,3200],[2422,3200],[2421,3200],[2420,3200],[2419,3200],[2418,3200],[2417,3200],[2416,3200],[2415,3200],[2414,3200],[2413,3200],[2412,3200],[2411,3200],[2410,3200],[2409,3200],[2408,3200],[2407,3200],[2406,3200],[2405,3200],[2404,3200],[2403,3200],[2402,3200],[2401,3200],[2400,3200],[2399,3200],[2398,3200],[2397,3200],[2396,3200],[2395,3200],[2394,3200],[2393,3200],[2392,3200],[2391,3200],[2390,3200],[2389,3200],[2388,3200],[2387,3200],[2386,3200],[2385,3200],[2384,3200],[2383,3200],[2382,3200],[2381,3200],[2380,3200],[2379,3200],[2378,3200],[2377,3200],[2376,3200],[2375,3200],[2374,3200],[2373,3200],[2372,3200],[2371,3200],[2370,3200],[2369,3200],[2368,3200],[2368,3199],[2368,3198],[2368,3197],[2368,3196],[2368,3195],[2368,3194],[2368,3193],[2368,3192],[2368,3191],[2368,3190],[2368,3189],[2368,3188],[2368,3187],[2368,3186],[2368,3185],[2368,3184],[2368,3183],[2368,3182],[2368,3181],[2368,3180],[2368,3179],[2368,3178],[2368,3177],[2368,3176],[2368,3175],[2368,3174],[2368,3173],[2368,3172],[2368,3171],[2368,3170],[2368,3169],[2368,3168],[2368,3167],[2368,3166],[2368,3165],[2368,3164],[2368,3163],[2368,3162],[2368,3161],[2368,3160],[2368,3159],[2368,3158],[2368,3157],[2368,3156],[2368,3155],[2368,3154],[2368,3153],[2368,3152],[2368,3151],[2368,3150],[2368,3149],[2368,3148],[2368,3147],[2368,3146],[2368,3145],[2368,3144],[2368,3143],[2368,3142],[2368,3141],[2368,3140],[2368,3139],[2368,3138],[2368,3137],[2368,3136]]],[[[2368,3136],[2368,3137],[2368,3138],[2368,3139],[2368,3140],[2368,3141],[2368,3142],[2368,3143],[2368,3144],[2368,3145],[2368,3146],[2368,3147],[2368,3148],[2368,3149],[2368,3150],[2368,3151],[2368,3152],[2368,3153],[2368,3154],[2368,3155],[2368,3156],[2368,3157],[2368,3158],[2368,3159],[2368,3160],[2368,3161],[2368,3162],[2368,3163],[2368,3164],[2368,3165],[2368,3166],[2368,3167],[2368,3168],[2368,3169],[2368,3170],[2368,3171],[2368,3172],[2368,3173],[2368,3174],[2368,3175],[2368,3176],[2368,3177],[2368,3178],[2368,3179],[2368,3180],[2368,3181],[2368,3182],[2368,3183],[2368,3184],[2368,3185],[2368,3186],[2368,3187],[2368,3188],[2368,3189],[2368,3190],[2368,3191],[2368,3192],[2368,3193],[2368,3194],[2368,3195],[2368,3196],[2368,3197],[2368,3198],[2368,3199],[2368,3200],[2369,3200],[2370,3200],[2371,3200],[2372,3200],[2373,3200],[2374,3200],[2375,3200],[2376,3200],[2377,3200],[2378,3200],[2379,3200],[2380,3200],[2381,3200],[2382,3200],[2383,3200],[2384,3200],[2385,3200],[2386,3200],[2387,3200],[2388,3200],[2389,3200],[2390,3200],[2391,3200],[2392,3200],[2393,3200],[2394,3200],[2395,3200],[2396,3200],[2397,3200],[2398,3200],[2399,3200],[2400,3200],[2401,3200],[2402,3200],[2403,3200],[2404,3200],[2405,3200],[2406,3200],[2407,3200],[2408,3200],[2409,3200],[2410,3200],[2411,3200],[2412,3200],[2413,3200],[2414,3200],[2415,3200],[2416,3200],[2417,3200],[2418,3200],[2419,3200],[2420,3200],[2421,3200],[2422,3200],[2423,3200],[2424,3200],[2425,3200],[2426,3200],[2427,3200],[2428,3200],[2429,3200],[2430,3200],[2431,3200],[2432,3200],[2432,3199],[2432,3198],[2432,3197],[2432,3196],[2432,3195],[2432,3194],[2432,3193],[2432,3192],[2432,3191],[2432,3190],[2432,3189],[2432,3188],[2432,3187],[2432,3186],[2432,3185],[2432,3184],[2432,3183],[2432,3182],[2432,3181],[2432,3180],[2432,3179],[2432,3178],[2432,3177],[2432,3176],[2432,3175],[2432,3174],[2432,3173],[2432,3172],[2432,3171],[2432,3170],[2432,3169],[2432,3168],[2432,3167],[2432,3166],[2432,3165],[2432,3164],[2432,3163],[2432,3162],[2432,3161],[2432,3160],[2432,3159],[2432,3158],[2432,3157],[2432,3156],[2432,3155],[2432,3154],[2432,3153],[2432,3152],[2432,3151],[2432,3150],[2432,3149],[2432,3148],[2432,3147],[2432,3146],[2432,3145],[2432,3144],[2432,3143],[2432,3142],[2432,3141],[2432,3140],[2432,3139],[2432,3138],[2432,3137],[2432,3136],[2431,3136],[2430,3136],[2429,3136],[2428,3136],[2427,3136],[2426,3136],[2425,3136],[2424,3136],[2423,3136],[2422,3136],[2421,3136],[2420,3136],[2419,3136],[2418,3136],[2417,3136],[2416,3136],[2415,3136],[2414,3136],[2413,3136],[2412,3136],[2411,3136],[2410,3136],[2409,3136],[2408,3136],[2407,3136],[2406,3136],[2405,3136],[2404,3136],[2403,3136],[2402,3136],[2401,3136],[2400,3136],[2399,3136],[2398,3136],[2397,3136],[2396,3136],[2395,3136],[2394,3136],[2393,3136],[2392,3136],[2391,3136],[2390,3136],[2389,3136],[2388,3136],[2387,3136],[2386,3136],[2385,3136],[2384,3136],[2383,3136],[2382,3136],[2381,3136],[2380,3136],[2379,3136],[2378,3136],[2377,3136],[2376,3136],[2375,3136],[2374,3136],[2373,3136],[2372,3136],[2371,3136],[2370,3136],[2369,3136],[2368,3136]]],[[[2624,3520],[2625,3520],[2626,3520],[2627,3520],[2628,3520],[2629,3520],[2630,3520],[2631,3520],[2632,3520],[2633,3520],[2634,3520],[2635,3520],[2636,3520],[2637,3520],[2638,3520],[2639,3520],[2640,3520],[2641,3520],[2642,3520],[2643,3520],[2644,3520],[2645,3520],[2646,3520],[2647,3520],[2648,3520],[2649,3520],[2650,3520],[2651,3520],[2652,3520],[2653,3520],[2654,3520],[2655,3520],[2656,3520],[2657,3520],[2658,3520],[2659,3520],[2660,3520],[2661,3520],[2662,3520],[2663,3520],[2664,3520],[2665,3520],[2666,3520],[2667,3520],[2668,3520],[2669,3520],[2670,3520],[2671,3520],[2672,3520],[2673,3520],[2674,3520],[2675,3520],[2676,3520],[2677,3520],[2678,3520],[2679,3520],[2680,3520],[2681,3520],[2682,3520],[2683,3520],[2684,3520],[2685,3520],[2686,3520],[2687,3520],[2688,3520],[2688,3521],[2688,3522],[2688,3523],[2688,3524],[2688,3525],[2688,3526],[2688,3527],[2688,3528],[2688,3529],[2688,3530],[2688,3531],[2688,3532],[2688,3533],[2688,3534],[2688,3535],[2688,3536],[2688,3537],[2688,3538],[2688,3539],[2688,3540],[2688,3541],[2688,3542],[2688,3543],[2688,3544],[2688,3545],[2688,3546],[2688,3547],[2688,3548],[2688,3549],[2688,3550],[2688,3551],[2688,3552],[2688,3553],[2688,3554],[2688,3555],[2688,3556],[2688,3557],[2688,3558],[2688,3559],[2688,3560],[2688,3561],[2688,3562],[2688,3563],[2688,3564],[2688,3565],[2688,3566],[2688,3567],[2688,3568],[2688,3569],[2688,3570],[2688,3571],[2688,3572],[2688,3573],[2688,3574],[2688,3575],[2688,3576],[2688,3577],[2688,3578],[2688,3579],[2688,3580],[2688,3581],[2688,3582],[2688,3583],[2688,3584],[2687,3584],[2686,3584],[2685,3584],[2684,3584],[2683,3584],[2682,3584],[2681,3584],[2680,3584],[2679,3584],[2678,3584],[2677,3584],[2676,3584],[2675,3584],[2674,3584],[2673,3584],[2672,3584],[2671,3584],[2670,3584],[2669,3584],[2668,3584],[2667,3584],[2666,3584],[2665,3584],[2664,3584],[2663,3584],[2662,3584],[2661,3584],[2660,3584],[2659,3584],[2658,3584],[2657,3584],[2656,3584],[2655,3584],[2654,3584],[2653,3584],[2652,3584],[2651,3584],[2650,3584],[2649,3584],[2648,3584],[2647,3584],[2646,3584],[2645,3584],[2644,3584],[2643,3584],[2642,3584],[2641,3584],[2640,3584],[2639,3584],[2638,3584],[2637,3584],[2636,3584],[2635,3584],[2634,3584],[2633,3584],[2632,3584],[2631,3584],[2630,3584],[2629,3584],[2628,3584],[2627,3584],[2626,3584],[2625,3584],[2624,3584],[2624,3583],[2624,3582],[2624,3581],[2624,3580],[2624,3579],[2624,3578],[2624,3577],[2624,3576],[2624,3575],[2624,3574],[2624,3573],[2624,3572],[2624,3571],[2624,3570],[2624,3569],[2624,3568],[2624,3567],[2624,3566],[2624,3565],[2624,3564],[2624,3563],[2624,3562],[2624,3561],[2624,3560],[2624,3559],[2624,3558],[2624,3557],[2624,3556],[2624,3555],[2624,3554],[2624,3553],[2624,3552],[2624,3551],[2624,3550],[2624,3549],[2624,3548],[2624,3547],[2624,3546],[2624,3545],[2624,3544],[2624,3543],[2624,3542],[2624,3541],[2624,3540],[2624,3539],[2624,3538],[2624,3537],[2624,3536],[2624,3535],[2624,3534],[2624,3533],[2624,3532],[2624,3531],[2624,3530],[2624,3529],[2624,3528],[2624,3527],[2624,3526],[2624,3525],[2624,3524],[2624,3523],[2624,3522],[2624,3521],[2624,3520]]],[[[2624,3520],[2624,3521],[2624,3522],[2624,3523],[2624,3524],[2624,3525],[2624,3526],[2624,3527],[2624,3528],[2624,3529],[2624,3530],[2624,3531],[2624,3532],[2624,3533],[2624,3534],[2624,3535],[2624,3536],[2624,3537],[2624,3538],[2624,3539],[2624,3540],[2624,3541],[2624,3542],[2624,3543],[2624,3544],[2624,3545],[2624,3546],[2624,3547],[2624,3548],[2624,3549],[2624,3550],[2624,3551],[2624,3552],[2624,3553],[2624,3554],[2624,3555],[2624,3556],[2624,3557],[2624,3558],[2624,3559],[2624,3560],[2624,3561],[2624,3562],[2624,3563],[2624,3564],[2624,3565],[2624,3566],[2624,3567],[2624,3568],[2624,3569],[2624,3570],[2624,3571],[2624,3572],[2624,3573],[2624,3574],[2624,3575],[2624,3576],[2624,3577],[2624,3578],[2624,3579],[2624,3580],[2624,3581],[2624,3582],[2624,3583],[2624,3584],[2625,3584],[2626,3584],[2627,3584],[2628,3584],[2629,3584],[2630,3584],[2631,3584],[2632,3584],[2633,3584],[2634,3584],[2635,3584],[2636,3584],[2637,3584],[2638,3584],[2639,3584],[2640,3584],[2641,3584],[2642,3584],[2643,3584],[2644,3584],[2645,3584],[2646,3584],[2647,3584],[2648,3584],[2649,3584],[2650,3584],[2651,3584],[2652,3584],[2653,3584],[2654,3584],[2655,3584],[2656,3584],[2657,3584],[2658,3584],[2659,3584],[2660,3584],[2661,3584],[2662,3584],[2663,3584],[2664,3584],[2665,3584],[2666,3584],[2667,3584],[2668,3584],[2669,3584],[2670,3584],[2671,3584],[2672,3584],[2673,3584],[2674,3584],[2675,3584],[2676,3584],[2677,3584],[2678,3584],[2679,3584],[2680,3584],[2681,3584],[2682,3584],[2683,3584],[2684,3584],[2685,3584],[2686,3584],[2687,3584],[2688,3584],[2688,3583],[2688,3582],[2688,3581],[2688,3580],[2688,3579],[2688,3578],[2688,3577],[2688,3576],[2688,3575],[2688,3574],[2688,3573],[2688,3572],[2688,3571],[2688,3570],[2688,3569],[2688,3568],[2688,3567],[2688,3566],[2688,3565],[2688,3564],[2688,3563],[2688,3562],[2688,3561],[2688,3560],[2688,3559],[2688,3558],[2688,3557],[2688,3556],[2688,3555],[2688,3554],[2688,3553],[2688,3552],[2688,3551],[2688,3550],[2688,3549],[2688,3548],[2688,3547],[2688,3546],[2688,3545],[2688,3544],[2688,3543],[2688,3542],[2688,3541],[2688,3540],[2688,3539],[2688,3538],[2688,3537],[2688,3536],[2688,3535],[2688,3534],[2688,3533],[2688,3532],[2688,3531],[2688,3530],[2688,3529],[2688,3528],[2688,3527],[2688,3526],[2688,3525],[2688,3524],[2688,3523],[2688,3522],[2688,3521],[2688,3520],[2687,3520],[2686,3520],[2685,3520],[2684,3520],[2683,3520],[2682,3520],[2681,3520],[2680,3520],[2679,3520],[2678,3520],[2677,3520],[2676,3520],[2675,3520],[2674,3520],[2673,3520],[2672,3520],[2671,3520],[2670,3520],[2669,3520],[2668,3520],[2667,3520],[2666,3520],[2665,3520],[2664,3520],[2663,3520],[2662,3520],[2661,3520],[2660,3520],[2659,3520],[2658,3520],[2657,3520],[2656,3520],[2655,3520],[2654,3520],[2653,3520],[2652,3520],[2651,3520],[2650,3520],[2649,3520],[2648,3520],[2647,3520],[2646,3520],[2645,3520],[2644,3520],[2643,3520],[2642,3520],[2641,3520],[2640,3520],[2639,3520],[2638,3520],[2637,3520],[2636,3520],[2635,3520],[2634,3520],[2633,3520],[2632,3520],[2631,3520],[2630,3520],[2629,3520],[2628,3520],[2627,3520],[2626,3520],[2625,3520],[2624,3520]]],[[[2628,3584],[2629,3584],[2630,3584],[2631,3584],[2632,3584],[2633,3584],[2634,3584],[2635,3584],[2636,3584],[2637,3584],[2638,3584],[2639,3584],[2640,3584],[2641,3584],[2642,3584],[2643,3584],[2644,3584],[2645,3584],[2646,3584],[2647,3584],[2648,3584],[2649,3584],[2650,3584],[2651,3584],[2652,3584],[2653,3584],[2654,3584],[2655,3584],[2656,3584],[2657,3584],[2658,3584],[2659,3584],[2660,3584],[2661,3584],[2662,3584],[2663,3584],[2664,3584],[2665,3584],[2666,3584],[2667,3584],[2668,3584],[2669,3584],[2670,3584],[2671,3584],[2672,3584],[2673,3584],[2674,3584],[2675,3584],[2676,3584],[2677,3584],[2678,3584],[2679,3584],[2680,3584],[2681,3584],[2682,3584],[2683,3584],[2684,3584],[2685,3584],[2686,3584],[2687,3584],[2688,3584],[2688,3585],[2688,3586],[2688,3587],[2688,3588],[2688,3589],[2688,3590],[2688,3591],[2688,3592],[2688,3593],[2688,3594],[2688,3595],[2688,3596],[2688,3597],[2688,3598],[2688,3599],[2688,3600],[2687,3600],[2687,3601],[2686,3601],[2686,3602],[2685,3602],[2685,3603],[2684,3603],[2683,3603],[2682,3603],[2681,3603],[2680,3603],[2680,3602],[2679,3602],[2679,3601],[2678,3601],[2678,3600],[2677,3600],[2676,3600],[2676,3599],[2675,3599],[2675,3598],[2674,3598],[2673,3598],[2673,3599],[2672,3599],[2671,3599],[2670,3599],[2670,3598],[2669,3598],[2669,3599],[2668,3599],[2668,3598],[2667,3598],[2666,3598],[2665,3598],[2664,3598],[2664,3597],[2663,3597],[2662,3597],[2661,3597],[2661,3596],[2660,3596],[2659,3596],[2659,3595],[2658,3595],[2658,3596],[2657,3596],[2657,3595],[2656,3595],[2656,3596],[2655,3596],[2655,3595],[2654,3595],[2653,3595],[2652,3595],[2652,3594],[2651,3594],[2650,3594],[2649,3594],[2649,3593],[2648,3593],[2647,3593],[2647,3592],[2646,3592],[2645,3592],[2644,3592],[2644,3591],[2643,3591],[2642,3591],[2642,3590],[2641,3590],[2641,3589],[2640,3589],[2639,3589],[2639,3590],[2638,3590],[2638,3589],[2637,3589],[2636,3589],[2635,3589],[2635,3588],[2634,3588],[2633,3588],[2633,3587],[2632,3587],[2632,3586],[2631,3586],[2630,3586],[2630,3585],[2629,3585],[2628,3585],[2628,3584]]],[[[2628,3584],[2628,3585],[2629,3585],[2630,3585],[2630,3586],[2631,3586],[2632,3586],[2632,3587],[2633,3587],[2633,3588],[2634,3588],[2635,3588],[2635,3589],[2636,3589],[2637,3589],[2638,3589],[2638,3590],[2639,3590],[2639,3589],[2640,3589],[2641,3589],[2641,3590],[2642,3590],[2642,3591],[2643,3591],[2644,3591],[2644,3592],[2645,3592],[2646,3592],[2647,3592],[2647,3593],[2648,3593],[2649,3593],[2649,3594],[2650,3594],[2651,3594],[2652,3594],[2652,3595],[2653,3595],[2654,3595],[2655,3595],[2655,3596],[2656,3596],[2656,3595],[2657,3595],[2657,3596],[2658,3596],[2658,3595],[2659,3595],[2659,3596],[2660,3596],[2661,3596],[2661,3597],[2662,3597],[2663,3597],[2664,3597],[2664,3598],[2665,3598],[2666,3598],[2667,3598],[2668,3598],[2668,3599],[2669,3599],[2669,3598],[2670,3598],[2670,3599],[2671,3599],[2672,3599],[2673,3599],[2673,3598],[2674,3598],[2675,3598],[2675,3599],[2676,3599],[2676,3600],[2677,3600],[2678,3600],[2678,3601],[2679,3601],[2679,3602],[2680,3602],[2680,3603],[2681,3603],[2682,3603],[2683,3603],[2684,3603],[2685,3603],[2685,3602],[2686,3602],[2686,3601],[2687,3601],[2687,3600],[2688,3600],[2688,3599],[2688,3598],[2688,3597],[2688,3596],[2688,3595],[2688,3594],[2688,3593],[2688,3592],[2688,3591],[2688,3590],[2688,3589],[2688,3588],[2688,3587],[2688,3586],[2688,3585],[2688,3584],[2687,3584],[2686,3584],[2685,3584],[2684,3584],[2683,3584],[2682,3584],[2681,3584],[2680,3584],[2679,3584],[2678,3584],[2677,3584],[2676,3584],[2675,3584],[2674,3584],[2673,3584],[2672,3584],[2671,3584],[2670,3584],[2669,3584],[2668,3584],[2667,3584],[2666,3584],[2665,3584],[2664,3584],[2663,3584],[2662,3584],[2661,3584],[2660,3584],[2659,3584],[2658,3584],[2657,3584],[2656,3584],[2655,3584],[2654,3584],[2653,3584],[2652,3584],[2651,3584],[2650,3584],[2649,3584],[2648,3584],[2647,3584],[2646,3584],[2645,3584],[2644,3584],[2643,3584],[2642,3584],[2641,3584],[2640,3584],[2639,3584],[2638,3584],[2637,3584],[2636,3584],[2635,3584],[2634,3584],[2633,3584],[2632,3584],[2631,3584],[2630,3584],[2629,3584],[2628,3584]]],[[[2688,3520],[2689,3520],[2690,3520],[2691,3520],[2692,3520],[2693,3520],[2694,3520],[2695,3520],[2696,3520],[2697,3520],[2698,3520],[2699,3520],[2700,3520],[2701,3520],[2702,3520],[2703,3520],[2704,3520],[2705,3520],[2706,3520],[2707,3520],[2708,3520],[2709,3520],[2710,3520],[2711,3520],[2712,3520],[2713,3520],[2714,3520],[2715,3520],[2716,3520],[2717,3520],[2718,3520],[2719,3520],[2720,3520],[2721,3520],[2722,3520],[2723,3520],[2724,3520],[2725,3520],[2726,3520],[2727,3520],[2728,3520],[2729,3520],[2730,3520],[2731,3520],[2732,3520],[2733,3520],[2734,3520],[2735,3520],[2736,3520],[2737,3520],[2738,3520],[2739,3520],[2740,3520],[2741,3520],[2742,3520],[2743,3520],[2744,3520],[2745,3520],[2746,3520],[2747,3520],[2748,3520],[2749,3520],[2750,3520],[2751,3520],[2752,3520],[2752,3521],[2752,3522],[2752,3523],[2752,3524],[2752,3525],[2752,3526],[2752,3527],[2752,3528],[2752,3529],[2752,3530],[2752,3531],[2752,3532],[2752,3533],[2752,3534],[2752,3535],[2752,3536],[2752,3537],[2752,3538],[2752,3539],[2752,3540],[2752,3541],[2752,3542],[2752,3543],[2752,3544],[2752,3545],[2752,3546],[2752,3547],[2752,3548],[2752,3549],[2752,3550],[2752,3551],[2752,3552],[2752,3553],[2752,3554],[2752,3555],[2752,3556],[2752,3557],[2752,3558],[2752,3559],[2752,3560],[2752,3561],[2752,3562],[2752,3563],[2752,3564],[2752,3565],[2752,3566],[2752,3567],[2752,3568],[2752,3569],[2752,3570],[2752,3571],[2752,3572],[2752,3573],[2752,3574],[2752,3575],[2752,3576],[2752,3577],[2752,3578],[2752,3579],[2752,3580],[2752,3581],[2752,3582],[2752,3583],[2752,3584],[2751,3584],[2750,3584],[2749,3584],[2748,3584],[2747,3584],[2746,3584],[2745,3584],[2744,3584],[2743,3584],[2742,3584],[2741,3584],[2740,3584],[2739,3584],[2738,3584],[2737,3584],[2736,3584],[2735,3584],[2734,3584],[2733,3584],[2732,3584],[2731,3584],[2730,3584],[2729,3584],[2728,3584],[2727,3584],[2726,3584],[2725,3584],[2724,3584],[2723,3584],[2722,3584],[2721,3584],[2720,3584],[2719,3584],[2718,3584],[2717,3584],[2716,3584],[2715,3584],[2714,3584],[2713,3584],[2712,3584],[2711,3584],[2710,3584],[2709,3584],[2708,3584],[2707,3584],[2706,3584],[2705,3584],[2704,3584],[2703,3584],[2702,3584],[2701,3584],[2700,3584],[2699,3584],[2698,3584],[2697,3584],[2696,3584],[2695,3584],[2694,3584],[2693,3584],[2692,3584],[2691,3584],[2690,3584],[2689,3584],[2688,3584],[2688,3583],[2688,3582],[2688,3581],[2688,3580],[2688,3579],[2688,3578],[2688,3577],[2688,3576],[2688,3575],[2688,3574],[2688,3573],[2688,3572],[2688,3571],[2688,3570],[2688,3569],[2688,3568],[2688,3567],[2688,3566],[2688,3565],[2688,3564],[2688,3563],[2688,3562],[2688,3561],[2688,3560],[2688,3559],[2688,3558],[2688,3557],[2688,3556],[2688,3555],[2688,3554],[2688,3553],[2688,3552],[2688,3551],[2688,3550],[2688,3549],[2688,3548],[2688,3547],[2688,3546],[2688,3545],[2688,3544],[2688,3543],[2688,3542],[2688,3541],[2688,3540],[2688,3539],[2688,3538],[2688,3537],[2688,3536],[2688,3535],[2688,3534],[2688,3533],[2688,3532],[2688,3531],[2688,3530],[2688,3529],[2688,3528],[2688,3527],[2688,3526],[2688,3525],[2688,3524],[2688,3523],[2688,3522],[2688,3521],[2688,3520]]],[[[2688,3520],[2688,3521],[2688,3522],[2688,3523],[2688,3524],[2688,3525],[2688,3526],[2688,3527],[2688,3528],[2688,3529],[2688,3530],[2688,3531],[2688,3532],[2688,3533],[2688,3534],[2688,3535],[2688,3536],[2688,3537],[2688,3538],[2688,3539],[2688,3540],[2688,3541],[2688,3542],[2688,3543],[2688,3544],[2688,3545],[2688,3546],[2688,3547],[2688,3548],[2688,3549],[2688,3550],[2688,3551],[2688,3552],[2688,3553],[2688,3554],[2688,3555],[2688,3556],[2688,3557],[2688,3558],[2688,3559],[2688,3560],[2688,3561],[2688,3562],[2688,3563],[2688,3564],[2688,3565],[2688,3566],[2688,3567],[2688,3568],[2688,3569],[2688,3570],[2688,3571],[2688,3572],[2688,3573],[2688,3574],[2688,3575],[2688,3576],[2688,3577],[2688,3578],[2688,3579],[2688,3580],[2688,3581],[2688,3582],[2688,3583],[2688,3584],[2689,3584],[2690,3584],[2691,3584],[2692,3584],[2693,3584],[2694,3584],[2695,3584],[2696,3584],[2697,3584],[2698,3584],[2699,3584],[2700,3584],[2701,3584],[2702,3584],[2703,3584],[2704,3584],[2705,3584],[2706,3584],[2707,3584],[2708,3584],[2709,3584],[2710,3584],[2711,3584],[2712,3584],[2713,3584],[2714,3584],[2715,3584],[2716,3584],[2717,3584],[2718,3584],[2719,3584],[2720,3584],[2721,3584],[2722,3584],[2723,3584],[2724,3584],[2725,3584],[2726,3584],[2727,3584],[2728,3584],[2729,3584],[2730,3584],[2731,3584],[2732,3584],[2733,3584],[2734,3584],[2735,3584],[2736,3584],[2737,3584],[2738,3584],[2739,3584],[2740,3584],[2741,3584],[2742,3584],[2743,3584],[2744,3584],[2745,3584],[2746,3584],[2747,3584],[2748,3584],[2749,3584],[2750,3584],[2751,3584],[2752,3584],[2752,3583],[2752,3582],[2752,3581],[2752,3580],[2752,3579],[2752,3578],[2752,3577],[2752,3576],[2752,3575],[2752,3574],[2752,3573],[2752,3572],[2752,3571],[2752,3570],[2752,3569],[2752,3568],[2752,3567],[2752,3566],[2752,3565],[2752,3564],[2752,3563],[2752,3562],[2752,3561],[2752,3560],[2752,3559],[2752,3558],[2752,3557],[2752,3556],[2752,3555],[2752,3554],[2752,3553],[2752,3552],[2752,3551],[2752,3550],[2752,3549],[2752,3548],[2752,3547],[2752,3546],[2752,3545],[2752,3544],[2752,3543],[2752,3542],[2752,3541],[2752,3540],[2752,3539],[2752,3538],[2752,3537],[2752,3536],[2752,3535],[2752,3534],[2752,3533],[2752,3532],[2752,3531],[2752,3530],[2752,3529],[2752,3528],[2752,3527],[2752,3526],[2752,3525],[2752,3524],[2752,3523],[2752,3522],[2752,3521],[2752,3520],[2751,3520],[2750,3520],[2749,3520],[2748,3520],[2747,3520],[2746,3520],[2745,3520],[2744,3520],[2743,3520],[2742,3520],[2741,3520],[2740,3520],[2739,3520],[2738,3520],[2737,3520],[2736,3520],[2735,3520],[2734,3520],[2733,3520],[2732,3520],[2731,3520],[2730,3520],[2729,3520],[2728,3520],[2727,3520],[2726,3520],[2725,3520],[2724,3520],[2723,3520],[2722,3520],[2721,3520],[2720,3520],[2719,3520],[2718,3520],[2717,3520],[2716,3520],[2715,3520],[2714,3520],[2713,3520],[2712,3520],[2711,3520],[2710,3520],[2709,3520],[2708,3520],[2707,3520],[2706,3520],[2705,3520],[2704,3520],[2703,3520],[2702,3520],[2701,3520],[2700,3520],[2699,3520],[2698,3520],[2697,3520],[2696,3520],[2695,3520],[2694,3520],[2693,3520],[2692,3520],[2691,3520],[2690,3520],[2689,3520],[2688,3520]]],[[[2688,3584],[2689,3584],[2690,3584],[2691,3584],[2692,3584],[2693,3584],[2694,3584],[2695,3584],[2696,3584],[2697,3584],[2698,3584],[2699,3584],[2700,3584],[2701,3584],[2702,3584],[2703,3584],[2704,3584],[2705,3584],[2706,3584],[2707,3584],[2708,3584],[2709,3584],[2710,3584],[2711,3584],[2712,3584],[2713,3584],[2714,3584],[2715,3584],[2716,3584],[2717,3584],[2718,3584],[2719,3584],[2720,3584],[2721,3584],[2722,3584],[2723,3584],[2724,3584],[2725,3584],[2726,3584],[2727,3584],[2728,3584],[2729,3584],[2730,3584],[2731,3584],[2732,3584],[2733,3584],[2734,3584],[2735,3584],[2736,3584],[2737,3584],[2738,3584],[2739,3584],[2740,3584],[2741,3584],[2742,3584],[2743,3584],[2744,3584],[2745,3584],[2746,3584],[2747,3584],[2748,3584],[2749,3584],[2750,3584],[2751,3584],[2752,3584],[2752,3585],[2752,3586],[2752,3587],[2752,3588],[2752,3589],[2751,3589],[2751,3588],[2750,3588],[2750,3589],[2749,3589],[2749,3588],[2748,3588],[2747,3588],[2746,3588],[2746,3587],[2745,3587],[2744,3587],[2743,3587],[2742,3587],[2741,3587],[2741,3588],[2740,3588],[2740,3589],[2739,3589],[2739,3590],[2738,3590],[2738,3591],[2737,3591],[2736,3591],[2735,3591],[2734,3591],[2733,3591],[2732,3591],[2731,3591],[2730,3591],[2730,3592],[2729,3592],[2728,3592],[2727,3592],[2727,3593],[2726,3593],[2725,3593],[2725,3594],[2724,3594],[2723,3594],[2723,3595],[2722,3595],[2721,3595],[2720,3595],[2720,3596],[2719,3596],[2719,3595],[2718,3595],[2717,3595],[2717,3596],[2716,3596],[2716,3595],[2715,3595],[2714,3595],[2713,3595],[2712,3595],[2712,3596],[2711,3596],[2711,3595],[2710,3595],[2709,3595],[2708,3595],[2708,3594],[2707,3594],[2707,3595],[2706,3595],[2705,3595],[2704,3595],[2704,3596],[2703,3596],[2702,3596],[2702,3595],[2701,3595],[2700,3595],[2700,3596],[2699,3596],[2698,3596],[2697,3596],[2697,3597],[2696,3597],[2696,3596],[2695,3596],[2694,3596],[2693,3596],[2693,3597],[2692,3597],[2692,3596],[2691,3596],[2690,3596],[2690,3597],[2689,3597],[2688,3597],[2688,3596],[2688,3595],[2688,3594],[2688,3593],[2688,3592],[2688,3591],[2688,3590],[2688,3589],[2688,3588],[2688,3587],[2688,3586],[2688,3585],[2688,3584]]],[[[2688,3584],[2688,3585],[2688,3586],[2688,3587],[2688,3588],[2688,3589],[2688,3590],[2688,3591],[2688,3592],[2688,3593],[2688,3594],[2688,3595],[2688,3596],[2688,3597],[2689,3597],[2690,3597],[2690,3596],[2691,3596],[2692,3596],[2692,3597],[2693,3597],[2693,3596],[2694,3596],[2695,3596],[2696,3596],[2696,3597],[2697,3597],[2697,3596],[2698,3596],[2699,3596],[2700,3596],[2700,3595],[2701,3595],[2702,3595],[2702,3596],[2703,3596],[2704,3596],[2704,3595],[2705,3595],[2706,3595],[2707,3595],[2707,3594],[2708,3594],[2708,3595],[2709,3595],[2710,3595],[2711,3595],[2711,3596],[2712,3596],[2712,3595],[2713,3595],[2714,3595],[2715,3595],[2716,3595],[2716,3596],[2717,3596],[2717,3595],[2718,3595],[2719,3595],[2719,3596],[2720,3596],[2720,3595],[2721,3595],[2722,3595],[2723,3595],[2723,3594],[2724,3594],[2725,3594],[2725,3593],[2726,3593],[2727,3593],[2727,3592],[2728,3592],[2729,3592],[2730,3592],[2730,3591],[2731,3591],[2732,3591],[2733,3591],[2734,3591],[2735,3591],[2736,3591],[2737,3591],[2738,3591],[2738,3590],[2739,3590],[2739,3589],[2740,3589],[2740,3588],[2741,3588],[2741,3587],[2742,3587],[2743,3587],[2744,3587],[2745,3587],[2746,3587],[2746,3588],[2747,3588],[2748,3588],[2749,3588],[2749,3589],[2750,3589],[2750,3588],[2751,3588],[2751,3589],[2752,3589],[2752,3588],[2752,3587],[2752,3586],[2752,3585],[2752,3584],[2751,3584],[2750,3584],[2749,3584],[2748,3584],[2747,3584],[2746,3584],[2745,3584],[2744,3584],[2743,3584],[2742,3584],[2741,3584],[2740,3584],[2739,3584],[2738,3584],[2737,3584],[2736,3584],[2735,3584],[2734,3584],[2733,3584],[2732,3584],[2731,3584],[2730,3584],[2729,3584],[2728,3584],[2727,3584],[2726,3584],[2725,3584],[2724,3584],[2723,3584],[2722,3584],[2721,3584],[2720,3584],[2719,3584],[2718,3584],[2717,3584],[2716,3584],[2715,3584],[2714,3584],[2713,3584],[2712,3584],[2711,3584],[2710,3584],[2709,3584],[2708,3584],[2707,3584],[2706,3584],[2705,3584],[2704,3584],[2703,3584],[2702,3584],[2701,3584],[2700,3584],[2699,3584],[2698,3584],[2697,3584],[2696,3584],[2695,3584],[2694,3584],[2693,3584],[2692,3584],[2691,3584],[2690,3584],[2689,3584],[2688,3584]]],[[[2752,3520],[2753,3520],[2754,3520],[2755,3520],[2756,3520],[2757,3520],[2758,3520],[2759,3520],[2760,3520],[2761,3520],[2762,3520],[2763,3520],[2764,3520],[2765,3520],[2766,3520],[2767,3520],[2768,3520],[2769,3520],[2770,3520],[2771,3520],[2772,3520],[2773,3520],[2774,3520],[2775,3520],[2776,3520],[2777,3520],[2778,3520],[2779,3520],[2780,3520],[2781,3520],[2782,3520],[2783,3520],[2784,3520],[2785,3520],[2786,3520],[2787,3520],[2788,3520],[2789,3520],[2790,3520],[2791,3520],[2792,3520],[2793,3520],[2794,3520],[2795,3520],[2796,3520],[2797,3520],[2798,3520],[2799,3520],[2800,3520],[2801,3520],[2802,3520],[2803,3520],[2804,3520],[2805,3520],[2806,3520],[2807,3520],[2808,3520],[2809,3520],[2810,3520],[2811,3520],[2812,3520],[2813,3520],[2814,3520],[2815,3520],[2816,3520],[2816,3521],[2816,3522],[2816,3523],[2816,3524],[2816,3525],[2816,3526],[2816,3527],[2816,3528],[2816,3529],[2816,3530],[2816,3531],[2816,3532],[2816,3533],[2816,3534],[2816,3535],[2816,3536],[2816,3537],[2816,3538],[2816,3539],[2816,3540],[2816,3541],[2816,3542],[2816,3543],[2816,3544],[2816,3545],[2816,3546],[2816,3547],[2816,3548],[2816,3549],[2816,3550],[2815,3550],[2815,3551],[2814,3551],[2814,3552],[2813,3552],[2813,3553],[2813,3554],[2813,3555],[2813,3556],[2813,3557],[2813,3558],[2813,3559],[2813,3560],[2813,3561],[2813,3562],[2814,3562],[2814,3563],[2815,3563],[2815,3564],[2816,3564],[2816,3565],[2816,3566],[2816,3567],[2816,3568],[2816,3569],[2816,3570],[2816,3571],[2816,3572],[2816,3573],[2816,3574],[2816,3575],[2816,3576],[2816,3577],[2816,3578],[2816,3579],[2816,3580],[2816,3581],[2816,3582],[2816,3583],[2816,3584],[2815,3584],[2814,3584],[2813,3584],[2812,3584],[2811,3584],[2810,3584],[2809,3584],[2808,3584],[2807,3584],[2806,3584],[2805,3584],[2804,3584],[2803,3584],[2802,3584],[2801,3584],[2800,3584],[2799,3584],[2798,3584],[2797,3584],[2796,3584],[2795,3584],[2794,3584],[2793,3584],[2792,3584],[2791,3584],[2790,3584],[2789,3584],[2788,3584],[2787,3584],[2786,3584],[2785,3584],[2784,3584],[2783,3584],[2782,3584],[2781,3584],[2780,3584],[2779,3584],[2778,3584],[2777,3584],[2776,3584],[2775,3584],[2774,3584],[2773,3584],[2772,3584],[2771,3584],[2770,3584],[2769,3584],[2768,3584],[2767,3584],[2766,3584],[2765,3584],[2764,3584],[2763,3584],[2762,3584],[2761,3584],[2760,3584],[2759,3584],[2758,3584],[2757,3584],[2756,3584],[2755,3584],[2754,3584],[2753,3584],[2752,3584],[2752,3583],[2752,3582],[2752,3581],[2752,3580],[2752,3579],[2752,3578],[2752,3577],[2752,3576],[2752,3575],[2752,3574],[2752,3573],[2752,3572],[2752,3571],[2752,3570],[2752,3569],[2752,3568],[2752,3567],[2752,3566],[2752,3565],[2752,3564],[2752,3563],[2752,3562],[2752,3561],[2752,3560],[2752,3559],[2752,3558],[2752,3557],[2752,3556],[2752,3555],[2752,3554],[2752,3553],[2752,3552],[2752,3551],[2752,3550],[2752,3549],[2752,3548],[2752,3547],[2752,3546],[2752,3545],[2752,3544],[2752,3543],[2752,3542],[2752,3541],[2752,3540],[2752,3539],[2752,3538],[2752,3537],[2752,3536],[2752,3535],[2752,3534],[2752,3533],[2752,3532],[2752,3531],[2752,3530],[2752,3529],[2752,3528],[2752,3527],[2752,3526],[2752,3525],[2752,3524],[2752,3523],[2752,3522],[2752,3521],[2752,3520]]],[[[2752,3520],[2752,3521],[2752,3522],[2752,3523],[2752,3524],[2752,3525],[2752,3526],[2752,3527],[2752,3528],[2752,3529],[2752,3530],[2752,3531],[2752,3532],[2752,3533],[2752,3534],[2752,3535],[2752,3536],[2752,3537],[2752,3538],[2752,3539],[2752,3540],[2752,3541],[2752,3542],[2752,3543],[2752,3544],[2752,3545],[2752,3546],[2752,3547],[2752,3548],[2752,3549],[2752,3550],[2752,3551],[2752,3552],[2752,3553],[2752,3554],[2752,3555],[2752,3556],[2752,3557],[2752,3558],[2752,3559],[2752,3560],[2752,3561],[2752,3562],[2752,3563],[2752,3564],[2752,3565],[2752,3566],[2752,3567],[2752,3568],[2752,3569],[2752,3570],[2752,3571],[2752,3572],[2752,3573],[2752,3574],[2752,3575],[2752,3576],[2752,3577],[2752,3578],[2752,3579],[2752,3580],[2752,3581],[2752,3582],[2752,3583],[2752,3584],[2753,3584],[2754,3584],[2755,3584],[2756,3584],[2757,3584],[2758,3584],[2759,3584],[2760,3584],[2761,3584],[2762,3584],[2763,3584],[2764,3584],[2765,3584],[2766,3584],[2767,3584],[2768,3584],[2769,3584],[2770,3584],[2771,3584],[2772,3584],[2773,3584],[2774,3584],[2775,3584],[2776,3584],[2777,3584],[2778,3584],[2779,3584],[2780,3584],[2781,3584],[2782,3584],[2783,3584],[2784,3584],[2785,3584],[2786,3584],[2787,3584],[2788,3584],[2789,3584],[2790,3584],[2791,3584],[2792,3584],[2793,3584],[2794,3584],[2795,3584],[2796,3584],[2797,3584],[2798,3584],[2799,3584],[2800,3584],[2801,3584],[2802,3584],[2803,3584],[2804,3584],[2805,3584],[2806,3584],[2807,3584],[2808,3584],[2809,3584],[2810,3584],[2811,3584],[2812,3584],[2813,3584],[2814,3584],[2815,3584],[2816,3584],[2816,3583],[2816,3582],[2816,3581],[2816,3580],[2816,3579],[2816,3578],[2816,3577],[2816,3576],[2816,3575],[2816,3574],[2816,3573],[2816,3572],[2816,3571],[2816,3570],[2816,3569],[2816,3568],[2816,3567],[2816,3566],[2816,3565],[2816,3564],[2815,3564],[2815,3563],[2814,3563],[2814,3562],[2813,3562],[2813,3561],[2813,3560],[2813,3559],[2813,3558],[2813,3557],[2813,3556],[2813,3555],[2813,3554],[2813,3553],[2813,3552],[2814,3552],[2814,3551],[2815,3551],[2815,3550],[2816,3550],[2816,3549],[2816,3548],[2816,3547],[2816,3546],[2816,3545],[2816,3544],[2816,3543],[2816,3542],[2816,3541],[2816,3540],[2816,3539],[2816,3538],[2816,3537],[2816,3536],[2816,3535],[2816,3534],[2816,3533],[2816,3532],[2816,3531],[2816,3530],[2816,3529],[2816,3528],[2816,3527],[2816,3526],[2816,3525],[2816,3524],[2816,3523],[2816,3522],[2816,3521],[2816,3520],[2815,3520],[2814,3520],[2813,3520],[2812,3520],[2811,3520],[2810,3520],[2809,3520],[2808,3520],[2807,3520],[2806,3520],[2805,3520],[2804,3520],[2803,3520],[2802,3520],[2801,3520],[2800,3520],[2799,3520],[2798,3520],[2797,3520],[2796,3520],[2795,3520],[2794,3520],[2793,3520],[2792,3520],[2791,3520],[2790,3520],[2789,3520],[2788,3520],[2787,3520],[2786,3520],[2785,3520],[2784,3520],[2783,3520],[2782,3520],[2781,3520],[2780,3520],[2779,3520],[2778,3520],[2777,3520],[2776,3520],[2775,3520],[2774,3520],[2773,3520],[2772,3520],[2771,3520],[2770,3520],[2769,3520],[2768,3520],[2767,3520],[2766,3520],[2765,3520],[2764,3520],[2763,3520],[2762,3520],[2761,3520],[2760,3520],[2759,3520],[2758,3520],[2757,3520],[2756,3520],[2755,3520],[2754,3520],[2753,3520],[2752,3520]]],[[[2752,3584],[2753,3584],[2754,3584],[2755,3584],[2756,3584],[2757,3584],[2758,3584],[2759,3584],[2760,3584],[2760,3585],[2760,3586],[2760,3587],[2759,3587],[2759,3588],[2758,3588],[2758,3589],[2757,3589],[2757,3590],[2756,3590],[2755,3590],[2754,3590],[2753,3590],[2752,3590],[2752,3589],[2752,3588],[2752,3587],[2752,3586],[2752,3585],[2752,3584]]],[[[2752,3584],[2752,3585],[2752,3586],[2752,3587],[2752,3588],[2752,3589],[2752,3590],[2753,3590],[2754,3590],[2755,3590],[2756,3590],[2757,3590],[2757,3589],[2758,3589],[2758,3588],[2759,3588],[2759,3587],[2760,3587],[2760,3586],[2760,3585],[2760,3584],[2759,3584],[2758,3584],[2757,3584],[2756,3584],[2755,3584],[2754,3584],[2753,3584],[2752,3584]]],[[[2816,3392],[2817,3392],[2818,3392],[2819,3392],[2820,3392],[2821,3392],[2822,3392],[2823,3392],[2824,3392],[2825,3392],[2826,3392],[2827,3392],[2828,3392],[2829,3392],[2830,3392],[2831,3392],[2832,3392],[2833,3392],[2834,3392],[2835,3392],[2836,3392],[2837,3392],[2838,3392],[2839,3392],[2840,3392],[2841,3392],[2842,3392],[2843,3392],[2844,3392],[2845,3392],[2846,3392],[2847,3392],[2848,3392],[2849,3392],[2850,3392],[2851,3392],[2852,3392],[2853,3392],[2854,3392],[2855,3392],[2856,3392],[2857,3392],[2858,3392],[2859,3392],[2860,3392],[2861,3392],[2862,3392],[2863,3392],[2864,3392],[2865,3392],[2866,3392],[2867,3392],[2868,3392],[2869,3392],[2870,3392],[2871,3392],[2872,3392],[2873,3392],[2873,3393],[2873,3394],[2873,3395],[2873,3396],[2873,3397],[2872,3397],[2872,3398],[2873,3398],[2873,3399],[2873,3400],[2873,3401],[2872,3401],[2872,3402],[2872,3403],[2872,3404],[2872,3405],[2872,3406],[2872,3407],[2872,3408],[2872,3409],[2872,3410],[2871,3410],[2871,3411],[2871,3412],[2871,3413],[2870,3413],[2870,3414],[2870,3415],[2870,3416],[2870,3417],[2870,3418],[2869,3418],[2869,3419],[2870,3419],[2870,3420],[2870,3421],[2870,3422],[2870,3423],[2870,3424],[2871,3424],[2871,3425],[2871,3426],[2872,3426],[2872,3427],[2872,3428],[2873,3428],[2873,3429],[2874,3429],[2874,3430],[2875,3430],[2875,3431],[2876,3431],[2877,3431],[2877,3432],[2878,3432],[2879,3432],[2879,3433],[2880,3433],[2880,3434],[2880,3435],[2880,3436],[2880,3437],[2880,3438],[2880,3439],[2880,3440],[2880,3441],[2880,3442],[2880,3443],[2880,3444],[2880,3445],[2880,3446],[2880,3447],[2880,3448],[2880,3449],[2880,3450],[2880,3451],[2880,3452],[2880,3453],[2880,3454],[2880,3455],[2880,3456],[2879,3456],[2878,3456],[2877,3456],[2876,3456],[2875,3456],[2874,3456],[2873,3456],[2872,3456],[2871,3456],[2870,3456],[2869,3456],[2868,3456],[2867,3456],[2866,3456],[2865,3456],[2864,3456],[2863,3456],[2862,3456],[2861,3456],[2860,3456],[2859,3456],[2858,3456],[2857,3456],[2856,3456],[2855,3456],[2854,3456],[2853,3456],[2852,3456],[2851,3456],[2850,3456],[2849,3456],[2848,3456],[2847,3456],[2846,3456],[2845,3456],[2844,3456],[2843,3456],[2842,3456],[2841,3456],[2840,3456],[2839,3456],[2838,3456],[2837,3456],[2836,3456],[2835,3456],[2834,3456],[2833,3456],[2832,3456],[2831,3456],[2830,3456],[2829,3456],[2828,3456],[2827,3456],[2826,3456],[2825,3456],[2824,3456],[2823,3456],[2822,3456],[2821,3456],[2820,3456],[2819,3456],[2818,3456],[2817,3456],[2816,3456],[2816,3455],[2816,3454],[2816,3453],[2816,3452],[2816,3451],[2816,3450],[2816,3449],[2816,3448],[2816,3447],[2816,3446],[2816,3445],[2816,3444],[2816,3443],[2816,3442],[2816,3441],[2816,3440],[2816,3439],[2816,3438],[2816,3437],[2816,3436],[2816,3435],[2816,3434],[2816,3433],[2816,3432],[2816,3431],[2816,3430],[2816,3429],[2816,3428],[2816,3427],[2816,3426],[2816,3425],[2816,3424],[2816,3423],[2816,3422],[2816,3421],[2816,3420],[2816,3419],[2816,3418],[2816,3417],[2816,3416],[2816,3415],[2816,3414],[2816,3413],[2816,3412],[2816,3411],[2816,3410],[2816,3409],[2816,3408],[2816,3407],[2816,3406],[2816,3405],[2816,3404],[2816,3403],[2816,3402],[2816,3401],[2816,3400],[2816,3399],[2816,3398],[2816,3397],[2816,3396],[2816,3395],[2816,3394],[2816,3393],[2816,3392]]],[[[2816,3392],[2816,3393],[2816,3394],[2816,3395],[2816,3396],[2816,3397],[2816,3398],[2816,3399],[2816,3400],[2816,3401],[2816,3402],[2816,3403],[2816,3404],[2816,3405],[2816,3406],[2816,3407],[2816,3408],[2816,3409],[2816,3410],[2816,3411],[2816,3412],[2816,3413],[2816,3414],[2816,3415],[2816,3416],[2816,3417],[2816,3418],[2816,3419],[2816,3420],[2816,3421],[2816,3422],[2816,3423],[2816,3424],[2816,3425],[2816,3426],[2816,3427],[2816,3428],[2816,3429],[2816,3430],[2816,3431],[2816,3432],[2816,3433],[2816,3434],[2816,3435],[2816,3436],[2816,3437],[2816,3438],[2816,3439],[2816,3440],[2816,3441],[2816,3442],[2816,3443],[2816,3444],[2816,3445],[2816,3446],[2816,3447],[2816,3448],[2816,3449],[2816,3450],[2816,3451],[2816,3452],[2816,3453],[2816,3454],[2816,3455],[2816,3456],[2817,3456],[2818,3456],[2819,3456],[2820,3456],[2821,3456],[2822,3456],[2823,3456],[2824,3456],[2825,3456],[2826,3456],[2827,3456],[2828,3456],[2829,3456],[2830,3456],[2831,3456],[2832,3456],[2833,3456],[2834,3456],[2835,3456],[2836,3456],[2837,3456],[2838,3456],[2839,3456],[2840,3456],[2841,3456],[2842,3456],[2843,3456],[2844,3456],[2845,3456],[2846,3456],[2847,3456],[2848,3456],[2849,3456],[2850,3456],[2851,3456],[2852,3456],[2853,3456],[2854,3456],[2855,3456],[2856,3456],[2857,3456],[2858,3456],[2859,3456],[2860,3456],[2861,3456],[2862,3456],[2863,3456],[2864,3456],[2865,3456],[2866,3456],[2867,3456],[2868,3456],[2869,3456],[2870,3456],[2871,3456],[2872,3456],[2873,3456],[2874,3456],[2875,3456],[2876,3456],[2877,3456],[2878,3456],[2879,3456],[2880,3456],[2880,3455],[2880,3454],[2880,3453],[2880,3452],[2880,3451],[2880,3450],[2880,3449],[2880,3448],[2880,3447],[2880,3446],[2880,3445],[2880,3444],[2880,3443],[2880,3442],[2880,3441],[2880,3440],[2880,3439],[2880,3438],[2880,3437],[2880,3436],[2880,3435],[2880,3434],[2880,3433],[2879,3433],[2879,3432],[2878,3432],[2877,3432],[2877,3431],[2876,3431],[2875,3431],[2875,3430],[2874,3430],[2874,3429],[2873,3429],[2873,3428],[2872,3428],[2872,3427],[2872,3426],[2871,3426],[2871,3425],[2871,3424],[2870,3424],[2870,3423],[2870,3422],[2870,3421],[2870,3420],[2870,3419],[2869,3419],[2869,3418],[2870,3418],[2870,3417],[2870,3416],[2870,3415],[2870,3414],[2870,3413],[2871,3413],[2871,3412],[2871,3411],[2871,3410],[2872,3410],[2872,3409],[2872,3408],[2872,3407],[2872,3406],[2872,3405],[2872,3404],[2872,3403],[2872,3402],[2872,3401],[2873,3401],[2873,3400],[2873,3399],[2873,3398],[2872,3398],[2872,3397],[2873,3397],[2873,3396],[2873,3395],[2873,3394],[2873,3393],[2873,3392],[2872,3392],[2871,3392],[2870,3392],[2869,3392],[2868,3392],[2867,3392],[2866,3392],[2865,3392],[2864,3392],[2863,3392],[2862,3392],[2861,3392],[2860,3392],[2859,3392],[2858,3392],[2857,3392],[2856,3392],[2855,3392],[2854,3392],[2853,3392],[2852,3392],[2851,3392],[2850,3392],[2849,3392],[2848,3392],[2847,3392],[2846,3392],[2845,3392],[2844,3392],[2843,3392],[2842,3392],[2841,3392],[2840,3392],[2839,3392],[2838,3392],[2837,3392],[2836,3392],[2835,3392],[2834,3392],[2833,3392],[2832,3392],[2831,3392],[2830,3392],[2829,3392],[2828,3392],[2827,3392],[2826,3392],[2825,3392],[2824,3392],[2823,3392],[2822,3392],[2821,3392],[2820,3392],[2819,3392],[2818,3392],[2817,3392],[2816,3392]]],[[[2816,3456],[2817,3456],[2818,3456],[2819,3456],[2820,3456],[2821,3456],[2822,3456],[2823,3456],[2824,3456],[2825,3456],[2826,3456],[2827,3456],[2828,3456],[2829,3456],[2830,3456],[2831,3456],[2832,3456],[2833,3456],[2834,3456],[2835,3456],[2836,3456],[2837,3456],[2838,3456],[2839,3456],[2840,3456],[2841,3456],[2842,3456],[2843,3456],[2844,3456],[2845,3456],[2846,3456],[2847,3456],[2848,3456],[2849,3456],[2850,3456],[2851,3456],[2852,3456],[2853,3456],[2854,3456],[2855,3456],[2856,3456],[2857,3456],[2858,3456],[2859,3456],[2860,3456],[2861,3456],[2862,3456],[2863,3456],[2864,3456],[2865,3456],[2866,3456],[2867,3456],[2868,3456],[2869,3456],[2870,3456],[2871,3456],[2872,3456],[2873,3456],[2874,3456],[2875,3456],[2876,3456],[2877,3456],[2878,3456],[2879,3456],[2880,3456],[2880,3457],[2880,3458],[2880,3459],[2880,3460],[2880,3461],[2880,3462],[2879,3462],[2879,3463],[2879,3464],[2878,3464],[2878,3465],[2878,3466],[2877,3466],[2877,3467],[2877,3468],[2877,3469],[2877,3470],[2876,3470],[2876,3471],[2875,3471],[2875,3472],[2874,3472],[2874,3473],[2874,3474],[2873,3474],[2873,3475],[2873,3476],[2872,3476],[2872,3477],[2872,3478],[2872,3479],[2872,3480],[2872,3481],[2871,3481],[2871,3482],[2872,3482],[2872,3483],[2872,3484],[2872,3485],[2872,3486],[2872,3487],[2873,3487],[2873,3488],[2873,3489],[2874,3489],[2874,3490],[2874,3491],[2875,3491],[2875,3492],[2876,3492],[2876,3493],[2877,3493],[2877,3494],[2878,3494],[2879,3494],[2879,3495],[2880,3495],[2880,3496],[2880,3497],[2880,3498],[2880,3499],[2880,3500],[2880,3501],[2880,3502],[2880,3503],[2880,3504],[2880,3505],[2880,3506],[2880,3507],[2880,3508],[2880,3509],[2880,3510],[2880,3511],[2880,3512],[2880,3513],[2880,3514],[2880,3515],[2879,3515],[2879,3516],[2878,3516],[2877,3516],[2877,3517],[2876,3517],[2876,3518],[2875,3518],[2875,3519],[2874,3519],[2874,3520],[2873,3520],[2872,3520],[2871,3520],[2870,3520],[2869,3520],[2868,3520],[2867,3520],[2866,3520],[2865,3520],[2864,3520],[2863,3520],[2862,3520],[2861,3520],[2860,3520],[2859,3520],[2858,3520],[2857,3520],[2856,3520],[2855,3520],[2854,3520],[2853,3520],[2852,3520],[2851,3520],[2850,3520],[2849,3520],[2848,3520],[2847,3520],[2846,3520],[2845,3520],[2844,3520],[2843,3520],[2842,3520],[2841,3520],[2840,3520],[2839,3520],[2838,3520],[2837,3520],[2836,3520],[2835,3520],[2834,3520],[2833,3520],[2832,3520],[2831,3520],[2830,3520],[2829,3520],[2828,3520],[2827,3520],[2826,3520],[2825,3520],[2824,3520],[2823,3520],[2822,3520],[2821,3520],[2820,3520],[2819,3520],[2818,3520],[2817,3520],[2816,3520],[2816,3519],[2816,3518],[2816,3517],[2816,3516],[2816,3515],[2816,3514],[2816,3513],[2816,3512],[2816,3511],[2816,3510],[2816,3509],[2816,3508],[2816,3507],[2816,3506],[2816,3505],[2816,3504],[2816,3503],[2816,3502],[2816,3501],[2816,3500],[2816,3499],[2816,3498],[2816,3497],[2816,3496],[2816,3495],[2816,3494],[2816,3493],[2816,3492],[2816,3491],[2816,3490],[2816,3489],[2816,3488],[2816,3487],[2816,3486],[2816,3485],[2816,3484],[2816,3483],[2816,3482],[2816,3481],[2816,3480],[2816,3479],[2816,3478],[2816,3477],[2816,3476],[2816,3475],[2816,3474],[2816,3473],[2816,3472],[2816,3471],[2816,3470],[2816,3469],[2816,3468],[2816,3467],[2816,3466],[2816,3465],[2816,3464],[2816,3463],[2816,3462],[2816,3461],[2816,3460],[2816,3459],[2816,3458],[2816,3457],[2816,3456]]],[[[2816,3456],[2816,3457],[2816,3458],[2816,3459],[2816,3460],[2816,3461],[2816,3462],[2816,3463],[2816,3464],[2816,3465],[2816,3466],[2816,3467],[2816,3468],[2816,3469],[2816,3470],[2816,3471],[2816,3472],[2816,3473],[2816,3474],[2816,3475],[2816,3476],[2816,3477],[2816,3478],[2816,3479],[2816,3480],[2816,3481],[2816,3482],[2816,3483],[2816,3484],[2816,3485],[2816,3486],[2816,3487],[2816,3488],[2816,3489],[2816,3490],[2816,3491],[2816,3492],[2816,3493],[2816,3494],[2816,3495],[2816,3496],[2816,3497],[2816,3498],[2816,3499],[2816,3500],[2816,3501],[2816,3502],[2816,3503],[2816,3504],[2816,3505],[2816,3506],[2816,3507],[2816,3508],[2816,3509],[2816,3510],[2816,3511],[2816,3512],[2816,3513],[2816,3514],[2816,3515],[2816,3516],[2816,3517],[2816,3518],[2816,3519],[2816,3520],[2817,3520],[2818,3520],[2819,3520],[2820,3520],[2821,3520],[2822,3520],[2823,3520],[2824,3520],[2825,3520],[2826,3520],[2827,3520],[2828,3520],[2829,3520],[2830,3520],[2831,3520],[2832,3520],[2833,3520],[2834,3520],[2835,3520],[2836,3520],[2837,3520],[2838,3520],[2839,3520],[2840,3520],[2841,3520],[2842,3520],[2843,3520],[2844,3520],[2845,3520],[2846,3520],[2847,3520],[2848,3520],[2849,3520],[2850,3520],[2851,3520],[2852,3520],[2853,3520],[2854,3520],[2855,3520],[2856,3520],[2857,3520],[2858,3520],[2859,3520],[2860,3520],[2861,3520],[2862,3520],[2863,3520],[2864,3520],[2865,3520],[2866,3520],[2867,3520],[2868,3520],[2869,3520],[2870,3520],[2871,3520],[2872,3520],[2873,3520],[2874,3520],[2874,3519],[2875,3519],[2875,3518],[2876,3518],[2876,3517],[2877,3517],[2877,3516],[2878,3516],[2879,3516],[2879,3515],[2880,3515],[2880,3514],[2880,3513],[2880,3512],[2880,3511],[2880,3510],[2880,3509],[2880,3508],[2880,3507],[2880,3506],[2880,3505],[2880,3504],[2880,3503],[2880,3502],[2880,3501],[2880,3500],[2880,3499],[2880,3498],[2880,3497],[2880,3496],[2880,3495],[2879,3495],[2879,3494],[2878,3494],[2877,3494],[2877,3493],[2876,3493],[2876,3492],[2875,3492],[2875,3491],[2874,3491],[2874,3490],[2874,3489],[2873,3489],[2873,3488],[2873,3487],[2872,3487],[2872,3486],[2872,3485],[2872,3484],[2872,3483],[2872,3482],[2871,3482],[2871,3481],[2872,3481],[2872,3480],[2872,3479],[2872,3478],[2872,3477],[2872,3476],[2873,3476],[2873,3475],[2873,3474],[2874,3474],[2874,3473],[2874,3472],[2875,3472],[2875,3471],[2876,3471],[2876,3470],[2877,3470],[2877,3469],[2877,3468],[2877,3467],[2877,3466],[2878,3466],[2878,3465],[2878,3464],[2879,3464],[2879,3463],[2879,3462],[2880,3462],[2880,3461],[2880,3460],[2880,3459],[2880,3458],[2880,3457],[2880,3456],[2879,3456],[2878,3456],[2877,3456],[2876,3456],[2875,3456],[2874,3456],[2873,3456],[2872,3456],[2871,3456],[2870,3456],[2869,3456],[2868,3456],[2867,3456],[2866,3456],[2865,3456],[2864,3456],[2863,3456],[2862,3456],[2861,3456],[2860,3456],[2859,3456],[2858,3456],[2857,3456],[2856,3456],[2855,3456],[2854,3456],[2853,3456],[2852,3456],[2851,3456],[2850,3456],[2849,3456],[2848,3456],[2847,3456],[2846,3456],[2845,3456],[2844,3456],[2843,3456],[2842,3456],[2841,3456],[2840,3456],[2839,3456],[2838,3456],[2837,3456],[2836,3456],[2835,3456],[2834,3456],[2833,3456],[2832,3456],[2831,3456],[2830,3456],[2829,3456],[2828,3456],[2827,3456],[2826,3456],[2825,3456],[2824,3456],[2823,3456],[2822,3456],[2821,3456],[2820,3456],[2819,3456],[2818,3456],[2817,3456],[2816,3456]]]]}},{"type":"Feature","properties":{"areaId":5,"name":"Morytania","tileCount":482764,"partCount":149},"geometry":{"type":"MultiPolygon","coordinates":[[[[2304,5888],[2368,5888],[2368,5952],[2304,5952],[2304,5888]]],[[[2304,5952],[2368,5952],[2368,6016],[2304,6016],[2304,5952]]],[[[2304,6016],[2368,6016],[2368,6080],[2304,6080],[2304,6016]]],[[[2304,6080],[2368,6080],[2368,6144],[2304,6144],[2304,6080]]],[[[2368,5888],[2432,5888],[2432,5952],[2368,5952],[2368,5888]]],[[[2368,5952],[2432,5952],[2432,6016],[2368,6016],[2368,5952]]],[[[2368,6016],[2432,6016],[2432,6080],[2368,6080],[2368,6016]]],[[[2368,6080],[2432,6080],[2432,6144],[2368,6144],[2368,6080]]],[[[2432,5888],[2496,5888],[2496,5952],[2432,5952],[2432,5888]]],[[[2432,5952],[2496,5952],[2496,6016],[2432,6016],[2432,5952]]],[[[2432,6016],[2496,6016],[2496,6080],[2432,6080],[2432,6016]]],[[[2432,6080],[2496,6080],[2496,6144],[2432,6144],[2432,6080]]],[[[2496,5888],[2560,5888],[2560,5952],[2496,5952],[2496,5888]]],[[[2496,5952],[2560,5952],[2560,6016],[2496,6016],[2496,5952]]],[[[2496,6016],[2560,6016],[2560,6080],[2496,6080],[2496,6016]]],[[[2496,6080],[2560,6080],[2560,6144],[2496,6144],[2496,6080]]],[[[3392,3392],[3456,3392],[3456,3456],[3392,3456],[3392,3392]]],[[[3392,3648],[3456,3648],[3456,3712],[3392,3712],[3392,3648]]],[[[3392,9664],[3456,9664],[3456,9728],[3392,9728],[3392,9664]]],[[[3392,9728],[3456,9728],[3456,9792],[3392,9792],[3392,9728]]],[[[3392,9792],[3456,9792],[3456,9856],[3392,9856],[3392,9792]]],[[[3392,9856],[3456,9856],[3456,9920],[3392,9920],[3392,9856]]],[[[3456,3200],[3520,3200],[3520,3264],[3456,3264],[3456,3200]]],[[[3456,3264],[3520,3264],[3520,3328],[3456,3328],[3456,3264]]],[[[3456,3328],[3520,3328],[3520,3392],[3456,3392],[3456,3328]]],[[[3456,3392],[3520,3392],[3520,3456],[3456,3456],[3456,3392]]],[[[3456,3456],[3520,3456],[3520,3520],[3456,3520],[3456,3456]]],[[[3456,3520],[3520,3520],[3520,3584],[3456,3584],[3456,3520]]],[[[3456,3584],[3520,3584],[3520,3648],[3456,3648],[3456,3584]]],[[[3456,3648],[3520,3648],[3520,3712],[3456,3712],[3456,3648]]],[[[3456,9664],[3520,9664],[3520,9728],[3456,9728],[3456,9664]]],[[[3456,9728],[3520,9728],[3520,9792],[3456,9792],[3456,9728]]],[[[3456,9792],[3520,9792],[3520,9856],[3456,9856],[3456,9792]]],[[[3456,9856],[3520,9856],[3520,9920],[3456,9920],[3456,9856]]],[[[3520,2752],[3584,2752],[3584,2816],[3520,2816],[3520,2752]]],[[[3520,2816],[3584,2816],[3584,2880],[3520,2880],[3520,2816]]],[[[3520,3008],[3584,3008],[3584,3072],[3520,3072],[3520,3008]]],[[[3520,3136],[3584,3136],[3584,3200],[3520,3200],[3520,3136]]],[[[3520,3200],[3584,3200],[3584,3264],[3520,3264],[3520,3200]]],[[[3520,3264],[3584,3264],[3584,3328],[3520,3328],[3520,3264]]],[[[3520,3328],[3584,3328],[3584,3392],[3520,3392],[3520,3328]]],[[[3520,3392],[3584,3392],[3584,3456],[3520,3456],[3520,3392]]],[[[3520,3456],[3584,3456],[3584,3520],[3520,3520],[3520,3456]]],[[[3520,3520],[3584,3520],[3584,3584],[3520,3584],[3520,3520]]],[[[3520,3584],[3584,3584],[3584,3648],[3520,3648],[3520,3584]]],[[[3520,3648],[3584,3648],[3584,3712],[3520,3712],[3520,3648]]],[[[3520,9664],[3584,9664],[3584,9728],[3520,9728],[3520,9664]]],[[[3520,9728],[3584,9728],[3584,9792],[3520,9792],[3520,9728]]],[[[3520,9792],[3584,9792],[3584,9856],[3520,9856],[3520,9792]]],[[[3520,9856],[3584,9856],[3584,9920],[3520,9920],[3520,9856]]],[[[3584,2752],[3648,2752],[3648,2816],[3584,2816],[3584,2752]]],[[[3584,2816],[3648,2816],[3648,2880],[3584,2880],[3584,2816]]],[[[3584,2880],[3648,2880],[3648,2944],[3584,2944],[3584,2880]]],[[[3584,2944],[3648,2944],[3648,3008],[3584,3008],[3584,2944]]],[[[3584,3008],[3648,3008],[3648,3072],[3584,3072],[3584,3008]]],[[[3584,3136],[3648,3136],[3648,3200],[3584,3200],[3584,3136]]],[[[3584,3200],[3648,3200],[3648,3264],[3584,3264],[3584,3200]]],[[[3584,3264],[3648,3264],[3648,3328],[3584,3328],[3584,3264]]],[[[3584,3328],[3648,3328],[3648,3392],[3584,3392],[3584,3328]]],[[[3584,3392],[3648,3392],[3648,3456],[3584,3456],[3584,3392]]],[[[3584,3456],[3648,3456],[3648,3520],[3584,3520],[3584,3456]]],[[[3584,3520],[3648,3520],[3648,3584],[3584,3584],[3584,3520]]],[[[3584,3584],[3648,3584],[3648,3648],[3584,3648],[3584,3584]]],[[[3584,3648],[3648,3648],[3648,3712],[3584,3712],[3584,3648]]],[[[3584,9728],[3648,9728],[3648,9792],[3584,9792],[3584,9728]]],[[[3584,9792],[3648,9792],[3648,9856],[3584,9856],[3584,9792]]],[[[3584,9856],[3648,9856],[3648,9920],[3584,9920],[3584,9856]]],[[[3648,2752],[3712,2752],[3712,2816],[3648,2816],[3648,2752]]],[[[3648,2816],[3712,2816],[3712,2880],[3648,2880],[3648,2816]]],[[[3648,2880],[3712,2880],[3712,2944],[3648,2944],[3648,2880]]],[[[3648,2944],[3712,2944],[3712,3008],[3648,3008],[3648,2944]]],[[[3648,3008],[3712,3008],[3712,3072],[3648,3072],[3648,3008]]],[[[3648,3136],[3712,3136],[3712,3200],[3648,3200],[3648,3136]]],[[[3648,3200],[3712,3200],[3712,3264],[3648,3264],[3648,3200]]],[[[3648,3264],[3712,3264],[3712,3328],[3648,3328],[3648,3264]]],[[[3648,3328],[3712,3328],[3712,3392],[3648,3392],[3648,3328]]],[[[3648,3392],[3712,3392],[3712,3456],[3648,3456],[3648,3392]]],[[[3648,3456],[3712,3456],[3712,3520],[3648,3520],[3648,3456]]],[[[3648,3520],[3712,3520],[3712,3584],[3648,3584],[3648,3520]]],[[[3648,3584],[3712,3584],[3712,3648],[3648,3648],[3648,3584]]],[[[3648,9728],[3712,9728],[3712,9792],[3648,9792],[3648,9728]]],[[[3648,9792],[3712,9792],[3712,9856],[3648,9856],[3648,9792]]],[[[3648,9856],[3712,9856],[3712,9920],[3648,9920],[3648,9856]]],[[[3712,2752],[3776,2752],[3776,2816],[3712,2816],[3712,2752]]],[[[3712,2816],[3776,2816],[3776,2880],[3712,2880],[3712,2816]]],[[[3712,2880],[3776,2880],[3776,2944],[3712,2944],[3712,2880]]],[[[3712,3008],[3776,3008],[3776,3072],[3712,3072],[3712,3008]]],[[[3712,3136],[3776,3136],[3776,3200],[3712,3200],[3712,3136]]],[[[3712,3200],[3776,3200],[3776,3264],[3712,3264],[3712,3200]]],[[[3712,3264],[3776,3264],[3776,3328],[3712,3328],[3712,3264]]],[[[3712,3328],[3776,3328],[3776,3392],[3712,3392],[3712,3328]]],[[[3712,3392],[3776,3392],[3776,3456],[3712,3456],[3712,3392]]],[[[3712,3456],[3776,3456],[3776,3520],[3712,3520],[3712,3456]]],[[[3712,3520],[3776,3520],[3776,3584],[3712,3584],[3712,3520]]],[[[3712,3584],[3776,3584],[3776,3648],[3712,3648],[3712,3584]]],[[[3776,3136],[3840,3136],[3840,3200],[3776,3200],[3776,3136]]],[[[3776,3200],[3840,3200],[3840,3264],[3776,3264],[3776,3200]]],[[[3776,3264],[3840,3264],[3840,3328],[3776,3328],[3776,3264]]],[[[3776,3328],[3840,3328],[3840,3392],[3776,3392],[3776,3328]]],[[[3776,3392],[3840,3392],[3840,3456],[3776,3456],[3776,3392]]],[[[3776,3456],[3840,3456],[3840,3520],[3776,3520],[3776,3456]]],[[[3776,3520],[3840,3520],[3840,3584],[3776,3584],[3776,3520]]],[[[3776,3584],[3840,3584],[3840,3648],[3776,3648],[3776,3584]]],[[[3389,3505],[3390,3505],[3391,3505],[3392,3505],[3392,3506],[3392,3507],[3392,3508],[3392,3509],[3392,3510],[3392,3511],[3392,3512],[3392,3513],[3392,3514],[3392,3515],[3392,3516],[3392,3517],[3392,3518],[3392,3519],[3392,3520],[3391,3520],[3390,3520],[3389,3520],[3388,3520],[3387,3520],[3386,3520],[3385,3520],[3384,3520],[3383,3520],[3382,3520],[3381,3520],[3380,3520],[3379,3520],[3379,3519],[3380,3519],[3380,3518],[3380,3517],[3380,3516],[3380,3515],[3380,3514],[3381,3514],[3381,3513],[3381,3512],[3382,3512],[3382,3511],[3382,3510],[3383,3510],[3383,3509],[3384,3509],[3384,3508],[3385,3508],[3385,3507],[3386,3507],[3387,3507],[3387,3506],[3388,3506],[3389,3506],[3389,3505]]],[[[3389,3505],[3389,3506],[3388,3506],[3387,3506],[3387,3507],[3386,3507],[3385,3507],[3385,3508],[3384,3508],[3384,3509],[3383,3509],[3383,3510],[3382,3510],[3382,3511],[3382,3512],[3381,3512],[3381,3513],[3381,3514],[3380,3514],[3380,3515],[3380,3516],[3380,3517],[3380,3518],[3380,3519],[3379,3519],[3379,3520],[3380,3520],[3381,3520],[3382,3520],[3383,3520],[3384,3520],[3385,3520],[3386,3520],[3387,3520],[3388,3520],[3389,3520],[3390,3520],[3391,3520],[3392,3520],[3392,3519],[3392,3518],[3392,3517],[3392,3516],[3392,3515],[3392,3514],[3392,3513],[3392,3512],[3392,3511],[3392,3510],[3392,3509],[3392,3508],[3392,3507],[3392,3506],[3392,3505],[3391,3505],[3390,3505],[3389,3505]]],[[[3379,3520],[3380,3520],[3381,3520],[3382,3520],[3383,3520],[3384,3520],[3385,3520],[3386,3520],[3387,3520],[3388,3520],[3389,3520],[3390,3520],[3391,3520],[3392,3520],[3392,3521],[3392,3522],[3392,3523],[3392,3524],[3392,3525],[3392,3526],[3392,3527],[3392,3528],[3392,3529],[3392,3530],[3392,3531],[3392,3532],[3392,3533],[3392,3534],[3392,3535],[3392,3536],[3392,3537],[3392,3538],[3392,3539],[3392,3540],[3392,3541],[3392,3542],[3392,3543],[3392,3544],[3392,3545],[3392,3546],[3392,3547],[3392,3548],[3392,3549],[3392,3550],[3392,3551],[3392,3552],[3392,3553],[3392,3554],[3392,3555],[3392,3556],[3392,3557],[3392,3558],[3392,3559],[3392,3560],[3392,3561],[3392,3562],[3392,3563],[3392,3564],[3392,3565],[3392,3566],[3392,3567],[3392,3568],[3392,3569],[3392,3570],[3392,3571],[3392,3572],[3392,3573],[3392,3574],[3392,3575],[3392,3576],[3392,3577],[3392,3578],[3392,3579],[3392,3580],[3392,3581],[3392,3582],[3392,3583],[3392,3584],[3391,3584],[3390,3584],[3389,3584],[3388,3584],[3387,3584],[3386,3584],[3385,3584],[3384,3584],[3383,3584],[3383,3583],[3383,3582],[3382,3582],[3382,3581],[3383,3581],[3383,3580],[3383,3579],[3383,3578],[3383,3577],[3383,3576],[3384,3576],[3384,3575],[3384,3574],[3383,3574],[3383,3573],[3383,3572],[3382,3572],[3382,3571],[3382,3570],[3382,3569],[3382,3568],[3382,3567],[3381,3567],[3381,3566],[3382,3566],[3382,3565],[3382,3564],[3382,3563],[3382,3562],[3382,3561],[3382,3560],[3382,3559],[3381,3559],[3381,3558],[3382,3558],[3382,3557],[3382,3556],[3382,3555],[3382,3554],[3382,3553],[3383,3553],[3383,3552],[3383,3551],[3384,3551],[3384,3550],[3384,3549],[3383,3549],[3383,3548],[3384,3548],[3384,3547],[3384,3546],[3383,3546],[3383,3545],[3383,3544],[3383,3543],[3382,3543],[3382,3542],[3382,3541],[3381,3541],[3381,3540],[3381,3539],[3381,3538],[3381,3537],[3381,3536],[3380,3536],[3380,3535],[3381,3535],[3381,3534],[3381,3533],[3381,3532],[3381,3531],[3381,3530],[3381,3529],[3381,3528],[3381,3527],[3380,3527],[3380,3526],[3380,3525],[3380,3524],[3380,3523],[3380,3522],[3379,3522],[3379,3521],[3379,3520]]],[[[3379,3520],[3379,3521],[3379,3522],[3380,3522],[3380,3523],[3380,3524],[3380,3525],[3380,3526],[3380,3527],[3381,3527],[3381,3528],[3381,3529],[3381,3530],[3381,3531],[3381,3532],[3381,3533],[3381,3534],[3381,3535],[3380,3535],[3380,3536],[3381,3536],[3381,3537],[3381,3538],[3381,3539],[3381,3540],[3381,3541],[3382,3541],[3382,3542],[3382,3543],[3383,3543],[3383,3544],[3383,3545],[3383,3546],[3384,3546],[3384,3547],[3384,3548],[3383,3548],[3383,3549],[3384,3549],[3384,3550],[3384,3551],[3383,3551],[3383,3552],[3383,3553],[3382,3553],[3382,3554],[3382,3555],[3382,3556],[3382,3557],[3382,3558],[3381,3558],[3381,3559],[3382,3559],[3382,3560],[3382,3561],[3382,3562],[3382,3563],[3382,3564],[3382,3565],[3382,3566],[3381,3566],[3381,3567],[3382,3567],[3382,3568],[3382,3569],[3382,3570],[3382,3571],[3382,3572],[3383,3572],[3383,3573],[3383,3574],[3384,3574],[3384,3575],[3384,3576],[3383,3576],[3383,3577],[3383,3578],[3383,3579],[3383,3580],[3383,3581],[3382,3581],[3382,3582],[3383,3582],[3383,3583],[3383,3584],[3384,3584],[3385,3584],[3386,3584],[3387,3584],[3388,3584],[3389,3584],[3390,3584],[3391,3584],[3392,3584],[3392,3583],[3392,3582],[3392,3581],[3392,3580],[3392,3579],[3392,3578],[3392,3577],[3392,3576],[3392,3575],[3392,3574],[3392,3573],[3392,3572],[3392,3571],[3392,3570],[3392,3569],[3392,3568],[3392,3567],[3392,3566],[3392,3565],[3392,3564],[3392,3563],[3392,3562],[3392,3561],[3392,3560],[3392,3559],[3392,3558],[3392,3557],[3392,3556],[3392,3555],[3392,3554],[3392,3553],[3392,3552],[3392,3551],[3392,3550],[3392,3549],[3392,3548],[3392,3547],[3392,3546],[3392,3545],[3392,3544],[3392,3543],[3392,3542],[3392,3541],[3392,3540],[3392,3539],[3392,3538],[3392,3537],[3392,3536],[3392,3535],[3392,3534],[3392,3533],[3392,3532],[3392,3531],[3392,3530],[3392,3529],[3392,3528],[3392,3527],[3392,3526],[3392,3525],[3392,3524],[3392,3523],[3392,3522],[3392,3521],[3392,3520],[3391,3520],[3390,3520],[3389,3520],[3388,3520],[3387,3520],[3386,3520],[3385,3520],[3384,3520],[3383,3520],[3382,3520],[3381,3520],[3380,3520],[3379,3520]]],[[[3383,3584],[3384,3584],[3385,3584],[3386,3584],[3387,3584],[3388,3584],[3389,3584],[3390,3584],[3391,3584],[3392,3584],[3392,3585],[3392,3586],[3392,3587],[3392,3588],[3392,3589],[3392,3590],[3392,3591],[3392,3592],[3392,3593],[3392,3594],[3392,3595],[3392,3596],[3392,3597],[3392,3598],[3392,3599],[3392,3600],[3392,3601],[3392,3602],[3392,3603],[3392,3604],[3392,3605],[3392,3606],[3392,3607],[3392,3608],[3392,3609],[3392,3610],[3391,3610],[3391,3609],[3390,3609],[3389,3609],[3389,3608],[3388,3608],[3388,3607],[3387,3607],[3387,3606],[3386,3606],[3386,3605],[3386,3604],[3385,3604],[3385,3603],[3385,3602],[3384,3602],[3384,3601],[3384,3600],[3384,3599],[3384,3598],[3384,3597],[3383,3597],[3383,3596],[3384,3596],[3384,3595],[3384,3594],[3384,3593],[3383,3593],[3383,3592],[3384,3592],[3384,3591],[3384,3590],[3384,3589],[3384,3588],[3384,3587],[3383,3587],[3383,3586],[3383,3585],[3383,3584]]],[[[3383,3584],[3383,3585],[3383,3586],[3383,3587],[3384,3587],[3384,3588],[3384,3589],[3384,3590],[3384,3591],[3384,3592],[3383,3592],[3383,3593],[3384,3593],[3384,3594],[3384,3595],[3384,3596],[3383,3596],[3383,3597],[3384,3597],[3384,3598],[3384,3599],[3384,3600],[3384,3601],[3384,3602],[3385,3602],[3385,3603],[3385,3604],[3386,3604],[3386,3605],[3386,3606],[3387,3606],[3387,3607],[3388,3607],[3388,3608],[3389,3608],[3389,3609],[3390,3609],[3391,3609],[3391,3610],[3392,3610],[3392,3609],[3392,3608],[3392,3607],[3392,3606],[3392,3605],[3392,3604],[3392,3603],[3392,3602],[3392,3601],[3392,3600],[3392,3599],[3392,3598],[3392,3597],[3392,3596],[3392,3595],[3392,3594],[3392,3593],[3392,3592],[3392,3591],[3392,3590],[3392,3589],[3392,3588],[3392,3587],[3392,3586],[3392,3585],[3392,3584],[3391,3584],[3390,3584],[3389,3584],[3388,3584],[3387,3584],[3386,3584],[3385,3584],[3384,3584],[3383,3584]]],[[[3428,3200],[3429,3200],[3430,3200],[3431,3200],[3432,3200],[3433,3200],[3434,3200],[3435,3200],[3436,3200],[3437,3200],[3438,3200],[3439,3200],[3440,3200],[3441,3200],[3442,3200],[3443,3200],[3444,3200],[3445,3200],[3446,3200],[3447,3200],[3448,3200],[3449,3200],[3450,3200],[3451,3200],[3452,3200],[3453,3200],[3454,3200],[3455,3200],[3456,3200],[3456,3201],[3456,3202],[3456,3203],[3456,3204],[3456,3205],[3456,3206],[3456,3207],[3456,3208],[3456,3209],[3456,3210],[3456,3211],[3456,3212],[3456,3213],[3456,3214],[3456,3215],[3456,3216],[3456,3217],[3456,3218],[3456,3219],[3456,3220],[3456,3221],[3456,3222],[3456,3223],[3456,3224],[3456,3225],[3456,3226],[3456,3227],[3456,3228],[3456,3229],[3456,3230],[3456,3231],[3456,3232],[3456,3233],[3456,3234],[3456,3235],[3456,3236],[3456,3237],[3456,3238],[3456,3239],[3456,3240],[3456,3241],[3456,3242],[3456,3243],[3456,3244],[3456,3245],[3456,3246],[3456,3247],[3456,3248],[3456,3249],[3456,3250],[3456,3251],[3456,3252],[3456,3253],[3456,3254],[3456,3255],[3456,3256],[3456,3257],[3456,3258],[3456,3259],[3456,3260],[3456,3261],[3456,3262],[3456,3263],[3456,3264],[3455,3264],[3454,3264],[3453,3264],[3452,3264],[3451,3264],[3450,3264],[3449,3264],[3448,3264],[3447,3264],[3446,3264],[3445,3264],[3444,3264],[3443,3264],[3442,3264],[3441,3264],[3440,3264],[3439,3264],[3438,3264],[3437,3264],[3436,3264],[3435,3264],[3434,3264],[3433,3264],[3432,3264],[3431,3264],[3430,3264],[3429,3264],[3428,3264],[3427,3264],[3426,3264],[3425,3264],[3424,3264],[3423,3264],[3422,3264],[3422,3263],[3422,3262],[3422,3261],[3422,3260],[3422,3259],[3422,3258],[3422,3257],[3422,3256],[3422,3255],[3422,3254],[3422,3253],[3422,3252],[3422,3251],[3422,3250],[3422,3249],[3422,3248],[3422,3247],[3422,3246],[3422,3245],[3422,3244],[3422,3243],[3422,3242],[3422,3241],[3422,3240],[3422,3239],[3422,3238],[3422,3237],[3422,3236],[3422,3235],[3422,3234],[3422,3233],[3422,3232],[3422,3231],[3422,3230],[3422,3229],[3421,3229],[3421,3228],[3421,3227],[3421,3226],[3421,3225],[3421,3224],[3421,3223],[3421,3222],[3421,3221],[3421,3220],[3421,3219],[3421,3218],[3421,3217],[3421,3216],[3421,3215],[3421,3214],[3421,3213],[3421,3212],[3422,3212],[3423,3212],[3423,3211],[3424,3211],[3424,3210],[3425,3210],[3426,3210],[3426,3209],[3427,3209],[3427,3208],[3427,3207],[3428,3207],[3428,3206],[3428,3205],[3428,3204],[3428,3203],[3428,3202],[3428,3201],[3428,3200]]],[[[3428,3200],[3428,3201],[3428,3202],[3428,3203],[3428,3204],[3428,3205],[3428,3206],[3428,3207],[3427,3207],[3427,3208],[3427,3209],[3426,3209],[3426,3210],[3425,3210],[3424,3210],[3424,3211],[3423,3211],[3423,3212],[3422,3212],[3421,3212],[3421,3213],[3421,3214],[3421,3215],[3421,3216],[3421,3217],[3421,3218],[3421,3219],[3421,3220],[3421,3221],[3421,3222],[3421,3223],[3421,3224],[3421,3225],[3421,3226],[3421,3227],[3421,3228],[3421,3229],[3422,3229],[3422,3230],[3422,3231],[3422,3232],[3422,3233],[3422,3234],[3422,3235],[3422,3236],[3422,3237],[3422,3238],[3422,3239],[3422,3240],[3422,3241],[3422,3242],[3422,3243],[3422,3244],[3422,3245],[3422,3246],[3422,3247],[3422,3248],[3422,3249],[3422,3250],[3422,3251],[3422,3252],[3422,3253],[3422,3254],[3422,3255],[3422,3256],[3422,3257],[3422,3258],[3422,3259],[3422,3260],[3422,3261],[3422,3262],[3422,3263],[3422,3264],[3423,3264],[3424,3264],[3425,3264],[3426,3264],[3427,3264],[3428,3264],[3429,3264],[3430,3264],[3431,3264],[3432,3264],[3433,3264],[3434,3264],[3435,3264],[3436,3264],[3437,3264],[3438,3264],[3439,3264],[3440,3264],[3441,3264],[3442,3264],[3443,3264],[3444,3264],[3445,3264],[3446,3264],[3447,3264],[3448,3264],[3449,3264],[3450,3264],[3451,3264],[3452,3264],[3453,3264],[3454,3264],[3455,3264],[3456,3264],[3456,3263],[3456,3262],[3456,3261],[3456,3260],[3456,3259],[3456,3258],[3456,3257],[3456,3256],[3456,3255],[3456,3254],[3456,3253],[3456,3252],[3456,3251],[3456,3250],[3456,3249],[3456,3248],[3456,3247],[3456,3246],[3456,3245],[3456,3244],[3456,3243],[3456,3242],[3456,3241],[3456,3240],[3456,3239],[3456,3238],[3456,3237],[3456,3236],[3456,3235],[3456,3234],[3456,3233],[3456,3232],[3456,3231],[3456,3230],[3456,3229],[3456,3228],[3456,3227],[3456,3226],[3456,3225],[3456,3224],[3456,3223],[3456,3222],[3456,3221],[3456,3220],[3456,3219],[3456,3218],[3456,3217],[3456,3216],[3456,3215],[3456,3214],[3456,3213],[3456,3212],[3456,3211],[3456,3210],[3456,3209],[3456,3208],[3456,3207],[3456,3206],[3456,3205],[3456,3204],[3456,3203],[3456,3202],[3456,3201],[3456,3200],[3455,3200],[3454,3200],[3453,3200],[3452,3200],[3451,3200],[3450,3200],[3449,3200],[3448,3200],[3447,3200],[3446,3200],[3445,3200],[3444,3200],[3443,3200],[3442,3200],[3441,3200],[3440,3200],[3439,3200],[3438,3200],[3437,3200],[3436,3200],[3435,3200],[3434,3200],[3433,3200],[3432,3200],[3431,3200],[3430,3200],[3429,3200],[3428,3200]]],[[[3422,3264],[3423,3264],[3424,3264],[3425,3264],[3426,3264],[3427,3264],[3428,3264],[3429,3264],[3430,3264],[3431,3264],[3432,3264],[3433,3264],[3434,3264],[3435,3264],[3436,3264],[3437,3264],[3438,3264],[3439,3264],[3440,3264],[3441,3264],[3442,3264],[3443,3264],[3444,3264],[3445,3264],[3446,3264],[3447,3264],[3448,3264],[3449,3264],[3450,3264],[3451,3264],[3452,3264],[3453,3264],[3454,3264],[3455,3264],[3456,3264],[3456,3265],[3456,3266],[3456,3267],[3456,3268],[3456,3269],[3456,3270],[3456,3271],[3456,3272],[3456,3273],[3456,3274],[3456,3275],[3456,3276],[3456,3277],[3456,3278],[3456,3279],[3456,3280],[3456,3281],[3456,3282],[3456,3283],[3456,3284],[3456,3285],[3456,3286],[3456,3287],[3456,3288],[3456,3289],[3456,3290],[3456,3291],[3456,3292],[3456,3293],[3456,3294],[3456,3295],[3456,3296],[3456,3297],[3456,3298],[3456,3299],[3456,3300],[3456,3301],[3456,3302],[3456,3303],[3456,3304],[3456,3305],[3456,3306],[3456,3307],[3456,3308],[3456,3309],[3456,3310],[3456,3311],[3456,3312],[3456,3313],[3456,3314],[3456,3315],[3456,3316],[3456,3317],[3456,3318],[3456,3319],[3456,3320],[3456,3321],[3456,3322],[3456,3323],[3456,3324],[3456,3325],[3456,3326],[3456,3327],[3456,3328],[3455,3328],[3454,3328],[3453,3328],[3452,3328],[3451,3328],[3450,3328],[3449,3328],[3448,3328],[3447,3328],[3446,3328],[3445,3328],[3444,3328],[3443,3328],[3442,3328],[3441,3328],[3440,3328],[3439,3328],[3438,3328],[3437,3328],[3436,3328],[3435,3328],[3434,3328],[3433,3328],[3432,3328],[3431,3328],[3430,3328],[3429,3328],[3428,3328],[3427,3328],[3426,3328],[3425,3328],[3424,3328],[3423,3328],[3422,3328],[3421,3328],[3420,3328],[3419,3328],[3418,3328],[3417,3328],[3416,3328],[3415,3328],[3414,3328],[3413,3328],[3412,3328],[3411,3328],[3410,3328],[3409,3328],[3408,3328],[3407,3328],[3406,3328],[3405,3328],[3404,3328],[3403,3328],[3402,3328],[3401,3328],[3400,3328],[3399,3328],[3398,3328],[3397,3328],[3396,3328],[3396,3327],[3396,3326],[3396,3325],[3396,3324],[3396,3323],[3397,3323],[3398,3323],[3399,3323],[3400,3323],[3401,3323],[3402,3323],[3403,3323],[3404,3323],[3405,3323],[3405,3322],[3406,3322],[3406,3321],[3406,3320],[3406,3319],[3406,3318],[3406,3317],[3407,3317],[3408,3317],[3409,3317],[3410,3317],[3411,3317],[3412,3317],[3413,3317],[3414,3317],[3415,3317],[3416,3317],[3416,3316],[3416,3315],[3416,3314],[3416,3313],[3416,3312],[3416,3311],[3416,3310],[3416,3309],[3416,3308],[3416,3307],[3416,3306],[3416,3305],[3416,3304],[3416,3303],[3416,3302],[3416,3301],[3416,3300],[3416,3299],[3416,3298],[3416,3297],[3416,3296],[3416,3295],[3416,3294],[3416,3293],[3416,3292],[3415,3292],[3414,3292],[3413,3292],[3412,3292],[3412,3291],[3412,3290],[3412,3289],[3412,3288],[3412,3287],[3413,3287],[3413,3286],[3413,3285],[3413,3284],[3413,3283],[3413,3282],[3413,3281],[3413,3280],[3414,3280],[3414,3279],[3414,3278],[3415,3278],[3415,3277],[3416,3277],[3416,3276],[3416,3275],[3417,3275],[3417,3274],[3417,3273],[3418,3273],[3418,3272],[3419,3272],[3419,3271],[3420,3271],[3420,3270],[3420,3269],[3421,3269],[3421,3268],[3422,3268],[3422,3267],[3422,3266],[3422,3265],[3422,3264]]],[[[3422,3264],[3422,3265],[3422,3266],[3422,3267],[3422,3268],[3421,3268],[3421,3269],[3420,3269],[3420,3270],[3420,3271],[3419,3271],[3419,3272],[3418,3272],[3418,3273],[3417,3273],[3417,3274],[3417,3275],[3416,3275],[3416,3276],[3416,3277],[3415,3277],[3415,3278],[3414,3278],[3414,3279],[3414,3280],[3413,3280],[3413,3281],[3413,3282],[3413,3283],[3413,3284],[3413,3285],[3413,3286],[3413,3287],[3412,3287],[3412,3288],[3412,3289],[3412,3290],[3412,3291],[3412,3292],[3413,3292],[3414,3292],[3415,3292],[3416,3292],[3416,3293],[3416,3294],[3416,3295],[3416,3296],[3416,3297],[3416,3298],[3416,3299],[3416,3300],[3416,3301],[3416,3302],[3416,3303],[3416,3304],[3416,3305],[3416,3306],[3416,3307],[3416,3308],[3416,3309],[3416,3310],[3416,3311],[3416,3312],[3416,3313],[3416,3314],[3416,3315],[3416,3316],[3416,3317],[3415,3317],[3414,3317],[3413,3317],[3412,3317],[3411,3317],[3410,3317],[3409,3317],[3408,3317],[3407,3317],[3406,3317],[3406,3318],[3406,3319],[3406,3320],[3406,3321],[3406,3322],[3405,3322],[3405,3323],[3404,3323],[3403,3323],[3402,3323],[3401,3323],[3400,3323],[3399,3323],[3398,3323],[3397,3323],[3396,3323],[3396,3324],[3396,3325],[3396,3326],[3396,3327],[3396,3328],[3397,3328],[3398,3328],[3399,3328],[3400,3328],[3401,3328],[3402,3328],[3403,3328],[3404,3328],[3405,3328],[3406,3328],[3407,3328],[3408,3328],[3409,3328],[3410,3328],[3411,3328],[3412,3328],[3413,3328],[3414,3328],[3415,3328],[3416,3328],[3417,3328],[3418,3328],[3419,3328],[3420,3328],[3421,3328],[3422,3328],[3423,3328],[3424,3328],[3425,3328],[3426,3328],[3427,3328],[3428,3328],[3429,3328],[3430,3328],[3431,3328],[3432,3328],[3433,3328],[3434,3328],[3435,3328],[3436,3328],[3437,3328],[3438,3328],[3439,3328],[3440,3328],[3441,3328],[3442,3328],[3443,3328],[3444,3328],[3445,3328],[3446,3328],[3447,3328],[3448,3328],[3449,3328],[3450,3328],[3451,3328],[3452,3328],[3453,3328],[3454,3328],[3455,3328],[3456,3328],[3456,3327],[3456,3326],[3456,3325],[3456,3324],[3456,3323],[3456,3322],[3456,3321],[3456,3320],[3456,3319],[3456,3318],[3456,3317],[3456,3316],[3456,3315],[3456,3314],[3456,3313],[3456,3312],[3456,3311],[3456,3310],[3456,3309],[3456,3308],[3456,3307],[3456,3306],[3456,3305],[3456,3304],[3456,3303],[3456,3302],[3456,3301],[3456,3300],[3456,3299],[3456,3298],[3456,3297],[3456,3296],[3456,3295],[3456,3294],[3456,3293],[3456,3292],[3456,3291],[3456,3290],[3456,3289],[3456,3288],[3456,3287],[3456,3286],[3456,3285],[3456,3284],[3456,3283],[3456,3282],[3456,3281],[3456,3280],[3456,3279],[3456,3278],[3456,3277],[3456,3276],[3456,3275],[3456,3274],[3456,3273],[3456,3272],[3456,3271],[3456,3270],[3456,3269],[3456,3268],[3456,3267],[3456,3266],[3456,3265],[3456,3264],[3455,3264],[3454,3264],[3453,3264],[3452,3264],[3451,3264],[3450,3264],[3449,3264],[3448,3264],[3447,3264],[3446,3264],[3445,3264],[3444,3264],[3443,3264],[3442,3264],[3441,3264],[3440,3264],[3439,3264],[3438,3264],[3437,3264],[3436,3264],[3435,3264],[3434,3264],[3433,3264],[3432,3264],[3431,3264],[3430,3264],[3429,3264],[3428,3264],[3427,3264],[3426,3264],[3425,3264],[3424,3264],[3423,3264],[3422,3264]]],[[[3396,3328],[3397,3328],[3398,3328],[3399,3328],[3400,3328],[3401,3328],[3402,3328],[3403,3328],[3404,3328],[3405,3328],[3406,3328],[3407,3328],[3408,3328],[3409,3328],[3410,3328],[3411,3328],[3412,3328],[3413,3328],[3414,3328],[3415,3328],[3416,3328],[3417,3328],[3418,3328],[3419,3328],[3420,3328],[3421,3328],[3422,3328],[3423,3328],[3424,3328],[3425,3328],[3426,3328],[3427,3328],[3428,3328],[3429,3328],[3430,3328],[3431,3328],[3432,3328],[3433,3328],[3434,3328],[3435,3328],[3436,3328],[3437,3328],[3438,3328],[3439,3328],[3440,3328],[3441,3328],[3442,3328],[3443,3328],[3444,3328],[3445,3328],[3446,3328],[3447,3328],[3448,3328],[3449,3328],[3450,3328],[3451,3328],[3452,3328],[3453,3328],[3454,3328],[3455,3328],[3456,3328],[3456,3329],[3456,3330],[3456,3331],[3456,3332],[3456,3333],[3456,3334],[3456,3335],[3456,3336],[3456,3337],[3456,3338],[3456,3339],[3456,3340],[3456,3341],[3456,3342],[3456,3343],[3456,3344],[3456,3345],[3456,3346],[3456,3347],[3456,3348],[3456,3349],[3456,3350],[3456,3351],[3456,3352],[3456,3353],[3456,3354],[3456,3355],[3456,3356],[3456,3357],[3456,3358],[3456,3359],[3456,3360],[3456,3361],[3456,3362],[3456,3363],[3456,3364],[3456,3365],[3456,3366],[3456,3367],[3456,3368],[3456,3369],[3456,3370],[3456,3371],[3456,3372],[3456,3373],[3456,3374],[3456,3375],[3456,3376],[3456,3377],[3456,3378],[3456,3379],[3456,3380],[3456,3381],[3456,3382],[3456,3383],[3456,3384],[3456,3385],[3456,3386],[3456,3387],[3456,3388],[3456,3389],[3456,3390],[3456,3391],[3456,3392],[3455,3392],[3454,3392],[3453,3392],[3452,3392],[3451,3392],[3450,3392],[3449,3392],[3448,3392],[3447,3392],[3446,3392],[3445,3392],[3444,3392],[3443,3392],[3442,3392],[3441,3392],[3440,3392],[3439,3392],[3438,3392],[3437,3392],[3436,3392],[3435,3392],[3434,3392],[3433,3392],[3432,3392],[3431,3392],[3430,3392],[3429,3392],[3428,3392],[3427,3392],[3426,3392],[3425,3392],[3424,3392],[3423,3392],[3422,3392],[3421,3392],[3420,3392],[3419,3392],[3418,3392],[3417,3392],[3416,3392],[3415,3392],[3414,3392],[3413,3392],[3412,3392],[3411,3392],[3410,3392],[3409,3392],[3408,3392],[3407,3392],[3406,3392],[3405,3392],[3404,3392],[3403,3392],[3402,3392],[3401,3392],[3400,3392],[3399,3392],[3398,3392],[3397,3392],[3396,3392],[3395,3392],[3394,3392],[3393,3392],[3392,3392],[3392,3391],[3392,3390],[3392,3389],[3392,3388],[3392,3387],[3392,3386],[3392,3385],[3392,3384],[3392,3383],[3392,3382],[3392,3381],[3392,3380],[3392,3379],[3392,3378],[3392,3377],[3392,3376],[3392,3375],[3392,3374],[3392,3373],[3392,3372],[3392,3371],[3392,3370],[3392,3369],[3392,3368],[3392,3367],[3392,3366],[3392,3365],[3392,3364],[3392,3363],[3392,3362],[3392,3361],[3392,3360],[3392,3359],[3392,3358],[3392,3357],[3392,3356],[3392,3355],[3392,3354],[3392,3353],[3392,3352],[3392,3351],[3392,3350],[3392,3349],[3392,3348],[3392,3347],[3392,3346],[3392,3345],[3392,3344],[3392,3343],[3392,3342],[3392,3341],[3392,3340],[3392,3339],[3392,3338],[3392,3337],[3392,3336],[3392,3335],[3392,3334],[3392,3333],[3392,3332],[3392,3331],[3392,3330],[3393,3330],[3394,3330],[3394,3329],[3395,3329],[3396,3329],[3396,3328]]],[[[3396,3328],[3396,3329],[3395,3329],[3394,3329],[3394,3330],[3393,3330],[3392,3330],[3392,3331],[3392,3332],[3392,3333],[3392,3334],[3392,3335],[3392,3336],[3392,3337],[3392,3338],[3392,3339],[3392,3340],[3392,3341],[3392,3342],[3392,3343],[3392,3344],[3392,3345],[3392,3346],[3392,3347],[3392,3348],[3392,3349],[3392,3350],[3392,3351],[3392,3352],[3392,3353],[3392,3354],[3392,3355],[3392,3356],[3392,3357],[3392,3358],[3392,3359],[3392,3360],[3392,3361],[3392,3362],[3392,3363],[3392,3364],[3392,3365],[3392,3366],[3392,3367],[3392,3368],[3392,3369],[3392,3370],[3392,3371],[3392,3372],[3392,3373],[3392,3374],[3392,3375],[3392,3376],[3392,3377],[3392,3378],[3392,3379],[3392,3380],[3392,3381],[3392,3382],[3392,3383],[3392,3384],[3392,3385],[3392,3386],[3392,3387],[3392,3388],[3392,3389],[3392,3390],[3392,3391],[3392,3392],[3393,3392],[3394,3392],[3395,3392],[3396,3392],[3397,3392],[3398,3392],[3399,3392],[3400,3392],[3401,3392],[3402,3392],[3403,3392],[3404,3392],[3405,3392],[3406,3392],[3407,3392],[3408,3392],[3409,3392],[3410,3392],[3411,3392],[3412,3392],[3413,3392],[3414,3392],[3415,3392],[3416,3392],[3417,3392],[3418,3392],[3419,3392],[3420,3392],[3421,3392],[3422,3392],[3423,3392],[3424,3392],[3425,3392],[3426,3392],[3427,3392],[3428,3392],[3429,3392],[3430,3392],[3431,3392],[3432,3392],[3433,3392],[3434,3392],[3435,3392],[3436,3392],[3437,3392],[3438,3392],[3439,3392],[3440,3392],[3441,3392],[3442,3392],[3443,3392],[3444,3392],[3445,3392],[3446,3392],[3447,3392],[3448,3392],[3449,3392],[3450,3392],[3451,3392],[3452,3392],[3453,3392],[3454,3392],[3455,3392],[3456,3392],[3456,3391],[3456,3390],[3456,3389],[3456,3388],[3456,3387],[3456,3386],[3456,3385],[3456,3384],[3456,3383],[3456,3382],[3456,3381],[3456,3380],[3456,3379],[3456,3378],[3456,3377],[3456,3376],[3456,3375],[3456,3374],[3456,3373],[3456,3372],[3456,3371],[3456,3370],[3456,3369],[3456,3368],[3456,3367],[3456,3366],[3456,3365],[3456,3364],[3456,3363],[3456,3362],[3456,3361],[3456,3360],[3456,3359],[3456,3358],[3456,3357],[3456,3356],[3456,3355],[3456,3354],[3456,3353],[3456,3352],[3456,3351],[3456,3350],[3456,3349],[3456,3348],[3456,3347],[3456,3346],[3456,3345],[3456,3344],[3456,3343],[3456,3342],[3456,3341],[3456,3340],[3456,3339],[3456,3338],[3456,3337],[3456,3336],[3456,3335],[3456,3334],[3456,3333],[3456,3332],[3456,3331],[3456,3330],[3456,3329],[3456,3328],[3455,3328],[3454,3328],[3453,3328],[3452,3328],[3451,3328],[3450,3328],[3449,3328],[3448,3328],[3447,3328],[3446,3328],[3445,3328],[3444,3328],[3443,3328],[3442,3328],[3441,3328],[3440,3328],[3439,3328],[3438,3328],[3437,3328],[3436,3328],[3435,3328],[3434,3328],[3433,3328],[3432,3328],[3431,3328],[3430,3328],[3429,3328],[3428,3328],[3427,3328],[3426,3328],[3425,3328],[3424,3328],[3423,3328],[3422,3328],[3421,3328],[3420,3328],[3419,3328],[3418,3328],[3417,3328],[3416,3328],[3415,3328],[3414,3328],[3413,3328],[3412,3328],[3411,3328],[3410,3328],[3409,3328],[3408,3328],[3407,3328],[3406,3328],[3405,3328],[3404,3328],[3403,3328],[3402,3328],[3401,3328],[3400,3328],[3399,3328],[3398,3328],[3397,3328],[3396,3328]]],[[[3392,3456],[3393,3456],[3394,3456],[3395,3456],[3396,3456],[3397,3456],[3398,3456],[3399,3456],[3400,3456],[3401,3456],[3402,3456],[3403,3456],[3404,3456],[3405,3456],[3406,3456],[3407,3456],[3408,3456],[3409,3456],[3410,3456],[3411,3456],[3412,3456],[3413,3456],[3414,3456],[3415,3456],[3416,3456],[3417,3456],[3418,3456],[3419,3456],[3420,3456],[3421,3456],[3422,3456],[3423,3456],[3424,3456],[3425,3456],[3426,3456],[3427,3456],[3428,3456],[3429,3456],[3430,3456],[3431,3456],[3432,3456],[3433,3456],[3434,3456],[3435,3456],[3436,3456],[3437,3456],[3438,3456],[3439,3456],[3440,3456],[3441,3456],[3442,3456],[3443,3456],[3444,3456],[3445,3456],[3446,3456],[3447,3456],[3448,3456],[3449,3456],[3450,3456],[3451,3456],[3452,3456],[3453,3456],[3454,3456],[3455,3456],[3456,3456],[3456,3457],[3456,3458],[3456,3459],[3456,3460],[3456,3461],[3456,3462],[3456,3463],[3456,3464],[3456,3465],[3456,3466],[3456,3467],[3456,3468],[3456,3469],[3456,3470],[3456,3471],[3456,3472],[3456,3473],[3456,3474],[3456,3475],[3456,3476],[3456,3477],[3456,3478],[3456,3479],[3456,3480],[3456,3481],[3456,3482],[3456,3483],[3456,3484],[3456,3485],[3456,3486],[3456,3487],[3456,3488],[3456,3489],[3456,3490],[3456,3491],[3456,3492],[3456,3493],[3456,3494],[3456,3495],[3456,3496],[3456,3497],[3456,3498],[3456,3499],[3456,3500],[3456,3501],[3456,3502],[3456,3503],[3456,3504],[3456,3505],[3456,3506],[3456,3507],[3456,3508],[3456,3509],[3456,3510],[3456,3511],[3456,3512],[3456,3513],[3456,3514],[3456,3515],[3456,3516],[3456,3517],[3456,3518],[3456,3519],[3456,3520],[3455,3520],[3454,3520],[3453,3520],[3452,3520],[3451,3520],[3450,3520],[3449,3520],[3448,3520],[3447,3520],[3446,3520],[3445,3520],[3444,3520],[3443,3520],[3442,3520],[3441,3520],[3440,3520],[3439,3520],[3438,3520],[3437,3520],[3436,3520],[3435,3520],[3434,3520],[3433,3520],[3432,3520],[3431,3520],[3430,3520],[3429,3520],[3428,3520],[3427,3520],[3426,3520],[3425,3520],[3424,3520],[3423,3520],[3422,3520],[3421,3520],[3420,3520],[3419,3520],[3418,3520],[3417,3520],[3416,3520],[3415,3520],[3414,3520],[3413,3520],[3412,3520],[3411,3520],[3410,3520],[3409,3520],[3408,3520],[3407,3520],[3406,3520],[3405,3520],[3404,3520],[3403,3520],[3402,3520],[3401,3520],[3400,3520],[3399,3520],[3398,3520],[3397,3520],[3396,3520],[3395,3520],[3394,3520],[3393,3520],[3392,3520],[3392,3519],[3392,3518],[3392,3517],[3392,3516],[3392,3515],[3392,3514],[3392,3513],[3392,3512],[3392,3511],[3392,3510],[3392,3509],[3392,3508],[3392,3507],[3392,3506],[3392,3505],[3392,3504],[3392,3503],[3392,3502],[3392,3501],[3392,3500],[3392,3499],[3392,3498],[3392,3497],[3392,3496],[3392,3495],[3392,3494],[3392,3493],[3392,3492],[3392,3491],[3392,3490],[3392,3489],[3392,3488],[3392,3487],[3392,3486],[3392,3485],[3392,3484],[3392,3483],[3392,3482],[3392,3481],[3392,3480],[3392,3479],[3392,3478],[3392,3477],[3392,3476],[3392,3475],[3392,3474],[3392,3473],[3392,3472],[3392,3471],[3392,3470],[3392,3469],[3392,3468],[3392,3467],[3392,3466],[3392,3465],[3392,3464],[3392,3463],[3392,3462],[3392,3461],[3392,3460],[3392,3459],[3392,3458],[3392,3457],[3392,3456]]],[[[3392,3456],[3392,3457],[3392,3458],[3392,3459],[3392,3460],[3392,3461],[3392,3462],[3392,3463],[3392,3464],[3392,3465],[3392,3466],[3392,3467],[3392,3468],[3392,3469],[3392,3470],[3392,3471],[3392,3472],[3392,3473],[3392,3474],[3392,3475],[3392,3476],[3392,3477],[3392,3478],[3392,3479],[3392,3480],[3392,3481],[3392,3482],[3392,3483],[3392,3484],[3392,3485],[3392,3486],[3392,3487],[3392,3488],[3392,3489],[3392,3490],[3392,3491],[3392,3492],[3392,3493],[3392,3494],[3392,3495],[3392,3496],[3392,3497],[3392,3498],[3392,3499],[3392,3500],[3392,3501],[3392,3502],[3392,3503],[3392,3504],[3392,3505],[3392,3506],[3392,3507],[3392,3508],[3392,3509],[3392,3510],[3392,3511],[3392,3512],[3392,3513],[3392,3514],[3392,3515],[3392,3516],[3392,3517],[3392,3518],[3392,3519],[3392,3520],[3393,3520],[3394,3520],[3395,3520],[3396,3520],[3397,3520],[3398,3520],[3399,3520],[3400,3520],[3401,3520],[3402,3520],[3403,3520],[3404,3520],[3405,3520],[3406,3520],[3407,3520],[3408,3520],[3409,3520],[3410,3520],[3411,3520],[3412,3520],[3413,3520],[3414,3520],[3415,3520],[3416,3520],[3417,3520],[3418,3520],[3419,3520],[3420,3520],[3421,3520],[3422,3520],[3423,3520],[3424,3520],[3425,3520],[3426,3520],[3427,3520],[3428,3520],[3429,3520],[3430,3520],[3431,3520],[3432,3520],[3433,3520],[3434,3520],[3435,3520],[3436,3520],[3437,3520],[3438,3520],[3439,3520],[3440,3520],[3441,3520],[3442,3520],[3443,3520],[3444,3520],[3445,3520],[3446,3520],[3447,3520],[3448,3520],[3449,3520],[3450,3520],[3451,3520],[3452,3520],[3453,3520],[3454,3520],[3455,3520],[3456,3520],[3456,3519],[3456,3518],[3456,3517],[3456,3516],[3456,3515],[3456,3514],[3456,3513],[3456,3512],[3456,3511],[3456,3510],[3456,3509],[3456,3508],[3456,3507],[3456,3506],[3456,3505],[3456,3504],[3456,3503],[3456,3502],[3456,3501],[3456,3500],[3456,3499],[3456,3498],[3456,3497],[3456,3496],[3456,3495],[3456,3494],[3456,3493],[3456,3492],[3456,3491],[3456,3490],[3456,3489],[3456,3488],[3456,3487],[3456,3486],[3456,3485],[3456,3484],[3456,3483],[3456,3482],[3456,3481],[3456,3480],[3456,3479],[3456,3478],[3456,3477],[3456,3476],[3456,3475],[3456,3474],[3456,3473],[3456,3472],[3456,3471],[3456,3470],[3456,3469],[3456,3468],[3456,3467],[3456,3466],[3456,3465],[3456,3464],[3456,3463],[3456,3462],[3456,3461],[3456,3460],[3456,3459],[3456,3458],[3456,3457],[3456,3456],[3455,3456],[3454,3456],[3453,3456],[3452,3456],[3451,3456],[3450,3456],[3449,3456],[3448,3456],[3447,3456],[3446,3456],[3445,3456],[3444,3456],[3443,3456],[3442,3456],[3441,3456],[3440,3456],[3439,3456],[3438,3456],[3437,3456],[3436,3456],[3435,3456],[3434,3456],[3433,3456],[3432,3456],[3431,3456],[3430,3456],[3429,3456],[3428,3456],[3427,3456],[3426,3456],[3425,3456],[3424,3456],[3423,3456],[3422,3456],[3421,3456],[3420,3456],[3419,3456],[3418,3456],[3417,3456],[3416,3456],[3415,3456],[3414,3456],[3413,3456],[3412,3456],[3411,3456],[3410,3456],[3409,3456],[3408,3456],[3407,3456],[3406,3456],[3405,3456],[3404,3456],[3403,3456],[3402,3456],[3401,3456],[3400,3456],[3399,3456],[3398,3456],[3397,3456],[3396,3456],[3395,3456],[3394,3456],[3393,3456],[3392,3456]]],[[[3392,3520],[3393,3520],[3394,3520],[3395,3520],[3396,3520],[3397,3520],[3398,3520],[3399,3520],[3400,3520],[3401,3520],[3402,3520],[3403,3520],[3404,3520],[3405,3520],[3406,3520],[3407,3520],[3408,3520],[3409,3520],[3410,3520],[3411,3520],[3412,3520],[3413,3520],[3414,3520],[3415,3520],[3416,3520],[3417,3520],[3418,3520],[3419,3520],[3420,3520],[3421,3520],[3422,3520],[3423,3520],[3424,3520],[3425,3520],[3426,3520],[3427,3520],[3428,3520],[3429,3520],[3430,3520],[3431,3520],[3432,3520],[3433,3520],[3434,3520],[3435,3520],[3436,3520],[3437,3520],[3438,3520],[3439,3520],[3440,3520],[3441,3520],[3442,3520],[3443,3520],[3444,3520],[3445,3520],[3446,3520],[3447,3520],[3448,3520],[3449,3520],[3450,3520],[3451,3520],[3452,3520],[3453,3520],[3454,3520],[3455,3520],[3456,3520],[3456,3521],[3456,3522],[3456,3523],[3456,3524],[3456,3525],[3456,3526],[3456,3527],[3456,3528],[3456,3529],[3456,3530],[3456,3531],[3456,3532],[3456,3533],[3456,3534],[3456,3535],[3456,3536],[3456,3537],[3456,3538],[3456,3539],[3456,3540],[3456,3541],[3456,3542],[3456,3543],[3456,3544],[3456,3545],[3456,3546],[3456,3547],[3456,3548],[3456,3549],[3456,3550],[3456,3551],[3456,3552],[3456,3553],[3456,3554],[3456,3555],[3456,3556],[3456,3557],[3456,3558],[3456,3559],[3456,3560],[3456,3561],[3456,3562],[3456,3563],[3456,3564],[3456,3565],[3456,3566],[3456,3567],[3456,3568],[3456,3569],[3456,3570],[3456,3571],[3456,3572],[3456,3573],[3456,3574],[3456,3575],[3456,3576],[3456,3577],[3456,3578],[3456,3579],[3456,3580],[3456,3581],[3456,3582],[3456,3583],[3456,3584],[3455,3584],[3454,3584],[3453,3584],[3452,3584],[3451,3584],[3450,3584],[3449,3584],[3448,3584],[3447,3584],[3446,3584],[3445,3584],[3444,3584],[3443,3584],[3442,3584],[3441,3584],[3440,3584],[3439,3584],[3438,3584],[3437,3584],[3436,3584],[3435,3584],[3434,3584],[3433,3584],[3432,3584],[3431,3584],[3430,3584],[3429,3584],[3428,3584],[3427,3584],[3426,3584],[3425,3584],[3424,3584],[3423,3584],[3422,3584],[3421,3584],[3420,3584],[3419,3584],[3418,3584],[3417,3584],[3416,3584],[3415,3584],[3414,3584],[3413,3584],[3412,3584],[3411,3584],[3410,3584],[3409,3584],[3408,3584],[3407,3584],[3406,3584],[3405,3584],[3404,3584],[3403,3584],[3402,3584],[3401,3584],[3400,3584],[3399,3584],[3398,3584],[3397,3584],[3396,3584],[3395,3584],[3394,3584],[3393,3584],[3392,3584],[3392,3583],[3392,3582],[3392,3581],[3392,3580],[3392,3579],[3392,3578],[3392,3577],[3392,3576],[3392,3575],[3392,3574],[3392,3573],[3392,3572],[3392,3571],[3392,3570],[3392,3569],[3392,3568],[3392,3567],[3392,3566],[3392,3565],[3392,3564],[3392,3563],[3392,3562],[3392,3561],[3392,3560],[3392,3559],[3392,3558],[3392,3557],[3392,3556],[3392,3555],[3392,3554],[3392,3553],[3392,3552],[3392,3551],[3392,3550],[3392,3549],[3392,3548],[3392,3547],[3392,3546],[3392,3545],[3392,3544],[3392,3543],[3392,3542],[3392,3541],[3392,3540],[3392,3539],[3392,3538],[3392,3537],[3392,3536],[3392,3535],[3392,3534],[3392,3533],[3392,3532],[3392,3531],[3392,3530],[3392,3529],[3392,3528],[3392,3527],[3392,3526],[3392,3525],[3392,3524],[3392,3523],[3392,3522],[3392,3521],[3392,3520]]],[[[3392,3520],[3392,3521],[3392,3522],[3392,3523],[3392,3524],[3392,3525],[3392,3526],[3392,3527],[3392,3528],[3392,3529],[3392,3530],[3392,3531],[3392,3532],[3392,3533],[3392,3534],[3392,3535],[3392,3536],[3392,3537],[3392,3538],[3392,3539],[3392,3540],[3392,3541],[3392,3542],[3392,3543],[3392,3544],[3392,3545],[3392,3546],[3392,3547],[3392,3548],[3392,3549],[3392,3550],[3392,3551],[3392,3552],[3392,3553],[3392,3554],[3392,3555],[3392,3556],[3392,3557],[3392,3558],[3392,3559],[3392,3560],[3392,3561],[3392,3562],[3392,3563],[3392,3564],[3392,3565],[3392,3566],[3392,3567],[3392,3568],[3392,3569],[3392,3570],[3392,3571],[3392,3572],[3392,3573],[3392,3574],[3392,3575],[3392,3576],[3392,3577],[3392,3578],[3392,3579],[3392,3580],[3392,3581],[3392,3582],[3392,3583],[3392,3584],[3393,3584],[3394,3584],[3395,3584],[3396,3584],[3397,3584],[3398,3584],[3399,3584],[3400,3584],[3401,3584],[3402,3584],[3403,3584],[3404,3584],[3405,3584],[3406,3584],[3407,3584],[3408,3584],[3409,3584],[3410,3584],[3411,3584],[3412,3584],[3413,3584],[3414,3584],[3415,3584],[3416,3584],[3417,3584],[3418,3584],[3419,3584],[3420,3584],[3421,3584],[3422,3584],[3423,3584],[3424,3584],[3425,3584],[3426,3584],[3427,3584],[3428,3584],[3429,3584],[3430,3584],[3431,3584],[3432,3584],[3433,3584],[3434,3584],[3435,3584],[3436,3584],[3437,3584],[3438,3584],[3439,3584],[3440,3584],[3441,3584],[3442,3584],[3443,3584],[3444,3584],[3445,3584],[3446,3584],[3447,3584],[3448,3584],[3449,3584],[3450,3584],[3451,3584],[3452,3584],[3453,3584],[3454,3584],[3455,3584],[3456,3584],[3456,3583],[3456,3582],[3456,3581],[3456,3580],[3456,3579],[3456,3578],[3456,3577],[3456,3576],[3456,3575],[3456,3574],[3456,3573],[3456,3572],[3456,3571],[3456,3570],[3456,3569],[3456,3568],[3456,3567],[3456,3566],[3456,3565],[3456,3564],[3456,3563],[3456,3562],[3456,3561],[3456,3560],[3456,3559],[3456,3558],[3456,3557],[3456,3556],[3456,3555],[3456,3554],[3456,3553],[3456,3552],[3456,3551],[3456,3550],[3456,3549],[3456,3548],[3456,3547],[3456,3546],[3456,3545],[3456,3544],[3456,3543],[3456,3542],[3456,3541],[3456,3540],[3456,3539],[3456,3538],[3456,3537],[3456,3536],[3456,3535],[3456,3534],[3456,3533],[3456,3532],[3456,3531],[3456,3530],[3456,3529],[3456,3528],[3456,3527],[3456,3526],[3456,3525],[3456,3524],[3456,3523],[3456,3522],[3456,3521],[3456,3520],[3455,3520],[3454,3520],[3453,3520],[3452,3520],[3451,3520],[3450,3520],[3449,3520],[3448,3520],[3447,3520],[3446,3520],[3445,3520],[3444,3520],[3443,3520],[3442,3520],[3441,3520],[3440,3520],[3439,3520],[3438,3520],[3437,3520],[3436,3520],[3435,3520],[3434,3520],[3433,3520],[3432,3520],[3431,3520],[3430,3520],[3429,3520],[3428,3520],[3427,3520],[3426,3520],[3425,3520],[3424,3520],[3423,3520],[3422,3520],[3421,3520],[3420,3520],[3419,3520],[3418,3520],[3417,3520],[3416,3520],[3415,3520],[3414,3520],[3413,3520],[3412,3520],[3411,3520],[3410,3520],[3409,3520],[3408,3520],[3407,3520],[3406,3520],[3405,3520],[3404,3520],[3403,3520],[3402,3520],[3401,3520],[3400,3520],[3399,3520],[3398,3520],[3397,3520],[3396,3520],[3395,3520],[3394,3520],[3393,3520],[3392,3520]]],[[[3392,3584],[3393,3584],[3394,3584],[3395,3584],[3396,3584],[3397,3584],[3398,3584],[3399,3584],[3400,3584],[3401,3584],[3402,3584],[3403,3584],[3404,3584],[3405,3584],[3406,3584],[3407,3584],[3408,3584],[3409,3584],[3410,3584],[3411,3584],[3412,3584],[3413,3584],[3414,3584],[3415,3584],[3416,3584],[3417,3584],[3418,3584],[3419,3584],[3420,3584],[3421,3584],[3422,3584],[3423,3584],[3424,3584],[3425,3584],[3426,3584],[3427,3584],[3428,3584],[3429,3584],[3430,3584],[3431,3584],[3432,3584],[3433,3584],[3434,3584],[3435,3584],[3436,3584],[3437,3584],[3438,3584],[3439,3584],[3440,3584],[3441,3584],[3442,3584],[3443,3584],[3444,3584],[3445,3584],[3446,3584],[3447,3584],[3448,3584],[3449,3584],[3450,3584],[3451,3584],[3452,3584],[3453,3584],[3454,3584],[3455,3584],[3456,3584],[3456,3585],[3456,3586],[3456,3587],[3456,3588],[3456,3589],[3456,3590],[3456,3591],[3456,3592],[3456,3593],[3456,3594],[3456,3595],[3456,3596],[3456,3597],[3456,3598],[3456,3599],[3456,3600],[3456,3601],[3456,3602],[3456,3603],[3456,3604],[3456,3605],[3456,3606],[3456,3607],[3456,3608],[3456,3609],[3456,3610],[3456,3611],[3456,3612],[3456,3613],[3456,3614],[3456,3615],[3456,3616],[3456,3617],[3456,3618],[3456,3619],[3456,3620],[3456,3621],[3456,3622],[3456,3623],[3456,3624],[3456,3625],[3456,3626],[3456,3627],[3456,3628],[3456,3629],[3456,3630],[3456,3631],[3456,3632],[3456,3633],[3456,3634],[3456,3635],[3456,3636],[3456,3637],[3456,3638],[3456,3639],[3456,3640],[3456,3641],[3456,3642],[3456,3643],[3456,3644],[3456,3645],[3456,3646],[3456,3647],[3456,3648],[3455,3648],[3454,3648],[3453,3648],[3452,3648],[3451,3648],[3450,3648],[3449,3648],[3448,3648],[3447,3648],[3446,3648],[3445,3648],[3444,3648],[3443,3648],[3442,3648],[3441,3648],[3440,3648],[3439,3648],[3438,3648],[3437,3648],[3436,3648],[3435,3648],[3434,3648],[3433,3648],[3432,3648],[3431,3648],[3430,3648],[3429,3648],[3428,3648],[3427,3648],[3426,3648],[3425,3648],[3424,3648],[3423,3648],[3422,3648],[3421,3648],[3420,3648],[3419,3648],[3418,3648],[3417,3648],[3416,3648],[3415,3648],[3414,3648],[3413,3648],[3412,3648],[3411,3648],[3410,3648],[3409,3648],[3408,3648],[3407,3648],[3406,3648],[3405,3648],[3404,3648],[3403,3648],[3402,3648],[3401,3648],[3400,3648],[3399,3648],[3398,3648],[3397,3648],[3396,3648],[3395,3648],[3394,3648],[3393,3648],[3392,3648],[3392,3647],[3392,3646],[3392,3645],[3392,3644],[3392,3643],[3392,3642],[3392,3641],[3392,3640],[3392,3639],[3392,3638],[3392,3637],[3392,3636],[3392,3635],[3392,3634],[3392,3633],[3392,3632],[3392,3631],[3392,3630],[3392,3629],[3392,3628],[3392,3627],[3392,3626],[3392,3625],[3392,3624],[3392,3623],[3392,3622],[3392,3621],[3392,3620],[3392,3619],[3392,3618],[3392,3617],[3392,3616],[3392,3615],[3392,3614],[3392,3613],[3392,3612],[3392,3611],[3392,3610],[3392,3609],[3392,3608],[3392,3607],[3392,3606],[3392,3605],[3392,3604],[3392,3603],[3392,3602],[3392,3601],[3392,3600],[3392,3599],[3392,3598],[3392,3597],[3392,3596],[3392,3595],[3392,3594],[3392,3593],[3392,3592],[3392,3591],[3392,3590],[3392,3589],[3392,3588],[3392,3587],[3392,3586],[3392,3585],[3392,3584]]],[[[3392,3584],[3392,3585],[3392,3586],[3392,3587],[3392,3588],[3392,3589],[3392,3590],[3392,3591],[3392,3592],[3392,3593],[3392,3594],[3392,3595],[3392,3596],[3392,3597],[3392,3598],[3392,3599],[3392,3600],[3392,3601],[3392,3602],[3392,3603],[3392,3604],[3392,3605],[3392,3606],[3392,3607],[3392,3608],[3392,3609],[3392,3610],[3392,3611],[3392,3612],[3392,3613],[3392,3614],[3392,3615],[3392,3616],[3392,3617],[3392,3618],[3392,3619],[3392,3620],[3392,3621],[3392,3622],[3392,3623],[3392,3624],[3392,3625],[3392,3626],[3392,3627],[3392,3628],[3392,3629],[3392,3630],[3392,3631],[3392,3632],[3392,3633],[3392,3634],[3392,3635],[3392,3636],[3392,3637],[3392,3638],[3392,3639],[3392,3640],[3392,3641],[3392,3642],[3392,3643],[3392,3644],[3392,3645],[3392,3646],[3392,3647],[3392,3648],[3393,3648],[3394,3648],[3395,3648],[3396,3648],[3397,3648],[3398,3648],[3399,3648],[3400,3648],[3401,3648],[3402,3648],[3403,3648],[3404,3648],[3405,3648],[3406,3648],[3407,3648],[3408,3648],[3409,3648],[3410,3648],[3411,3648],[3412,3648],[3413,3648],[3414,3648],[3415,3648],[3416,3648],[3417,3648],[3418,3648],[3419,3648],[3420,3648],[3421,3648],[3422,3648],[3423,3648],[3424,3648],[3425,3648],[3426,3648],[3427,3648],[3428,3648],[3429,3648],[3430,3648],[3431,3648],[3432,3648],[3433,3648],[3434,3648],[3435,3648],[3436,3648],[3437,3648],[3438,3648],[3439,3648],[3440,3648],[3441,3648],[3442,3648],[3443,3648],[3444,3648],[3445,3648],[3446,3648],[3447,3648],[3448,3648],[3449,3648],[3450,3648],[3451,3648],[3452,3648],[3453,3648],[3454,3648],[3455,3648],[3456,3648],[3456,3647],[3456,3646],[3456,3645],[3456,3644],[3456,3643],[3456,3642],[3456,3641],[3456,3640],[3456,3639],[3456,3638],[3456,3637],[3456,3636],[3456,3635],[3456,3634],[3456,3633],[3456,3632],[3456,3631],[3456,3630],[3456,3629],[3456,3628],[3456,3627],[3456,3626],[3456,3625],[3456,3624],[3456,3623],[3456,3622],[3456,3621],[3456,3620],[3456,3619],[3456,3618],[3456,3617],[3456,3616],[3456,3615],[3456,3614],[3456,3613],[3456,3612],[3456,3611],[3456,3610],[3456,3609],[3456,3608],[3456,3607],[3456,3606],[3456,3605],[3456,3604],[3456,3603],[3456,3602],[3456,3601],[3456,3600],[3456,3599],[3456,3598],[3456,3597],[3456,3596],[3456,3595],[3456,3594],[3456,3593],[3456,3592],[3456,3591],[3456,3590],[3456,3589],[3456,3588],[3456,3587],[3456,3586],[3456,3585],[3456,3584],[3455,3584],[3454,3584],[3453,3584],[3452,3584],[3451,3584],[3450,3584],[3449,3584],[3448,3584],[3447,3584],[3446,3584],[3445,3584],[3444,3584],[3443,3584],[3442,3584],[3441,3584],[3440,3584],[3439,3584],[3438,3584],[3437,3584],[3436,3584],[3435,3584],[3434,3584],[3433,3584],[3432,3584],[3431,3584],[3430,3584],[3429,3584],[3428,3584],[3427,3584],[3426,3584],[3425,3584],[3424,3584],[3423,3584],[3422,3584],[3421,3584],[3420,3584],[3419,3584],[3418,3584],[3417,3584],[3416,3584],[3415,3584],[3414,3584],[3413,3584],[3412,3584],[3411,3584],[3410,3584],[3409,3584],[3408,3584],[3407,3584],[3406,3584],[3405,3584],[3404,3584],[3403,3584],[3402,3584],[3401,3584],[3400,3584],[3399,3584],[3398,3584],[3397,3584],[3396,3584],[3395,3584],[3394,3584],[3393,3584],[3392,3584]]],[[[3492,3136],[3493,3136],[3494,3136],[3495,3136],[3496,3136],[3497,3136],[3498,3136],[3499,3136],[3500,3136],[3501,3136],[3502,3136],[3503,3136],[3504,3136],[3505,3136],[3506,3136],[3507,3136],[3508,3136],[3509,3136],[3510,3136],[3511,3136],[3512,3136],[3513,3136],[3514,3136],[3515,3136],[3516,3136],[3517,3136],[3518,3136],[3519,3136],[3520,3136],[3520,3137],[3520,3138],[3520,3139],[3520,3140],[3520,3141],[3520,3142],[3520,3143],[3520,3144],[3520,3145],[3520,3146],[3520,3147],[3520,3148],[3520,3149],[3520,3150],[3520,3151],[3520,3152],[3520,3153],[3520,3154],[3520,3155],[3520,3156],[3520,3157],[3520,3158],[3520,3159],[3520,3160],[3520,3161],[3520,3162],[3520,3163],[3520,3164],[3520,3165],[3520,3166],[3520,3167],[3520,3168],[3520,3169],[3520,3170],[3520,3171],[3520,3172],[3520,3173],[3520,3174],[3520,3175],[3520,3176],[3520,3177],[3520,3178],[3520,3179],[3520,3180],[3520,3181],[3520,3182],[3520,3183],[3520,3184],[3520,3185],[3520,3186],[3520,3187],[3520,3188],[3520,3189],[3520,3190],[3520,3191],[3520,3192],[3520,3193],[3520,3194],[3520,3195],[3520,3196],[3520,3197],[3520,3198],[3520,3199],[3520,3200],[3519,3200],[3518,3200],[3517,3200],[3516,3200],[3515,3200],[3514,3200],[3513,3200],[3512,3200],[3511,3200],[3510,3200],[3509,3200],[3508,3200],[3507,3200],[3506,3200],[3505,3200],[3504,3200],[3503,3200],[3502,3200],[3501,3200],[3500,3200],[3499,3200],[3498,3200],[3497,3200],[3496,3200],[3495,3200],[3494,3200],[3493,3200],[3492,3200],[3491,3200],[3490,3200],[3489,3200],[3488,3200],[3487,3200],[3486,3200],[3485,3200],[3484,3200],[3483,3200],[3482,3200],[3481,3200],[3480,3200],[3479,3200],[3478,3200],[3477,3200],[3476,3200],[3475,3200],[3474,3200],[3473,3200],[3472,3200],[3471,3200],[3470,3200],[3469,3200],[3468,3200],[3467,3200],[3466,3200],[3465,3200],[3464,3200],[3463,3200],[3462,3200],[3461,3200],[3460,3200],[3459,3200],[3458,3200],[3457,3200],[3456,3200],[3456,3199],[3456,3198],[3456,3197],[3456,3196],[3456,3195],[3456,3194],[3456,3193],[3456,3192],[3456,3191],[3456,3190],[3456,3189],[3456,3188],[3456,3187],[3456,3186],[3456,3185],[3456,3184],[3456,3183],[3456,3182],[3456,3181],[3456,3180],[3456,3179],[3456,3178],[3456,3177],[3456,3176],[3456,3175],[3456,3174],[3456,3173],[3456,3172],[3456,3171],[3456,3170],[3456,3169],[3456,3168],[3456,3167],[3456,3166],[3456,3165],[3456,3164],[3456,3163],[3456,3162],[3456,3161],[3456,3160],[3456,3159],[3456,3158],[3456,3157],[3456,3156],[3456,3155],[3456,3154],[3456,3153],[3457,3153],[3458,3153],[3459,3153],[3460,3153],[3461,3153],[3461,3154],[3462,3154],[3463,3154],[3463,3153],[3464,3153],[3465,3153],[3466,3153],[3467,3153],[3468,3153],[3468,3152],[3469,3152],[3470,3152],[3471,3152],[3471,3151],[3472,3151],[3473,3151],[3473,3150],[3474,3150],[3475,3150],[3475,3149],[3476,3149],[3477,3149],[3477,3148],[3478,3148],[3479,3148],[3479,3147],[3480,3147],[3481,3147],[3481,3146],[3482,3146],[3483,3146],[3483,3145],[3484,3145],[3484,3144],[3485,3144],[3485,3143],[3486,3143],[3486,3142],[3487,3142],[3487,3141],[3488,3141],[3488,3140],[3489,3140],[3489,3139],[3490,3139],[3490,3138],[3491,3138],[3491,3137],[3492,3137],[3492,3136]]],[[[3492,3136],[3492,3137],[3491,3137],[3491,3138],[3490,3138],[3490,3139],[3489,3139],[3489,3140],[3488,3140],[3488,3141],[3487,3141],[3487,3142],[3486,3142],[3486,3143],[3485,3143],[3485,3144],[3484,3144],[3484,3145],[3483,3145],[3483,3146],[3482,3146],[3481,3146],[3481,3147],[3480,3147],[3479,3147],[3479,3148],[3478,3148],[3477,3148],[3477,3149],[3476,3149],[3475,3149],[3475,3150],[3474,3150],[3473,3150],[3473,3151],[3472,3151],[3471,3151],[3471,3152],[3470,3152],[3469,3152],[3468,3152],[3468,3153],[3467,3153],[3466,3153],[3465,3153],[3464,3153],[3463,3153],[3463,3154],[3462,3154],[3461,3154],[3461,3153],[3460,3153],[3459,3153],[3458,3153],[3457,3153],[3456,3153],[3456,3154],[3456,3155],[3456,3156],[3456,3157],[3456,3158],[3456,3159],[3456,3160],[3456,3161],[3456,3162],[3456,3163],[3456,3164],[3456,3165],[3456,3166],[3456,3167],[3456,3168],[3456,3169],[3456,3170],[3456,3171],[3456,3172],[3456,3173],[3456,3174],[3456,3175],[3456,3176],[3456,3177],[3456,3178],[3456,3179],[3456,3180],[3456,3181],[3456,3182],[3456,3183],[3456,3184],[3456,3185],[3456,3186],[3456,3187],[3456,3188],[3456,3189],[3456,3190],[3456,3191],[3456,3192],[3456,3193],[3456,3194],[3456,3195],[3456,3196],[3456,3197],[3456,3198],[3456,3199],[3456,3200],[3457,3200],[3458,3200],[3459,3200],[3460,3200],[3461,3200],[3462,3200],[3463,3200],[3464,3200],[3465,3200],[3466,3200],[3467,3200],[3468,3200],[3469,3200],[3470,3200],[3471,3200],[3472,3200],[3473,3200],[3474,3200],[3475,3200],[3476,3200],[3477,3200],[3478,3200],[3479,3200],[3480,3200],[3481,3200],[3482,3200],[3483,3200],[3484,3200],[3485,3200],[3486,3200],[3487,3200],[3488,3200],[3489,3200],[3490,3200],[3491,3200],[3492,3200],[3493,3200],[3494,3200],[3495,3200],[3496,3200],[3497,3200],[3498,3200],[3499,3200],[3500,3200],[3501,3200],[3502,3200],[3503,3200],[3504,3200],[3505,3200],[3506,3200],[3507,3200],[3508,3200],[3509,3200],[3510,3200],[3511,3200],[3512,3200],[3513,3200],[3514,3200],[3515,3200],[3516,3200],[3517,3200],[3518,3200],[3519,3200],[3520,3200],[3520,3199],[3520,3198],[3520,3197],[3520,3196],[3520,3195],[3520,3194],[3520,3193],[3520,3192],[3520,3191],[3520,3190],[3520,3189],[3520,3188],[3520,3187],[3520,3186],[3520,3185],[3520,3184],[3520,3183],[3520,3182],[3520,3181],[3520,3180],[3520,3179],[3520,3178],[3520,3177],[3520,3176],[3520,3175],[3520,3174],[3520,3173],[3520,3172],[3520,3171],[3520,3170],[3520,3169],[3520,3168],[3520,3167],[3520,3166],[3520,3165],[3520,3164],[3520,3163],[3520,3162],[3520,3161],[3520,3160],[3520,3159],[3520,3158],[3520,3157],[3520,3156],[3520,3155],[3520,3154],[3520,3153],[3520,3152],[3520,3151],[3520,3150],[3520,3149],[3520,3148],[3520,3147],[3520,3146],[3520,3145],[3520,3144],[3520,3143],[3520,3142],[3520,3141],[3520,3140],[3520,3139],[3520,3138],[3520,3137],[3520,3136],[3519,3136],[3518,3136],[3517,3136],[3516,3136],[3515,3136],[3514,3136],[3513,3136],[3512,3136],[3511,3136],[3510,3136],[3509,3136],[3508,3136],[3507,3136],[3506,3136],[3505,3136],[3504,3136],[3503,3136],[3502,3136],[3501,3136],[3500,3136],[3499,3136],[3498,3136],[3497,3136],[3496,3136],[3495,3136],[3494,3136],[3493,3136],[3492,3136]]],[[[3520,2880],[3521,2880],[3522,2880],[3523,2880],[3524,2880],[3525,2880],[3526,2880],[3527,2880],[3528,2880],[3529,2880],[3530,2880],[3531,2880],[3532,2880],[3533,2880],[3534,2880],[3535,2880],[3536,2880],[3537,2880],[3538,2880],[3539,2880],[3540,2880],[3541,2880],[3542,2880],[3543,2880],[3544,2880],[3545,2880],[3546,2880],[3547,2880],[3548,2880],[3549,2880],[3550,2880],[3551,2880],[3552,2880],[3553,2880],[3554,2880],[3555,2880],[3556,2880],[3557,2880],[3558,2880],[3559,2880],[3560,2880],[3561,2880],[3562,2880],[3563,2880],[3564,2880],[3565,2880],[3566,2880],[3567,2880],[3568,2880],[3569,2880],[3570,2880],[3571,2880],[3572,2880],[3573,2880],[3574,2880],[3575,2880],[3576,2880],[3577,2880],[3578,2880],[3579,2880],[3580,2880],[3581,2880],[3582,2880],[3583,2880],[3584,2880],[3584,2881],[3584,2882],[3584,2883],[3584,2884],[3584,2885],[3584,2886],[3584,2887],[3584,2888],[3584,2889],[3584,2890],[3584,2891],[3584,2892],[3584,2893],[3584,2894],[3584,2895],[3584,2896],[3584,2897],[3584,2898],[3584,2899],[3584,2900],[3584,2901],[3584,2902],[3584,2903],[3584,2904],[3584,2905],[3584,2906],[3584,2907],[3584,2908],[3584,2909],[3584,2910],[3584,2911],[3584,2912],[3584,2913],[3584,2914],[3584,2915],[3584,2916],[3584,2917],[3584,2918],[3584,2919],[3584,2920],[3584,2921],[3584,2922],[3584,2923],[3584,2924],[3584,2925],[3584,2926],[3584,2927],[3584,2928],[3584,2929],[3584,2930],[3584,2931],[3584,2932],[3584,2933],[3584,2934],[3584,2935],[3584,2936],[3584,2937],[3584,2938],[3584,2939],[3584,2940],[3584,2941],[3584,2942],[3584,2943],[3584,2944],[3583,2944],[3582,2944],[3581,2944],[3580,2944],[3579,2944],[3578,2944],[3577,2944],[3576,2944],[3575,2944],[3574,2944],[3573,2944],[3572,2944],[3571,2944],[3570,2944],[3569,2944],[3568,2944],[3567,2944],[3566,2944],[3565,2944],[3564,2944],[3563,2944],[3562,2944],[3561,2944],[3560,2944],[3559,2944],[3558,2944],[3557,2944],[3556,2944],[3555,2944],[3554,2944],[3553,2944],[3552,2944],[3551,2944],[3550,2944],[3549,2944],[3548,2944],[3547,2944],[3546,2944],[3545,2944],[3544,2944],[3543,2944],[3542,2944],[3541,2944],[3541,2943],[3540,2943],[3539,2943],[3539,2942],[3538,2942],[3538,2941],[3537,2941],[3537,2940],[3536,2940],[3535,2940],[3535,2939],[3534,2939],[3533,2939],[3533,2938],[3532,2938],[3531,2938],[3530,2938],[3530,2937],[3529,2937],[3528,2937],[3527,2937],[3527,2936],[3526,2936],[3525,2936],[3524,2936],[3524,2935],[3523,2935],[3522,2935],[3521,2935],[3521,2934],[3520,2934],[3520,2933],[3520,2932],[3520,2931],[3520,2930],[3520,2929],[3520,2928],[3520,2927],[3520,2926],[3520,2925],[3520,2924],[3520,2923],[3520,2922],[3520,2921],[3520,2920],[3520,2919],[3520,2918],[3520,2917],[3520,2916],[3520,2915],[3520,2914],[3520,2913],[3520,2912],[3520,2911],[3520,2910],[3520,2909],[3520,2908],[3520,2907],[3520,2906],[3520,2905],[3520,2904],[3520,2903],[3520,2902],[3520,2901],[3520,2900],[3520,2899],[3520,2898],[3520,2897],[3520,2896],[3520,2895],[3520,2894],[3520,2893],[3520,2892],[3520,2891],[3520,2890],[3520,2889],[3520,2888],[3520,2887],[3520,2886],[3520,2885],[3520,2884],[3520,2883],[3520,2882],[3520,2881],[3520,2880]]],[[[3520,2880],[3520,2881],[3520,2882],[3520,2883],[3520,2884],[3520,2885],[3520,2886],[3520,2887],[3520,2888],[3520,2889],[3520,2890],[3520,2891],[3520,2892],[3520,2893],[3520,2894],[3520,2895],[3520,2896],[3520,2897],[3520,2898],[3520,2899],[3520,2900],[3520,2901],[3520,2902],[3520,2903],[3520,2904],[3520,2905],[3520,2906],[3520,2907],[3520,2908],[3520,2909],[3520,2910],[3520,2911],[3520,2912],[3520,2913],[3520,2914],[3520,2915],[3520,2916],[3520,2917],[3520,2918],[3520,2919],[3520,2920],[3520,2921],[3520,2922],[3520,2923],[3520,2924],[3520,2925],[3520,2926],[3520,2927],[3520,2928],[3520,2929],[3520,2930],[3520,2931],[3520,2932],[3520,2933],[3520,2934],[3521,2934],[3521,2935],[3522,2935],[3523,2935],[3524,2935],[3524,2936],[3525,2936],[3526,2936],[3527,2936],[3527,2937],[3528,2937],[3529,2937],[3530,2937],[3530,2938],[3531,2938],[3532,2938],[3533,2938],[3533,2939],[3534,2939],[3535,2939],[3535,2940],[3536,2940],[3537,2940],[3537,2941],[3538,2941],[3538,2942],[3539,2942],[3539,2943],[3540,2943],[3541,2943],[3541,2944],[3542,2944],[3543,2944],[3544,2944],[3545,2944],[3546,2944],[3547,2944],[3548,2944],[3549,2944],[3550,2944],[3551,2944],[3552,2944],[3553,2944],[3554,2944],[3555,2944],[3556,2944],[3557,2944],[3558,2944],[3559,2944],[3560,2944],[3561,2944],[3562,2944],[3563,2944],[3564,2944],[3565,2944],[3566,2944],[3567,2944],[3568,2944],[3569,2944],[3570,2944],[3571,2944],[3572,2944],[3573,2944],[3574,2944],[3575,2944],[3576,2944],[3577,2944],[3578,2944],[3579,2944],[3580,2944],[3581,2944],[3582,2944],[3583,2944],[3584,2944],[3584,2943],[3584,2942],[3584,2941],[3584,2940],[3584,2939],[3584,2938],[3584,2937],[3584,2936],[3584,2935],[3584,2934],[3584,2933],[3584,2932],[3584,2931],[3584,2930],[3584,2929],[3584,2928],[3584,2927],[3584,2926],[3584,2925],[3584,2924],[3584,2923],[3584,2922],[3584,2921],[3584,2920],[3584,2919],[3584,2918],[3584,2917],[3584,2916],[3584,2915],[3584,2914],[3584,2913],[3584,2912],[3584,2911],[3584,2910],[3584,2909],[3584,2908],[3584,2907],[3584,2906],[3584,2905],[3584,2904],[3584,2903],[3584,2902],[3584,2901],[3584,2900],[3584,2899],[3584,2898],[3584,2897],[3584,2896],[3584,2895],[3584,2894],[3584,2893],[3584,2892],[3584,2891],[3584,2890],[3584,2889],[3584,2888],[3584,2887],[3584,2886],[3584,2885],[3584,2884],[3584,2883],[3584,2882],[3584,2881],[3584,2880],[3583,2880],[3582,2880],[3581,2880],[3580,2880],[3579,2880],[3578,2880],[3577,2880],[3576,2880],[3575,2880],[3574,2880],[3573,2880],[3572,2880],[3571,2880],[3570,2880],[3569,2880],[3568,2880],[3567,2880],[3566,2880],[3565,2880],[3564,2880],[3563,2880],[3562,2880],[3561,2880],[3560,2880],[3559,2880],[3558,2880],[3557,2880],[3556,2880],[3555,2880],[3554,2880],[3553,2880],[3552,2880],[3551,2880],[3550,2880],[3549,2880],[3548,2880],[3547,2880],[3546,2880],[3545,2880],[3544,2880],[3543,2880],[3542,2880],[3541,2880],[3540,2880],[3539,2880],[3538,2880],[3537,2880],[3536,2880],[3535,2880],[3534,2880],[3533,2880],[3532,2880],[3531,2880],[3530,2880],[3529,2880],[3528,2880],[3527,2880],[3526,2880],[3525,2880],[3524,2880],[3523,2880],[3522,2880],[3521,2880],[3520,2880]]],[[[3542,2944],[3543,2944],[3544,2944],[3545,2944],[3546,2944],[3547,2944],[3548,2944],[3549,2944],[3550,2944],[3551,2944],[3552,2944],[3553,2944],[3554,2944],[3555,2944],[3556,2944],[3557,2944],[3558,2944],[3559,2944],[3560,2944],[3561,2944],[3562,2944],[3563,2944],[3564,2944],[3565,2944],[3566,2944],[3567,2944],[3568,2944],[3569,2944],[3570,2944],[3571,2944],[3572,2944],[3573,2944],[3574,2944],[3575,2944],[3576,2944],[3577,2944],[3578,2944],[3579,2944],[3580,2944],[3581,2944],[3582,2944],[3583,2944],[3584,2944],[3584,2945],[3584,2946],[3584,2947],[3584,2948],[3584,2949],[3584,2950],[3584,2951],[3584,2952],[3584,2953],[3584,2954],[3584,2955],[3584,2956],[3584,2957],[3584,2958],[3584,2959],[3584,2960],[3584,2961],[3584,2962],[3584,2963],[3584,2964],[3584,2965],[3584,2966],[3584,2967],[3584,2968],[3584,2969],[3584,2970],[3584,2971],[3584,2972],[3584,2973],[3584,2974],[3584,2975],[3584,2976],[3584,2977],[3584,2978],[3584,2979],[3584,2980],[3584,2981],[3584,2982],[3584,2983],[3584,2984],[3584,2985],[3584,2986],[3584,2987],[3584,2988],[3584,2989],[3584,2990],[3584,2991],[3584,2992],[3584,2993],[3584,2994],[3584,2995],[3584,2996],[3584,2997],[3584,2998],[3584,2999],[3584,3000],[3584,3001],[3584,3002],[3584,3003],[3584,3004],[3584,3005],[3584,3006],[3584,3007],[3584,3008],[3583,3008],[3582,3008],[3581,3008],[3580,3008],[3579,3008],[3578,3008],[3577,3008],[3576,3008],[3575,3008],[3574,3008],[3573,3008],[3572,3008],[3571,3008],[3570,3008],[3569,3008],[3568,3008],[3567,3008],[3566,3008],[3565,3008],[3564,3008],[3563,3008],[3562,3008],[3561,3008],[3560,3008],[3559,3008],[3558,3008],[3557,3008],[3556,3008],[3555,3008],[3554,3008],[3553,3008],[3552,3008],[3551,3008],[3550,3008],[3549,3008],[3548,3008],[3547,3008],[3546,3008],[3545,3008],[3544,3008],[3543,3008],[3542,3008],[3541,3008],[3540,3008],[3539,3008],[3538,3008],[3537,3008],[3536,3008],[3535,3008],[3534,3008],[3533,3008],[3532,3008],[3531,3008],[3530,3008],[3529,3008],[3528,3008],[3527,3008],[3526,3008],[3525,3008],[3524,3008],[3523,3008],[3522,3008],[3521,3008],[3520,3008],[3520,3007],[3520,3006],[3520,3005],[3520,3004],[3520,3003],[3520,3002],[3520,3001],[3520,3000],[3520,2999],[3520,2998],[3520,2997],[3520,2996],[3520,2995],[3520,2994],[3520,2993],[3521,2993],[3522,2993],[3522,2994],[3523,2994],[3524,2994],[3524,2995],[3525,2995],[3526,2995],[3527,2995],[3528,2995],[3529,2995],[3529,2996],[3530,2996],[3530,2995],[3531,2995],[3532,2995],[3533,2995],[3534,2995],[3535,2995],[3535,2994],[3536,2994],[3537,2994],[3537,2993],[3538,2993],[3539,2993],[3539,2992],[3540,2992],[3540,2991],[3541,2991],[3541,2990],[3542,2990],[3542,2989],[3542,2988],[3543,2988],[3543,2987],[3543,2986],[3544,2986],[3544,2985],[3544,2984],[3544,2983],[3544,2982],[3544,2981],[3545,2981],[3545,2980],[3544,2980],[3544,2979],[3544,2978],[3544,2977],[3544,2976],[3544,2975],[3545,2975],[3545,2974],[3545,2973],[3546,2973],[3546,2972],[3546,2971],[3547,2971],[3547,2970],[3547,2969],[3547,2968],[3547,2967],[3547,2966],[3548,2966],[3548,2965],[3547,2965],[3547,2964],[3547,2963],[3548,2963],[3548,2962],[3547,2962],[3547,2961],[3547,2960],[3548,2960],[3548,2959],[3547,2959],[3547,2958],[3547,2957],[3547,2956],[3547,2955],[3547,2954],[3546,2954],[3546,2953],[3546,2952],[3546,2951],[3546,2950],[3545,2950],[3545,2949],[3545,2948],[3544,2948],[3544,2947],[3544,2946],[3543,2946],[3543,2945],[3542,2945],[3542,2944]]],[[[3542,2944],[3542,2945],[3543,2945],[3543,2946],[3544,2946],[3544,2947],[3544,2948],[3545,2948],[3545,2949],[3545,2950],[3546,2950],[3546,2951],[3546,2952],[3546,2953],[3546,2954],[3547,2954],[3547,2955],[3547,2956],[3547,2957],[3547,2958],[3547,2959],[3548,2959],[3548,2960],[3547,2960],[3547,2961],[3547,2962],[3548,2962],[3548,2963],[3547,2963],[3547,2964],[3547,2965],[3548,2965],[3548,2966],[3547,2966],[3547,2967],[3547,2968],[3547,2969],[3547,2970],[3547,2971],[3546,2971],[3546,2972],[3546,2973],[3545,2973],[3545,2974],[3545,2975],[3544,2975],[3544,2976],[3544,2977],[3544,2978],[3544,2979],[3544,2980],[3545,2980],[3545,2981],[3544,2981],[3544,2982],[3544,2983],[3544,2984],[3544,2985],[3544,2986],[3543,2986],[3543,2987],[3543,2988],[3542,2988],[3542,2989],[3542,2990],[3541,2990],[3541,2991],[3540,2991],[3540,2992],[3539,2992],[3539,2993],[3538,2993],[3537,2993],[3537,2994],[3536,2994],[3535,2994],[3535,2995],[3534,2995],[3533,2995],[3532,2995],[3531,2995],[3530,2995],[3530,2996],[3529,2996],[3529,2995],[3528,2995],[3527,2995],[3526,2995],[3525,2995],[3524,2995],[3524,2994],[3523,2994],[3522,2994],[3522,2993],[3521,2993],[3520,2993],[3520,2994],[3520,2995],[3520,2996],[3520,2997],[3520,2998],[3520,2999],[3520,3000],[3520,3001],[3520,3002],[3520,3003],[3520,3004],[3520,3005],[3520,3006],[3520,3007],[3520,3008],[3521,3008],[3522,3008],[3523,3008],[3524,3008],[3525,3008],[3526,3008],[3527,3008],[3528,3008],[3529,3008],[3530,3008],[3531,3008],[3532,3008],[3533,3008],[3534,3008],[3535,3008],[3536,3008],[3537,3008],[3538,3008],[3539,3008],[3540,3008],[3541,3008],[3542,3008],[3543,3008],[3544,3008],[3545,3008],[3546,3008],[3547,3008],[3548,3008],[3549,3008],[3550,3008],[3551,3008],[3552,3008],[3553,3008],[3554,3008],[3555,3008],[3556,3008],[3557,3008],[3558,3008],[3559,3008],[3560,3008],[3561,3008],[3562,3008],[3563,3008],[3564,3008],[3565,3008],[3566,3008],[3567,3008],[3568,3008],[3569,3008],[3570,3008],[3571,3008],[3572,3008],[3573,3008],[3574,3008],[3575,3008],[3576,3008],[3577,3008],[3578,3008],[3579,3008],[3580,3008],[3581,3008],[3582,3008],[3583,3008],[3584,3008],[3584,3007],[3584,3006],[3584,3005],[3584,3004],[3584,3003],[3584,3002],[3584,3001],[3584,3000],[3584,2999],[3584,2998],[3584,2997],[3584,2996],[3584,2995],[3584,2994],[3584,2993],[3584,2992],[3584,2991],[3584,2990],[3584,2989],[3584,2988],[3584,2987],[3584,2986],[3584,2985],[3584,2984],[3584,2983],[3584,2982],[3584,2981],[3584,2980],[3584,2979],[3584,2978],[3584,2977],[3584,2976],[3584,2975],[3584,2974],[3584,2973],[3584,2972],[3584,2971],[3584,2970],[3584,2969],[3584,2968],[3584,2967],[3584,2966],[3584,2965],[3584,2964],[3584,2963],[3584,2962],[3584,2961],[3584,2960],[3584,2959],[3584,2958],[3584,2957],[3584,2956],[3584,2955],[3584,2954],[3584,2953],[3584,2952],[3584,2951],[3584,2950],[3584,2949],[3584,2948],[3584,2947],[3584,2946],[3584,2945],[3584,2944],[3583,2944],[3582,2944],[3581,2944],[3580,2944],[3579,2944],[3578,2944],[3577,2944],[3576,2944],[3575,2944],[3574,2944],[3573,2944],[3572,2944],[3571,2944],[3570,2944],[3569,2944],[3568,2944],[3567,2944],[3566,2944],[3565,2944],[3564,2944],[3563,2944],[3562,2944],[3561,2944],[3560,2944],[3559,2944],[3558,2944],[3557,2944],[3556,2944],[3555,2944],[3554,2944],[3553,2944],[3552,2944],[3551,2944],[3550,2944],[3549,2944],[3548,2944],[3547,2944],[3546,2944],[3545,2944],[3544,2944],[3543,2944],[3542,2944]]],[[[3712,2944],[3713,2944],[3714,2944],[3715,2944],[3716,2944],[3717,2944],[3718,2944],[3719,2944],[3720,2944],[3721,2944],[3722,2944],[3723,2944],[3724,2944],[3725,2944],[3726,2944],[3727,2944],[3728,2944],[3729,2944],[3730,2944],[3731,2944],[3732,2944],[3733,2944],[3734,2944],[3735,2944],[3736,2944],[3737,2944],[3738,2944],[3739,2944],[3740,2944],[3741,2944],[3742,2944],[3743,2944],[3744,2944],[3745,2944],[3746,2944],[3747,2944],[3748,2944],[3749,2944],[3750,2944],[3751,2944],[3752,2944],[3753,2944],[3754,2944],[3755,2944],[3756,2944],[3757,2944],[3758,2944],[3759,2944],[3760,2944],[3761,2944],[3762,2944],[3763,2944],[3764,2944],[3765,2944],[3766,2944],[3767,2944],[3768,2944],[3769,2944],[3770,2944],[3771,2944],[3772,2944],[3773,2944],[3774,2944],[3775,2944],[3776,2944],[3776,2945],[3776,2946],[3776,2947],[3776,2948],[3776,2949],[3776,2950],[3776,2951],[3776,2952],[3776,2953],[3776,2954],[3776,2955],[3776,2956],[3776,2957],[3776,2958],[3776,2959],[3776,2960],[3776,2961],[3776,2962],[3776,2963],[3776,2964],[3776,2965],[3776,2966],[3776,2967],[3776,2968],[3776,2969],[3776,2970],[3776,2971],[3776,2972],[3776,2973],[3776,2974],[3776,2975],[3776,2976],[3776,2977],[3776,2978],[3776,2979],[3776,2980],[3776,2981],[3776,2982],[3776,2983],[3776,2984],[3776,2985],[3776,2986],[3776,2987],[3776,2988],[3776,2989],[3776,2990],[3776,2991],[3776,2992],[3776,2993],[3776,2994],[3776,2995],[3776,2996],[3776,2997],[3776,2998],[3776,2999],[3776,3000],[3776,3001],[3776,3002],[3776,3003],[3776,3004],[3776,3005],[3776,3006],[3776,3007],[3776,3008],[3775,3008],[3774,3008],[3773,3008],[3772,3008],[3771,3008],[3770,3008],[3769,3008],[3768,3008],[3767,3008],[3766,3008],[3765,3008],[3764,3008],[3763,3008],[3762,3008],[3761,3008],[3760,3008],[3759,3008],[3758,3008],[3757,3008],[3756,3008],[3755,3008],[3754,3008],[3753,3008],[3752,3008],[3751,3008],[3750,3008],[3749,3008],[3748,3008],[3747,3008],[3746,3008],[3745,3008],[3744,3008],[3743,3008],[3742,3008],[3741,3008],[3740,3008],[3739,3008],[3738,3008],[3737,3008],[3736,3008],[3735,3008],[3734,3008],[3733,3008],[3732,3008],[3731,3008],[3730,3008],[3729,3008],[3728,3008],[3727,3008],[3726,3008],[3725,3008],[3724,3008],[3723,3008],[3722,3008],[3721,3008],[3720,3008],[3719,3008],[3718,3008],[3717,3008],[3716,3008],[3715,3008],[3714,3008],[3713,3008],[3712,3008],[3712,3007],[3712,3006],[3712,3005],[3712,3004],[3712,3003],[3712,3002],[3712,3001],[3712,3000],[3712,2999],[3712,2998],[3712,2997],[3712,2996],[3712,2995],[3712,2994],[3712,2993],[3712,2992],[3712,2991],[3712,2990],[3712,2989],[3712,2988],[3712,2987],[3712,2986],[3712,2985],[3712,2984],[3712,2983],[3712,2982],[3712,2981],[3712,2980],[3712,2979],[3712,2978],[3712,2977],[3712,2976],[3712,2975],[3712,2974],[3712,2973],[3712,2972],[3712,2971],[3712,2970],[3712,2969],[3712,2968],[3712,2967],[3712,2966],[3712,2965],[3712,2964],[3712,2963],[3712,2962],[3712,2961],[3712,2960],[3712,2959],[3712,2958],[3712,2957],[3712,2956],[3712,2955],[3712,2954],[3712,2953],[3712,2952],[3712,2951],[3712,2950],[3712,2949],[3712,2948],[3712,2947],[3712,2946],[3712,2945],[3712,2944]]],[[[3712,2944],[3712,2945],[3712,2946],[3712,2947],[3712,2948],[3712,2949],[3712,2950],[3712,2951],[3712,2952],[3712,2953],[3712,2954],[3712,2955],[3712,2956],[3712,2957],[3712,2958],[3712,2959],[3712,2960],[3712,2961],[3712,2962],[3712,2963],[3712,2964],[3712,2965],[3712,2966],[3712,2967],[3712,2968],[3712,2969],[3712,2970],[3712,2971],[3712,2972],[3712,2973],[3712,2974],[3712,2975],[3712,2976],[3712,2977],[3712,2978],[3712,2979],[3712,2980],[3712,2981],[3712,2982],[3712,2983],[3712,2984],[3712,2985],[3712,2986],[3712,2987],[3712,2988],[3712,2989],[3712,2990],[3712,2991],[3712,2992],[3712,2993],[3712,2994],[3712,2995],[3712,2996],[3712,2997],[3712,2998],[3712,2999],[3712,3000],[3712,3001],[3712,3002],[3712,3003],[3712,3004],[3712,3005],[3712,3006],[3712,3007],[3712,3008],[3713,3008],[3714,3008],[3715,3008],[3716,3008],[3717,3008],[3718,3008],[3719,3008],[3720,3008],[3721,3008],[3722,3008],[3723,3008],[3724,3008],[3725,3008],[3726,3008],[3727,3008],[3728,3008],[3729,3008],[3730,3008],[3731,3008],[3732,3008],[3733,3008],[3734,3008],[3735,3008],[3736,3008],[3737,3008],[3738,3008],[3739,3008],[3740,3008],[3741,3008],[3742,3008],[3743,3008],[3744,3008],[3745,3008],[3746,3008],[3747,3008],[3748,3008],[3749,3008],[3750,3008],[3751,3008],[3752,3008],[3753,3008],[3754,3008],[3755,3008],[3756,3008],[3757,3008],[3758,3008],[3759,3008],[3760,3008],[3761,3008],[3762,3008],[3763,3008],[3764,3008],[3765,3008],[3766,3008],[3767,3008],[3768,3008],[3769,3008],[3770,3008],[3771,3008],[3772,3008],[3773,3008],[3774,3008],[3775,3008],[3776,3008],[3776,3007],[3776,3006],[3776,3005],[3776,3004],[3776,3003],[3776,3002],[3776,3001],[3776,3000],[3776,2999],[3776,2998],[3776,2997],[3776,2996],[3776,2995],[3776,2994],[3776,2993],[3776,2992],[3776,2991],[3776,2990],[3776,2989],[3776,2988],[3776,2987],[3776,2986],[3776,2985],[3776,2984],[3776,2983],[3776,2982],[3776,2981],[3776,2980],[3776,2979],[3776,2978],[3776,2977],[3776,2976],[3776,2975],[3776,2974],[3776,2973],[3776,2972],[3776,2971],[3776,2970],[3776,2969],[3776,2968],[3776,2967],[3776,2966],[3776,2965],[3776,2964],[3776,2963],[3776,2962],[3776,2961],[3776,2960],[3776,2959],[3776,2958],[3776,2957],[3776,2956],[3776,2955],[3776,2954],[3776,2953],[3776,2952],[3776,2951],[3776,2950],[3776,2949],[3776,2948],[3776,2947],[3776,2946],[3776,2945],[3776,2944],[3775,2944],[3774,2944],[3773,2944],[3772,2944],[3771,2944],[3770,2944],[3769,2944],[3768,2944],[3767,2944],[3766,2944],[3765,2944],[3764,2944],[3763,2944],[3762,2944],[3761,2944],[3760,2944],[3759,2944],[3758,2944],[3757,2944],[3756,2944],[3755,2944],[3754,2944],[3753,2944],[3752,2944],[3751,2944],[3750,2944],[3749,2944],[3748,2944],[3747,2944],[3746,2944],[3745,2944],[3744,2944],[3743,2944],[3742,2944],[3741,2944],[3740,2944],[3739,2944],[3738,2944],[3737,2944],[3736,2944],[3735,2944],[3734,2944],[3733,2944],[3732,2944],[3731,2944],[3730,2944],[3729,2944],[3728,2944],[3727,2944],[3726,2944],[3725,2944],[3724,2944],[3723,2944],[3722,2944],[3721,2944],[3720,2944],[3719,2944],[3718,2944],[3717,2944],[3716,2944],[3715,2944],[3714,2944],[3713,2944],[3712,2944]]],[[[3776,2944],[3777,2944],[3778,2944],[3779,2944],[3780,2944],[3781,2944],[3782,2944],[3783,2944],[3784,2944],[3785,2944],[3786,2944],[3787,2944],[3788,2944],[3789,2944],[3790,2944],[3791,2944],[3792,2944],[3793,2944],[3794,2944],[3795,2944],[3796,2944],[3797,2944],[3798,2944],[3799,2944],[3800,2944],[3801,2944],[3802,2944],[3803,2944],[3804,2944],[3805,2944],[3806,2944],[3807,2944],[3808,2944],[3809,2944],[3810,2944],[3811,2944],[3812,2944],[3813,2944],[3814,2944],[3815,2944],[3816,2944],[3817,2944],[3818,2944],[3819,2944],[3820,2944],[3821,2944],[3822,2944],[3823,2944],[3824,2944],[3825,2944],[3826,2944],[3827,2944],[3828,2944],[3829,2944],[3830,2944],[3831,2944],[3832,2944],[3833,2944],[3834,2944],[3835,2944],[3836,2944],[3837,2944],[3838,2944],[3839,2944],[3840,2944],[3840,2945],[3840,2946],[3840,2947],[3840,2948],[3840,2949],[3840,2950],[3840,2951],[3840,2952],[3840,2953],[3840,2954],[3840,2955],[3840,2956],[3840,2957],[3840,2958],[3840,2959],[3840,2960],[3840,2961],[3840,2962],[3840,2963],[3840,2964],[3840,2965],[3840,2966],[3840,2967],[3840,2968],[3840,2969],[3840,2970],[3840,2971],[3840,2972],[3840,2973],[3840,2974],[3840,2975],[3840,2976],[3840,2977],[3840,2978],[3840,2979],[3840,2980],[3840,2981],[3840,2982],[3840,2983],[3840,2984],[3840,2985],[3840,2986],[3840,2987],[3840,2988],[3840,2989],[3840,2990],[3840,2991],[3840,2992],[3840,2993],[3840,2994],[3840,2995],[3840,2996],[3840,2997],[3840,2998],[3840,2999],[3840,3000],[3840,3001],[3840,3002],[3840,3003],[3840,3004],[3840,3005],[3840,3006],[3840,3007],[3840,3008],[3839,3008],[3838,3008],[3837,3008],[3836,3008],[3835,3008],[3834,3008],[3833,3008],[3832,3008],[3831,3008],[3830,3008],[3829,3008],[3828,3008],[3827,3008],[3826,3008],[3825,3008],[3824,3008],[3823,3008],[3822,3008],[3821,3008],[3820,3008],[3819,3008],[3818,3008],[3817,3008],[3816,3008],[3815,3008],[3814,3008],[3813,3008],[3812,3008],[3811,3008],[3810,3008],[3809,3008],[3808,3008],[3807,3008],[3806,3008],[3805,3008],[3804,3008],[3803,3008],[3802,3008],[3801,3008],[3800,3008],[3799,3008],[3798,3008],[3797,3008],[3796,3008],[3795,3008],[3794,3008],[3793,3008],[3792,3008],[3791,3008],[3790,3008],[3789,3008],[3788,3008],[3787,3008],[3786,3008],[3785,3008],[3784,3008],[3783,3008],[3782,3008],[3781,3008],[3780,3008],[3779,3008],[3778,3008],[3777,3008],[3776,3008],[3776,3007],[3776,3006],[3776,3005],[3776,3004],[3776,3003],[3776,3002],[3776,3001],[3776,3000],[3776,2999],[3776,2998],[3776,2997],[3776,2996],[3776,2995],[3776,2994],[3776,2993],[3776,2992],[3776,2991],[3776,2990],[3776,2989],[3776,2988],[3776,2987],[3776,2986],[3776,2985],[3776,2984],[3776,2983],[3776,2982],[3776,2981],[3776,2980],[3776,2979],[3776,2978],[3776,2977],[3776,2976],[3776,2975],[3776,2974],[3776,2973],[3776,2972],[3776,2971],[3776,2970],[3776,2969],[3776,2968],[3776,2967],[3776,2966],[3776,2965],[3776,2964],[3776,2963],[3776,2962],[3776,2961],[3776,2960],[3776,2959],[3776,2958],[3776,2957],[3776,2956],[3776,2955],[3776,2954],[3776,2953],[3776,2952],[3776,2951],[3776,2950],[3776,2949],[3776,2948],[3776,2947],[3776,2946],[3776,2945],[3776,2944]]],[[[3776,2944],[3776,2945],[3776,2946],[3776,2947],[3776,2948],[3776,2949],[3776,2950],[3776,2951],[3776,2952],[3776,2953],[3776,2954],[3776,2955],[3776,2956],[3776,2957],[3776,2958],[3776,2959],[3776,2960],[3776,2961],[3776,2962],[3776,2963],[3776,2964],[3776,2965],[3776,2966],[3776,2967],[3776,2968],[3776,2969],[3776,2970],[3776,2971],[3776,2972],[3776,2973],[3776,2974],[3776,2975],[3776,2976],[3776,2977],[3776,2978],[3776,2979],[3776,2980],[3776,2981],[3776,2982],[3776,2983],[3776,2984],[3776,2985],[3776,2986],[3776,2987],[3776,2988],[3776,2989],[3776,2990],[3776,2991],[3776,2992],[3776,2993],[3776,2994],[3776,2995],[3776,2996],[3776,2997],[3776,2998],[3776,2999],[3776,3000],[3776,3001],[3776,3002],[3776,3003],[3776,3004],[3776,3005],[3776,3006],[3776,3007],[3776,3008],[3777,3008],[3778,3008],[3779,3008],[3780,3008],[3781,3008],[3782,3008],[3783,3008],[3784,3008],[3785,3008],[3786,3008],[3787,3008],[3788,3008],[3789,3008],[3790,3008],[3791,3008],[3792,3008],[3793,3008],[3794,3008],[3795,3008],[3796,3008],[3797,3008],[3798,3008],[3799,3008],[3800,3008],[3801,3008],[3802,3008],[3803,3008],[3804,3008],[3805,3008],[3806,3008],[3807,3008],[3808,3008],[3809,3008],[3810,3008],[3811,3008],[3812,3008],[3813,3008],[3814,3008],[3815,3008],[3816,3008],[3817,3008],[3818,3008],[3819,3008],[3820,3008],[3821,3008],[3822,3008],[3823,3008],[3824,3008],[3825,3008],[3826,3008],[3827,3008],[3828,3008],[3829,3008],[3830,3008],[3831,3008],[3832,3008],[3833,3008],[3834,3008],[3835,3008],[3836,3008],[3837,3008],[3838,3008],[3839,3008],[3840,3008],[3840,3007],[3840,3006],[3840,3005],[3840,3004],[3840,3003],[3840,3002],[3840,3001],[3840,3000],[3840,2999],[3840,2998],[3840,2997],[3840,2996],[3840,2995],[3840,2994],[3840,2993],[3840,2992],[3840,2991],[3840,2990],[3840,2989],[3840,2988],[3840,2987],[3840,2986],[3840,2985],[3840,2984],[3840,2983],[3840,2982],[3840,2981],[3840,2980],[3840,2979],[3840,2978],[3840,2977],[3840,2976],[3840,2975],[3840,2974],[3840,2973],[3840,2972],[3840,2971],[3840,2970],[3840,2969],[3840,2968],[3840,2967],[3840,2966],[3840,2965],[3840,2964],[3840,2963],[3840,2962],[3840,2961],[3840,2960],[3840,2959],[3840,2958],[3840,2957],[3840,2956],[3840,2955],[3840,2954],[3840,2953],[3840,2952],[3840,2951],[3840,2950],[3840,2949],[3840,2948],[3840,2947],[3840,2946],[3840,2945],[3840,2944],[3839,2944],[3838,2944],[3837,2944],[3836,2944],[3835,2944],[3834,2944],[3833,2944],[3832,2944],[3831,2944],[3830,2944],[3829,2944],[3828,2944],[3827,2944],[3826,2944],[3825,2944],[3824,2944],[3823,2944],[3822,2944],[3821,2944],[3820,2944],[3819,2944],[3818,2944],[3817,2944],[3816,2944],[3815,2944],[3814,2944],[3813,2944],[3812,2944],[3811,2944],[3810,2944],[3809,2944],[3808,2944],[3807,2944],[3806,2944],[3805,2944],[3804,2944],[3803,2944],[3802,2944],[3801,2944],[3800,2944],[3799,2944],[3798,2944],[3797,2944],[3796,2944],[3795,2944],[3794,2944],[3793,2944],[3792,2944],[3791,2944],[3790,2944],[3789,2944],[3788,2944],[3787,2944],[3786,2944],[3785,2944],[3784,2944],[3783,2944],[3782,2944],[3781,2944],[3780,2944],[3779,2944],[3778,2944],[3777,2944],[3776,2944]]],[[[3776,2816],[3777,2816],[3778,2816],[3779,2816],[3780,2816],[3781,2816],[3782,2816],[3783,2816],[3784,2816],[3785,2816],[3786,2816],[3787,2816],[3788,2816],[3789,2816],[3790,2816],[3791,2816],[3792,2816],[3793,2816],[3794,2816],[3795,2816],[3796,2816],[3797,2816],[3798,2816],[3799,2816],[3800,2816],[3801,2816],[3802,2816],[3803,2816],[3804,2816],[3805,2816],[3806,2816],[3807,2816],[3808,2816],[3809,2816],[3810,2816],[3811,2816],[3812,2816],[3813,2816],[3814,2816],[3815,2816],[3816,2816],[3817,2816],[3818,2816],[3819,2816],[3820,2816],[3821,2816],[3822,2816],[3823,2816],[3824,2816],[3825,2816],[3826,2816],[3827,2816],[3828,2816],[3829,2816],[3830,2816],[3831,2816],[3832,2816],[3833,2816],[3834,2816],[3835,2816],[3836,2816],[3837,2816],[3838,2816],[3839,2816],[3840,2816],[3840,2817],[3840,2818],[3840,2819],[3840,2820],[3840,2821],[3840,2822],[3840,2823],[3840,2824],[3840,2825],[3840,2826],[3840,2827],[3840,2828],[3840,2829],[3840,2830],[3840,2831],[3840,2832],[3840,2833],[3840,2834],[3840,2835],[3840,2836],[3840,2837],[3840,2838],[3840,2839],[3840,2840],[3840,2841],[3840,2842],[3840,2843],[3840,2844],[3840,2845],[3840,2846],[3840,2847],[3840,2848],[3840,2849],[3840,2850],[3840,2851],[3840,2852],[3840,2853],[3840,2854],[3840,2855],[3840,2856],[3840,2857],[3840,2858],[3840,2859],[3840,2860],[3840,2861],[3840,2862],[3840,2863],[3840,2864],[3840,2865],[3840,2866],[3840,2867],[3840,2868],[3840,2869],[3840,2870],[3840,2871],[3840,2872],[3840,2873],[3840,2874],[3840,2875],[3840,2876],[3840,2877],[3840,2878],[3840,2879],[3840,2880],[3839,2880],[3838,2880],[3837,2880],[3836,2880],[3835,2880],[3834,2880],[3833,2880],[3832,2880],[3831,2880],[3830,2880],[3829,2880],[3828,2880],[3827,2880],[3826,2880],[3825,2880],[3824,2880],[3823,2880],[3822,2880],[3821,2880],[3820,2880],[3819,2880],[3818,2880],[3817,2880],[3816,2880],[3815,2880],[3814,2880],[3813,2880],[3812,2880],[3811,2880],[3810,2880],[3809,2880],[3808,2880],[3807,2880],[3806,2880],[3805,2880],[3804,2880],[3803,2880],[3802,2880],[3801,2880],[3800,2880],[3799,2880],[3798,2880],[3797,2880],[3796,2880],[3795,2880],[3794,2880],[3793,2880],[3792,2880],[3791,2880],[3790,2880],[3789,2880],[3788,2880],[3787,2880],[3786,2880],[3785,2880],[3784,2880],[3783,2880],[3782,2880],[3781,2880],[3780,2880],[3779,2880],[3778,2880],[3777,2880],[3776,2880],[3776,2879],[3776,2878],[3776,2877],[3776,2876],[3776,2875],[3776,2874],[3776,2873],[3776,2872],[3776,2871],[3776,2870],[3776,2869],[3776,2868],[3776,2867],[3776,2866],[3776,2865],[3776,2864],[3776,2863],[3776,2862],[3776,2861],[3776,2860],[3776,2859],[3776,2858],[3776,2857],[3776,2856],[3776,2855],[3776,2854],[3776,2853],[3776,2852],[3776,2851],[3776,2850],[3776,2849],[3776,2848],[3776,2847],[3776,2846],[3776,2845],[3776,2844],[3776,2843],[3776,2842],[3776,2841],[3776,2840],[3776,2839],[3776,2838],[3776,2837],[3776,2836],[3776,2835],[3776,2834],[3776,2833],[3776,2832],[3776,2831],[3776,2830],[3776,2829],[3776,2828],[3776,2827],[3776,2826],[3776,2825],[3776,2824],[3776,2823],[3776,2822],[3776,2821],[3776,2820],[3776,2819],[3776,2818],[3776,2817],[3776,2816]]],[[[3776,2816],[3776,2817],[3776,2818],[3776,2819],[3776,2820],[3776,2821],[3776,2822],[3776,2823],[3776,2824],[3776,2825],[3776,2826],[3776,2827],[3776,2828],[3776,2829],[3776,2830],[3776,2831],[3776,2832],[3776,2833],[3776,2834],[3776,2835],[3776,2836],[3776,2837],[3776,2838],[3776,2839],[3776,2840],[3776,2841],[3776,2842],[3776,2843],[3776,2844],[3776,2845],[3776,2846],[3776,2847],[3776,2848],[3776,2849],[3776,2850],[3776,2851],[3776,2852],[3776,2853],[3776,2854],[3776,2855],[3776,2856],[3776,2857],[3776,2858],[3776,2859],[3776,2860],[3776,2861],[3776,2862],[3776,2863],[3776,2864],[3776,2865],[3776,2866],[3776,2867],[3776,2868],[3776,2869],[3776,2870],[3776,2871],[3776,2872],[3776,2873],[3776,2874],[3776,2875],[3776,2876],[3776,2877],[3776,2878],[3776,2879],[3776,2880],[3777,2880],[3778,2880],[3779,2880],[3780,2880],[3781,2880],[3782,2880],[3783,2880],[3784,2880],[3785,2880],[3786,2880],[3787,2880],[3788,2880],[3789,2880],[3790,2880],[3791,2880],[3792,2880],[3793,2880],[3794,2880],[3795,2880],[3796,2880],[3797,2880],[3798,2880],[3799,2880],[3800,2880],[3801,2880],[3802,2880],[3803,2880],[3804,2880],[3805,2880],[3806,2880],[3807,2880],[3808,2880],[3809,2880],[3810,2880],[3811,2880],[3812,2880],[3813,2880],[3814,2880],[3815,2880],[3816,2880],[3817,2880],[3818,2880],[3819,2880],[3820,2880],[3821,2880],[3822,2880],[3823,2880],[3824,2880],[3825,2880],[3826,2880],[3827,2880],[3828,2880],[3829,2880],[3830,2880],[3831,2880],[3832,2880],[3833,2880],[3834,2880],[3835,2880],[3836,2880],[3837,2880],[3838,2880],[3839,2880],[3840,2880],[3840,2879],[3840,2878],[3840,2877],[3840,2876],[3840,2875],[3840,2874],[3840,2873],[3840,2872],[3840,2871],[3840,2870],[3840,2869],[3840,2868],[3840,2867],[3840,2866],[3840,2865],[3840,2864],[3840,2863],[3840,2862],[3840,2861],[3840,2860],[3840,2859],[3840,2858],[3840,2857],[3840,2856],[3840,2855],[3840,2854],[3840,2853],[3840,2852],[3840,2851],[3840,2850],[3840,2849],[3840,2848],[3840,2847],[3840,2846],[3840,2845],[3840,2844],[3840,2843],[3840,2842],[3840,2841],[3840,2840],[3840,2839],[3840,2838],[3840,2837],[3840,2836],[3840,2835],[3840,2834],[3840,2833],[3840,2832],[3840,2831],[3840,2830],[3840,2829],[3840,2828],[3840,2827],[3840,2826],[3840,2825],[3840,2824],[3840,2823],[3840,2822],[3840,2821],[3840,2820],[3840,2819],[3840,2818],[3840,2817],[3840,2816],[3839,2816],[3838,2816],[3837,2816],[3836,2816],[3835,2816],[3834,2816],[3833,2816],[3832,2816],[3831,2816],[3830,2816],[3829,2816],[3828,2816],[3827,2816],[3826,2816],[3825,2816],[3824,2816],[3823,2816],[3822,2816],[3821,2816],[3820,2816],[3819,2816],[3818,2816],[3817,2816],[3816,2816],[3815,2816],[3814,2816],[3813,2816],[3812,2816],[3811,2816],[3810,2816],[3809,2816],[3808,2816],[3807,2816],[3806,2816],[3805,2816],[3804,2816],[3803,2816],[3802,2816],[3801,2816],[3800,2816],[3799,2816],[3798,2816],[3797,2816],[3796,2816],[3795,2816],[3794,2816],[3793,2816],[3792,2816],[3791,2816],[3790,2816],[3789,2816],[3788,2816],[3787,2816],[3786,2816],[3785,2816],[3784,2816],[3783,2816],[3782,2816],[3781,2816],[3780,2816],[3779,2816],[3778,2816],[3777,2816],[3776,2816]]],[[[3776,2752],[3777,2752],[3778,2752],[3779,2752],[3780,2752],[3781,2752],[3782,2752],[3783,2752],[3784,2752],[3785,2752],[3786,2752],[3787,2752],[3788,2752],[3789,2752],[3790,2752],[3791,2752],[3792,2752],[3793,2752],[3794,2752],[3795,2752],[3796,2752],[3797,2752],[3798,2752],[3799,2752],[3800,2752],[3801,2752],[3802,2752],[3803,2752],[3804,2752],[3805,2752],[3806,2752],[3807,2752],[3808,2752],[3809,2752],[3810,2752],[3811,2752],[3812,2752],[3813,2752],[3814,2752],[3815,2752],[3816,2752],[3817,2752],[3818,2752],[3819,2752],[3820,2752],[3821,2752],[3822,2752],[3823,2752],[3824,2752],[3825,2752],[3826,2752],[3827,2752],[3828,2752],[3829,2752],[3830,2752],[3831,2752],[3832,2752],[3833,2752],[3834,2752],[3835,2752],[3836,2752],[3837,2752],[3838,2752],[3839,2752],[3840,2752],[3840,2753],[3840,2754],[3840,2755],[3840,2756],[3840,2757],[3840,2758],[3840,2759],[3840,2760],[3840,2761],[3840,2762],[3840,2763],[3840,2764],[3840,2765],[3840,2766],[3840,2767],[3840,2768],[3840,2769],[3840,2770],[3840,2771],[3840,2772],[3840,2773],[3840,2774],[3840,2775],[3840,2776],[3840,2777],[3840,2778],[3840,2779],[3840,2780],[3840,2781],[3840,2782],[3840,2783],[3840,2784],[3840,2785],[3840,2786],[3840,2787],[3840,2788],[3840,2789],[3840,2790],[3840,2791],[3840,2792],[3840,2793],[3840,2794],[3840,2795],[3840,2796],[3840,2797],[3840,2798],[3840,2799],[3840,2800],[3840,2801],[3840,2802],[3840,2803],[3840,2804],[3840,2805],[3840,2806],[3840,2807],[3840,2808],[3840,2809],[3840,2810],[3840,2811],[3840,2812],[3840,2813],[3840,2814],[3840,2815],[3840,2816],[3839,2816],[3838,2816],[3837,2816],[3836,2816],[3835,2816],[3834,2816],[3833,2816],[3832,2816],[3831,2816],[3830,2816],[3829,2816],[3828,2816],[3827,2816],[3826,2816],[3825,2816],[3824,2816],[3823,2816],[3822,2816],[3821,2816],[3820,2816],[3819,2816],[3818,2816],[3817,2816],[3816,2816],[3815,2816],[3814,2816],[3813,2816],[3812,2816],[3811,2816],[3810,2816],[3809,2816],[3808,2816],[3807,2816],[3806,2816],[3805,2816],[3804,2816],[3803,2816],[3802,2816],[3801,2816],[3800,2816],[3799,2816],[3798,2816],[3797,2816],[3796,2816],[3795,2816],[3794,2816],[3793,2816],[3792,2816],[3791,2816],[3790,2816],[3789,2816],[3788,2816],[3787,2816],[3786,2816],[3785,2816],[3784,2816],[3783,2816],[3782,2816],[3781,2816],[3780,2816],[3779,2816],[3778,2816],[3777,2816],[3776,2816],[3776,2815],[3776,2814],[3776,2813],[3776,2812],[3776,2811],[3776,2810],[3776,2809],[3776,2808],[3776,2807],[3776,2806],[3776,2805],[3776,2804],[3776,2803],[3776,2802],[3776,2801],[3776,2800],[3776,2799],[3776,2798],[3776,2797],[3776,2796],[3776,2795],[3776,2794],[3776,2793],[3776,2792],[3776,2791],[3776,2790],[3776,2789],[3776,2788],[3776,2787],[3776,2786],[3776,2785],[3776,2784],[3776,2783],[3776,2782],[3776,2781],[3776,2780],[3776,2779],[3776,2778],[3776,2777],[3776,2776],[3776,2775],[3776,2774],[3776,2773],[3776,2772],[3776,2771],[3776,2770],[3776,2769],[3776,2768],[3776,2767],[3776,2766],[3776,2765],[3776,2764],[3776,2763],[3776,2762],[3776,2761],[3776,2760],[3776,2759],[3776,2758],[3776,2757],[3776,2756],[3776,2755],[3776,2754],[3776,2753],[3776,2752]]],[[[3776,2752],[3776,2753],[3776,2754],[3776,2755],[3776,2756],[3776,2757],[3776,2758],[3776,2759],[3776,2760],[3776,2761],[3776,2762],[3776,2763],[3776,2764],[3776,2765],[3776,2766],[3776,2767],[3776,2768],[3776,2769],[3776,2770],[3776,2771],[3776,2772],[3776,2773],[3776,2774],[3776,2775],[3776,2776],[3776,2777],[3776,2778],[3776,2779],[3776,2780],[3776,2781],[3776,2782],[3776,2783],[3776,2784],[3776,2785],[3776,2786],[3776,2787],[3776,2788],[3776,2789],[3776,2790],[3776,2791],[3776,2792],[3776,2793],[3776,2794],[3776,2795],[3776,2796],[3776,2797],[3776,2798],[3776,2799],[3776,2800],[3776,2801],[3776,2802],[3776,2803],[3776,2804],[3776,2805],[3776,2806],[3776,2807],[3776,2808],[3776,2809],[3776,2810],[3776,2811],[3776,2812],[3776,2813],[3776,2814],[3776,2815],[3776,2816],[3777,2816],[3778,2816],[3779,2816],[3780,2816],[3781,2816],[3782,2816],[3783,2816],[3784,2816],[3785,2816],[3786,2816],[3787,2816],[3788,2816],[3789,2816],[3790,2816],[3791,2816],[3792,2816],[3793,2816],[3794,2816],[3795,2816],[3796,2816],[3797,2816],[3798,2816],[3799,2816],[3800,2816],[3801,2816],[3802,2816],[3803,2816],[3804,2816],[3805,2816],[3806,2816],[3807,2816],[3808,2816],[3809,2816],[3810,2816],[3811,2816],[3812,2816],[3813,2816],[3814,2816],[3815,2816],[3816,2816],[3817,2816],[3818,2816],[3819,2816],[3820,2816],[3821,2816],[3822,2816],[3823,2816],[3824,2816],[3825,2816],[3826,2816],[3827,2816],[3828,2816],[3829,2816],[3830,2816],[3831,2816],[3832,2816],[3833,2816],[3834,2816],[3835,2816],[3836,2816],[3837,2816],[3838,2816],[3839,2816],[3840,2816],[3840,2815],[3840,2814],[3840,2813],[3840,2812],[3840,2811],[3840,2810],[3840,2809],[3840,2808],[3840,2807],[3840,2806],[3840,2805],[3840,2804],[3840,2803],[3840,2802],[3840,2801],[3840,2800],[3840,2799],[3840,2798],[3840,2797],[3840,2796],[3840,2795],[3840,2794],[3840,2793],[3840,2792],[3840,2791],[3840,2790],[3840,2789],[3840,2788],[3840,2787],[3840,2786],[3840,2785],[3840,2784],[3840,2783],[3840,2782],[3840,2781],[3840,2780],[3840,2779],[3840,2778],[3840,2777],[3840,2776],[3840,2775],[3840,2774],[3840,2773],[3840,2772],[3840,2771],[3840,2770],[3840,2769],[3840,2768],[3840,2767],[3840,2766],[3840,2765],[3840,2764],[3840,2763],[3840,2762],[3840,2761],[3840,2760],[3840,2759],[3840,2758],[3840,2757],[3840,2756],[3840,2755],[3840,2754],[3840,2753],[3840,2752],[3839,2752],[3838,2752],[3837,2752],[3836,2752],[3835,2752],[3834,2752],[3833,2752],[3832,2752],[3831,2752],[3830,2752],[3829,2752],[3828,2752],[3827,2752],[3826,2752],[3825,2752],[3824,2752],[3823,2752],[3822,2752],[3821,2752],[3820,2752],[3819,2752],[3818,2752],[3817,2752],[3816,2752],[3815,2752],[3814,2752],[3813,2752],[3812,2752],[3811,2752],[3810,2752],[3809,2752],[3808,2752],[3807,2752],[3806,2752],[3805,2752],[3804,2752],[3803,2752],[3802,2752],[3801,2752],[3800,2752],[3799,2752],[3798,2752],[3797,2752],[3796,2752],[3795,2752],[3794,2752],[3793,2752],[3792,2752],[3791,2752],[3790,2752],[3789,2752],[3788,2752],[3787,2752],[3786,2752],[3785,2752],[3784,2752],[3783,2752],[3782,2752],[3781,2752],[3780,2752],[3779,2752],[3778,2752],[3777,2752],[3776,2752]]],[[[3776,2880],[3777,2880],[3778,2880],[3779,2880],[3780,2880],[3781,2880],[3782,2880],[3783,2880],[3784,2880],[3785,2880],[3786,2880],[3787,2880],[3788,2880],[3789,2880],[3790,2880],[3791,2880],[3792,2880],[3793,2880],[3794,2880],[3795,2880],[3796,2880],[3797,2880],[3798,2880],[3799,2880],[3800,2880],[3801,2880],[3802,2880],[3803,2880],[3804,2880],[3805,2880],[3806,2880],[3807,2880],[3808,2880],[3809,2880],[3810,2880],[3811,2880],[3812,2880],[3813,2880],[3814,2880],[3815,2880],[3816,2880],[3817,2880],[3818,2880],[3819,2880],[3820,2880],[3821,2880],[3822,2880],[3823,2880],[3824,2880],[3825,2880],[3826,2880],[3827,2880],[3828,2880],[3829,2880],[3830,2880],[3831,2880],[3832,2880],[3833,2880],[3834,2880],[3835,2880],[3836,2880],[3837,2880],[3838,2880],[3839,2880],[3840,2880],[3840,2881],[3840,2882],[3840,2883],[3840,2884],[3840,2885],[3840,2886],[3840,2887],[3840,2888],[3840,2889],[3840,2890],[3840,2891],[3840,2892],[3840,2893],[3840,2894],[3840,2895],[3840,2896],[3840,2897],[3840,2898],[3840,2899],[3840,2900],[3840,2901],[3840,2902],[3840,2903],[3840,2904],[3840,2905],[3840,2906],[3840,2907],[3840,2908],[3840,2909],[3840,2910],[3840,2911],[3840,2912],[3840,2913],[3840,2914],[3840,2915],[3840,2916],[3840,2917],[3840,2918],[3840,2919],[3840,2920],[3840,2921],[3840,2922],[3840,2923],[3840,2924],[3840,2925],[3840,2926],[3840,2927],[3840,2928],[3840,2929],[3840,2930],[3840,2931],[3840,2932],[3840,2933],[3840,2934],[3840,2935],[3840,2936],[3840,2937],[3840,2938],[3840,2939],[3840,2940],[3840,2941],[3840,2942],[3840,2943],[3840,2944],[3839,2944],[3838,2944],[3837,2944],[3836,2944],[3835,2944],[3834,2944],[3833,2944],[3832,2944],[3831,2944],[3830,2944],[3829,2944],[3828,2944],[3827,2944],[3826,2944],[3825,2944],[3824,2944],[3823,2944],[3822,2944],[3821,2944],[3820,2944],[3819,2944],[3818,2944],[3817,2944],[3816,2944],[3815,2944],[3814,2944],[3813,2944],[3812,2944],[3811,2944],[3810,2944],[3809,2944],[3808,2944],[3807,2944],[3806,2944],[3805,2944],[3804,2944],[3803,2944],[3802,2944],[3801,2944],[3800,2944],[3799,2944],[3798,2944],[3797,2944],[3796,2944],[3795,2944],[3794,2944],[3793,2944],[3792,2944],[3791,2944],[3790,2944],[3789,2944],[3788,2944],[3787,2944],[3786,2944],[3785,2944],[3784,2944],[3783,2944],[3782,2944],[3781,2944],[3780,2944],[3779,2944],[3778,2944],[3777,2944],[3776,2944],[3776,2943],[3776,2942],[3776,2941],[3776,2940],[3776,2939],[3776,2938],[3776,2937],[3776,2936],[3776,2935],[3776,2934],[3776,2933],[3776,2932],[3776,2931],[3776,2930],[3776,2929],[3776,2928],[3776,2927],[3776,2926],[3776,2925],[3776,2924],[3776,2923],[3776,2922],[3776,2921],[3776,2920],[3776,2919],[3776,2918],[3776,2917],[3776,2916],[3776,2915],[3776,2914],[3776,2913],[3776,2912],[3776,2911],[3776,2910],[3776,2909],[3776,2908],[3776,2907],[3776,2906],[3776,2905],[3776,2904],[3776,2903],[3776,2902],[3776,2901],[3776,2900],[3776,2899],[3776,2898],[3776,2897],[3776,2896],[3776,2895],[3776,2894],[3776,2893],[3776,2892],[3776,2891],[3776,2890],[3776,2889],[3776,2888],[3776,2887],[3776,2886],[3776,2885],[3776,2884],[3776,2883],[3776,2882],[3776,2881],[3776,2880]]],[[[3776,2880],[3776,2881],[3776,2882],[3776,2883],[3776,2884],[3776,2885],[3776,2886],[3776,2887],[3776,2888],[3776,2889],[3776,2890],[3776,2891],[3776,2892],[3776,2893],[3776,2894],[3776,2895],[3776,2896],[3776,2897],[3776,2898],[3776,2899],[3776,2900],[3776,2901],[3776,2902],[3776,2903],[3776,2904],[3776,2905],[3776,2906],[3776,2907],[3776,2908],[3776,2909],[3776,2910],[3776,2911],[3776,2912],[3776,2913],[3776,2914],[3776,2915],[3776,2916],[3776,2917],[3776,2918],[3776,2919],[3776,2920],[3776,2921],[3776,2922],[3776,2923],[3776,2924],[3776,2925],[3776,2926],[3776,2927],[3776,2928],[3776,2929],[3776,2930],[3776,2931],[3776,2932],[3776,2933],[3776,2934],[3776,2935],[3776,2936],[3776,2937],[3776,2938],[3776,2939],[3776,2940],[3776,2941],[3776,2942],[3776,2943],[3776,2944],[3777,2944],[3778,2944],[3779,2944],[3780,2944],[3781,2944],[3782,2944],[3783,2944],[3784,2944],[3785,2944],[3786,2944],[3787,2944],[3788,2944],[3789,2944],[3790,2944],[3791,2944],[3792,2944],[3793,2944],[3794,2944],[3795,2944],[3796,2944],[3797,2944],[3798,2944],[3799,2944],[3800,2944],[3801,2944],[3802,2944],[3803,2944],[3804,2944],[3805,2944],[3806,2944],[3807,2944],[3808,2944],[3809,2944],[3810,2944],[3811,2944],[3812,2944],[3813,2944],[3814,2944],[3815,2944],[3816,2944],[3817,2944],[3818,2944],[3819,2944],[3820,2944],[3821,2944],[3822,2944],[3823,2944],[3824,2944],[3825,2944],[3826,2944],[3827,2944],[3828,2944],[3829,2944],[3830,2944],[3831,2944],[3832,2944],[3833,2944],[3834,2944],[3835,2944],[3836,2944],[3837,2944],[3838,2944],[3839,2944],[3840,2944],[3840,2943],[3840,2942],[3840,2941],[3840,2940],[3840,2939],[3840,2938],[3840,2937],[3840,2936],[3840,2935],[3840,2934],[3840,2933],[3840,2932],[3840,2931],[3840,2930],[3840,2929],[3840,2928],[3840,2927],[3840,2926],[3840,2925],[3840,2924],[3840,2923],[3840,2922],[3840,2921],[3840,2920],[3840,2919],[3840,2918],[3840,2917],[3840,2916],[3840,2915],[3840,2914],[3840,2913],[3840,2912],[3840,2911],[3840,2910],[3840,2909],[3840,2908],[3840,2907],[3840,2906],[3840,2905],[3840,2904],[3840,2903],[3840,2902],[3840,2901],[3840,2900],[3840,2899],[3840,2898],[3840,2897],[3840,2896],[3840,2895],[3840,2894],[3840,2893],[3840,2892],[3840,2891],[3840,2890],[3840,2889],[3840,2888],[3840,2887],[3840,2886],[3840,2885],[3840,2884],[3840,2883],[3840,2882],[3840,2881],[3840,2880],[3839,2880],[3838,2880],[3837,2880],[3836,2880],[3835,2880],[3834,2880],[3833,2880],[3832,2880],[3831,2880],[3830,2880],[3829,2880],[3828,2880],[3827,2880],[3826,2880],[3825,2880],[3824,2880],[3823,2880],[3822,2880],[3821,2880],[3820,2880],[3819,2880],[3818,2880],[3817,2880],[3816,2880],[3815,2880],[3814,2880],[3813,2880],[3812,2880],[3811,2880],[3810,2880],[3809,2880],[3808,2880],[3807,2880],[3806,2880],[3805,2880],[3804,2880],[3803,2880],[3802,2880],[3801,2880],[3800,2880],[3799,2880],[3798,2880],[3797,2880],[3796,2880],[3795,2880],[3794,2880],[3793,2880],[3792,2880],[3791,2880],[3790,2880],[3789,2880],[3788,2880],[3787,2880],[3786,2880],[3785,2880],[3784,2880],[3783,2880],[3782,2880],[3781,2880],[3780,2880],[3779,2880],[3778,2880],[3777,2880],[3776,2880]]],[[[3776,3008],[3777,3008],[3778,3008],[3779,3008],[3780,3008],[3781,3008],[3782,3008],[3783,3008],[3784,3008],[3785,3008],[3786,3008],[3787,3008],[3788,3008],[3789,3008],[3790,3008],[3791,3008],[3792,3008],[3793,3008],[3794,3008],[3795,3008],[3796,3008],[3797,3008],[3798,3008],[3799,3008],[3800,3008],[3801,3008],[3802,3008],[3803,3008],[3804,3008],[3805,3008],[3806,3008],[3807,3008],[3808,3008],[3809,3008],[3810,3008],[3811,3008],[3812,3008],[3813,3008],[3814,3008],[3815,3008],[3816,3008],[3817,3008],[3818,3008],[3819,3008],[3820,3008],[3821,3008],[3822,3008],[3823,3008],[3824,3008],[3825,3008],[3826,3008],[3827,3008],[3828,3008],[3829,3008],[3830,3008],[3831,3008],[3832,3008],[3833,3008],[3834,3008],[3835,3008],[3836,3008],[3837,3008],[3838,3008],[3839,3008],[3840,3008],[3840,3009],[3840,3010],[3840,3011],[3840,3012],[3840,3013],[3840,3014],[3840,3015],[3840,3016],[3840,3017],[3840,3018],[3840,3019],[3840,3020],[3840,3021],[3840,3022],[3840,3023],[3840,3024],[3840,3025],[3840,3026],[3840,3027],[3840,3028],[3840,3029],[3840,3030],[3840,3031],[3840,3032],[3840,3033],[3840,3034],[3840,3035],[3840,3036],[3840,3037],[3840,3038],[3840,3039],[3840,3040],[3840,3041],[3840,3042],[3840,3043],[3840,3044],[3840,3045],[3840,3046],[3840,3047],[3840,3048],[3840,3049],[3840,3050],[3840,3051],[3840,3052],[3840,3053],[3840,3054],[3840,3055],[3840,3056],[3840,3057],[3840,3058],[3840,3059],[3840,3060],[3840,3061],[3840,3062],[3840,3063],[3840,3064],[3840,3065],[3840,3066],[3840,3067],[3840,3068],[3840,3069],[3840,3070],[3840,3071],[3840,3072],[3839,3072],[3838,3072],[3837,3072],[3836,3072],[3835,3072],[3834,3072],[3833,3072],[3832,3072],[3831,3072],[3830,3072],[3829,3072],[3828,3072],[3827,3072],[3826,3072],[3825,3072],[3824,3072],[3823,3072],[3822,3072],[3821,3072],[3820,3072],[3819,3072],[3818,3072],[3817,3072],[3816,3072],[3815,3072],[3814,3072],[3813,3072],[3812,3072],[3811,3072],[3810,3072],[3809,3072],[3808,3072],[3807,3072],[3806,3072],[3805,3072],[3804,3072],[3803,3072],[3802,3072],[3801,3072],[3800,3072],[3799,3072],[3798,3072],[3797,3072],[3796,3072],[3795,3072],[3794,3072],[3793,3072],[3792,3072],[3791,3072],[3790,3072],[3789,3072],[3788,3072],[3787,3072],[3786,3072],[3785,3072],[3784,3072],[3783,3072],[3782,3072],[3781,3072],[3780,3072],[3779,3072],[3778,3072],[3777,3072],[3776,3072],[3776,3071],[3776,3070],[3776,3069],[3776,3068],[3776,3067],[3776,3066],[3776,3065],[3776,3064],[3776,3063],[3776,3062],[3776,3061],[3776,3060],[3776,3059],[3776,3058],[3776,3057],[3776,3056],[3776,3055],[3776,3054],[3776,3053],[3776,3052],[3776,3051],[3776,3050],[3776,3049],[3776,3048],[3776,3047],[3776,3046],[3776,3045],[3776,3044],[3776,3043],[3776,3042],[3776,3041],[3776,3040],[3776,3039],[3776,3038],[3776,3037],[3776,3036],[3776,3035],[3776,3034],[3776,3033],[3776,3032],[3776,3031],[3776,3030],[3776,3029],[3776,3028],[3776,3027],[3776,3026],[3776,3025],[3776,3024],[3776,3023],[3776,3022],[3776,3021],[3776,3020],[3776,3019],[3776,3018],[3776,3017],[3776,3016],[3776,3015],[3776,3014],[3776,3013],[3776,3012],[3776,3011],[3776,3010],[3776,3009],[3776,3008]]],[[[3776,3008],[3776,3009],[3776,3010],[3776,3011],[3776,3012],[3776,3013],[3776,3014],[3776,3015],[3776,3016],[3776,3017],[3776,3018],[3776,3019],[3776,3020],[3776,3021],[3776,3022],[3776,3023],[3776,3024],[3776,3025],[3776,3026],[3776,3027],[3776,3028],[3776,3029],[3776,3030],[3776,3031],[3776,3032],[3776,3033],[3776,3034],[3776,3035],[3776,3036],[3776,3037],[3776,3038],[3776,3039],[3776,3040],[3776,3041],[3776,3042],[3776,3043],[3776,3044],[3776,3045],[3776,3046],[3776,3047],[3776,3048],[3776,3049],[3776,3050],[3776,3051],[3776,3052],[3776,3053],[3776,3054],[3776,3055],[3776,3056],[3776,3057],[3776,3058],[3776,3059],[3776,3060],[3776,3061],[3776,3062],[3776,3063],[3776,3064],[3776,3065],[3776,3066],[3776,3067],[3776,3068],[3776,3069],[3776,3070],[3776,3071],[3776,3072],[3777,3072],[3778,3072],[3779,3072],[3780,3072],[3781,3072],[3782,3072],[3783,3072],[3784,3072],[3785,3072],[3786,3072],[3787,3072],[3788,3072],[3789,3072],[3790,3072],[3791,3072],[3792,3072],[3793,3072],[3794,3072],[3795,3072],[3796,3072],[3797,3072],[3798,3072],[3799,3072],[3800,3072],[3801,3072],[3802,3072],[3803,3072],[3804,3072],[3805,3072],[3806,3072],[3807,3072],[3808,3072],[3809,3072],[3810,3072],[3811,3072],[3812,3072],[3813,3072],[3814,3072],[3815,3072],[3816,3072],[3817,3072],[3818,3072],[3819,3072],[3820,3072],[3821,3072],[3822,3072],[3823,3072],[3824,3072],[3825,3072],[3826,3072],[3827,3072],[3828,3072],[3829,3072],[3830,3072],[3831,3072],[3832,3072],[3833,3072],[3834,3072],[3835,3072],[3836,3072],[3837,3072],[3838,3072],[3839,3072],[3840,3072],[3840,3071],[3840,3070],[3840,3069],[3840,3068],[3840,3067],[3840,3066],[3840,3065],[3840,3064],[3840,3063],[3840,3062],[3840,3061],[3840,3060],[3840,3059],[3840,3058],[3840,3057],[3840,3056],[3840,3055],[3840,3054],[3840,3053],[3840,3052],[3840,3051],[3840,3050],[3840,3049],[3840,3048],[3840,3047],[3840,3046],[3840,3045],[3840,3044],[3840,3043],[3840,3042],[3840,3041],[3840,3040],[3840,3039],[3840,3038],[3840,3037],[3840,3036],[3840,3035],[3840,3034],[3840,3033],[3840,3032],[3840,3031],[3840,3030],[3840,3029],[3840,3028],[3840,3027],[3840,3026],[3840,3025],[3840,3024],[3840,3023],[3840,3022],[3840,3021],[3840,3020],[3840,3019],[3840,3018],[3840,3017],[3840,3016],[3840,3015],[3840,3014],[3840,3013],[3840,3012],[3840,3011],[3840,3010],[3840,3009],[3840,3008],[3839,3008],[3838,3008],[3837,3008],[3836,3008],[3835,3008],[3834,3008],[3833,3008],[3832,3008],[3831,3008],[3830,3008],[3829,3008],[3828,3008],[3827,3008],[3826,3008],[3825,3008],[3824,3008],[3823,3008],[3822,3008],[3821,3008],[3820,3008],[3819,3008],[3818,3008],[3817,3008],[3816,3008],[3815,3008],[3814,3008],[3813,3008],[3812,3008],[3811,3008],[3810,3008],[3809,3008],[3808,3008],[3807,3008],[3806,3008],[3805,3008],[3804,3008],[3803,3008],[3802,3008],[3801,3008],[3800,3008],[3799,3008],[3798,3008],[3797,3008],[3796,3008],[3795,3008],[3794,3008],[3793,3008],[3792,3008],[3791,3008],[3790,3008],[3789,3008],[3788,3008],[3787,3008],[3786,3008],[3785,3008],[3784,3008],[3783,3008],[3782,3008],[3781,3008],[3780,3008],[3779,3008],[3778,3008],[3777,3008],[3776,3008]]],[[[3840,2797],[3841,2797],[3842,2797],[3842,2798],[3843,2798],[3843,2799],[3844,2799],[3844,2800],[3845,2800],[3845,2801],[3845,2802],[3846,2802],[3846,2803],[3846,2804],[3847,2804],[3847,2805],[3847,2806],[3847,2807],[3847,2808],[3847,2809],[3848,2809],[3848,2810],[3848,2811],[3848,2812],[3848,2813],[3848,2814],[3847,2814],[3847,2815],[3847,2816],[3846,2816],[3845,2816],[3844,2816],[3843,2816],[3842,2816],[3841,2816],[3840,2816],[3840,2815],[3840,2814],[3840,2813],[3840,2812],[3840,2811],[3840,2810],[3840,2809],[3840,2808],[3840,2807],[3840,2806],[3840,2805],[3840,2804],[3840,2803],[3840,2802],[3840,2801],[3840,2800],[3840,2799],[3840,2798],[3840,2797]]],[[[3840,2797],[3840,2798],[3840,2799],[3840,2800],[3840,2801],[3840,2802],[3840,2803],[3840,2804],[3840,2805],[3840,2806],[3840,2807],[3840,2808],[3840,2809],[3840,2810],[3840,2811],[3840,2812],[3840,2813],[3840,2814],[3840,2815],[3840,2816],[3841,2816],[3842,2816],[3843,2816],[3844,2816],[3845,2816],[3846,2816],[3847,2816],[3847,2815],[3847,2814],[3848,2814],[3848,2813],[3848,2812],[3848,2811],[3848,2810],[3848,2809],[3847,2809],[3847,2808],[3847,2807],[3847,2806],[3847,2805],[3847,2804],[3846,2804],[3846,2803],[3846,2802],[3845,2802],[3845,2801],[3845,2800],[3844,2800],[3844,2799],[3843,2799],[3843,2798],[3842,2798],[3842,2797],[3841,2797],[3840,2797]]],[[[3840,2816],[3841,2816],[3842,2816],[3843,2816],[3844,2816],[3845,2816],[3846,2816],[3847,2816],[3848,2816],[3848,2817],[3847,2817],[3847,2818],[3847,2819],[3848,2819],[3848,2820],[3847,2820],[3847,2821],[3847,2822],[3847,2823],[3847,2824],[3847,2825],[3846,2825],[3846,2826],[3846,2827],[3846,2828],[3846,2829],[3847,2829],[3847,2830],[3846,2830],[3846,2831],[3846,2832],[3847,2832],[3847,2833],[3846,2833],[3846,2834],[3846,2835],[3846,2836],[3846,2837],[3846,2838],[3845,2838],[3845,2839],[3845,2840],[3845,2841],[3845,2842],[3845,2843],[3845,2844],[3845,2845],[3846,2845],[3846,2846],[3845,2846],[3845,2847],[3845,2848],[3845,2849],[3845,2850],[3846,2850],[3846,2851],[3845,2851],[3845,2852],[3845,2853],[3845,2854],[3845,2855],[3845,2856],[3846,2856],[3846,2857],[3845,2857],[3845,2858],[3845,2859],[3845,2860],[3845,2861],[3846,2861],[3846,2862],[3845,2862],[3845,2863],[3846,2863],[3846,2864],[3846,2865],[3846,2866],[3846,2867],[3846,2868],[3847,2868],[3847,2869],[3847,2870],[3847,2871],[3847,2872],[3847,2873],[3848,2873],[3848,2874],[3848,2875],[3849,2875],[3849,2876],[3849,2877],[3849,2878],[3849,2879],[3849,2880],[3848,2880],[3847,2880],[3846,2880],[3845,2880],[3844,2880],[3843,2880],[3842,2880],[3841,2880],[3840,2880],[3840,2879],[3840,2878],[3840,2877],[3840,2876],[3840,2875],[3840,2874],[3840,2873],[3840,2872],[3840,2871],[3840,2870],[3840,2869],[3840,2868],[3840,2867],[3840,2866],[3840,2865],[3840,2864],[3840,2863],[3840,2862],[3840,2861],[3840,2860],[3840,2859],[3840,2858],[3840,2857],[3840,2856],[3840,2855],[3840,2854],[3840,2853],[3840,2852],[3840,2851],[3840,2850],[3840,2849],[3840,2848],[3840,2847],[3840,2846],[3840,2845],[3840,2844],[3840,2843],[3840,2842],[3840,2841],[3840,2840],[3840,2839],[3840,2838],[3840,2837],[3840,2836],[3840,2835],[3840,2834],[3840,2833],[3840,2832],[3840,2831],[3840,2830],[3840,2829],[3840,2828],[3840,2827],[3840,2826],[3840,2825],[3840,2824],[3840,2823],[3840,2822],[3840,2821],[3840,2820],[3840,2819],[3840,2818],[3840,2817],[3840,2816]]],[[[3840,2816],[3840,2817],[3840,2818],[3840,2819],[3840,2820],[3840,2821],[3840,2822],[3840,2823],[3840,2824],[3840,2825],[3840,2826],[3840,2827],[3840,2828],[3840,2829],[3840,2830],[3840,2831],[3840,2832],[3840,2833],[3840,2834],[3840,2835],[3840,2836],[3840,2837],[3840,2838],[3840,2839],[3840,2840],[3840,2841],[3840,2842],[3840,2843],[3840,2844],[3840,2845],[3840,2846],[3840,2847],[3840,2848],[3840,2849],[3840,2850],[3840,2851],[3840,2852],[3840,2853],[3840,2854],[3840,2855],[3840,2856],[3840,2857],[3840,2858],[3840,2859],[3840,2860],[3840,2861],[3840,2862],[3840,2863],[3840,2864],[3840,2865],[3840,2866],[3840,2867],[3840,2868],[3840,2869],[3840,2870],[3840,2871],[3840,2872],[3840,2873],[3840,2874],[3840,2875],[3840,2876],[3840,2877],[3840,2878],[3840,2879],[3840,2880],[3841,2880],[3842,2880],[3843,2880],[3844,2880],[3845,2880],[3846,2880],[3847,2880],[3848,2880],[3849,2880],[3849,2879],[3849,2878],[3849,2877],[3849,2876],[3849,2875],[3848,2875],[3848,2874],[3848,2873],[3847,2873],[3847,2872],[3847,2871],[3847,2870],[3847,2869],[3847,2868],[3846,2868],[3846,2867],[3846,2866],[3846,2865],[3846,2864],[3846,2863],[3845,2863],[3845,2862],[3846,2862],[3846,2861],[3845,2861],[3845,2860],[3845,2859],[3845,2858],[3845,2857],[3846,2857],[3846,2856],[3845,2856],[3845,2855],[3845,2854],[3845,2853],[3845,2852],[3845,2851],[3846,2851],[3846,2850],[3845,2850],[3845,2849],[3845,2848],[3845,2847],[3845,2846],[3846,2846],[3846,2845],[3845,2845],[3845,2844],[3845,2843],[3845,2842],[3845,2841],[3845,2840],[3845,2839],[3845,2838],[3846,2838],[3846,2837],[3846,2836],[3846,2835],[3846,2834],[3846,2833],[3847,2833],[3847,2832],[3846,2832],[3846,2831],[3846,2830],[3847,2830],[3847,2829],[3846,2829],[3846,2828],[3846,2827],[3846,2826],[3846,2825],[3847,2825],[3847,2824],[3847,2823],[3847,2822],[3847,2821],[3847,2820],[3848,2820],[3848,2819],[3847,2819],[3847,2818],[3847,2817],[3848,2817],[3848,2816],[3847,2816],[3846,2816],[3845,2816],[3844,2816],[3843,2816],[3842,2816],[3841,2816],[3840,2816]]],[[[3840,2880],[3841,2880],[3842,2880],[3843,2880],[3844,2880],[3845,2880],[3846,2880],[3847,2880],[3848,2880],[3849,2880],[3850,2880],[3850,2881],[3850,2882],[3851,2882],[3851,2883],[3851,2884],[3851,2885],[3851,2886],[3851,2887],[3852,2887],[3852,2888],[3851,2888],[3851,2889],[3852,2889],[3852,2890],[3852,2891],[3852,2892],[3852,2893],[3852,2894],[3853,2894],[3853,2895],[3852,2895],[3852,2896],[3853,2896],[3853,2897],[3853,2898],[3853,2899],[3853,2900],[3853,2901],[3854,2901],[3854,2902],[3854,2903],[3854,2904],[3854,2905],[3854,2906],[3854,2907],[3855,2907],[3855,2908],[3854,2908],[3854,2909],[3854,2910],[3855,2910],[3855,2911],[3855,2912],[3855,2913],[3855,2914],[3855,2915],[3856,2915],[3856,2916],[3855,2916],[3855,2917],[3855,2918],[3855,2919],[3856,2919],[3856,2920],[3855,2920],[3855,2921],[3856,2921],[3856,2922],[3856,2923],[3856,2924],[3856,2925],[3856,2926],[3857,2926],[3857,2927],[3856,2927],[3856,2928],[3856,2929],[3857,2929],[3857,2930],[3857,2931],[3857,2932],[3857,2933],[3857,2934],[3858,2934],[3858,2935],[3857,2935],[3857,2936],[3857,2937],[3857,2938],[3857,2939],[3858,2939],[3858,2940],[3858,2941],[3858,2942],[3858,2943],[3858,2944],[3857,2944],[3856,2944],[3855,2944],[3854,2944],[3853,2944],[3852,2944],[3851,2944],[3850,2944],[3849,2944],[3848,2944],[3847,2944],[3846,2944],[3845,2944],[3844,2944],[3843,2944],[3842,2944],[3841,2944],[3840,2944],[3840,2943],[3840,2942],[3840,2941],[3840,2940],[3840,2939],[3840,2938],[3840,2937],[3840,2936],[3840,2935],[3840,2934],[3840,2933],[3840,2932],[3840,2931],[3840,2930],[3840,2929],[3840,2928],[3840,2927],[3840,2926],[3840,2925],[3840,2924],[3840,2923],[3840,2922],[3840,2921],[3840,2920],[3840,2919],[3840,2918],[3840,2917],[3840,2916],[3840,2915],[3840,2914],[3840,2913],[3840,2912],[3840,2911],[3840,2910],[3840,2909],[3840,2908],[3840,2907],[3840,2906],[3840,2905],[3840,2904],[3840,2903],[3840,2902],[3840,2901],[3840,2900],[3840,2899],[3840,2898],[3840,2897],[3840,2896],[3840,2895],[3840,2894],[3840,2893],[3840,2892],[3840,2891],[3840,2890],[3840,2889],[3840,2888],[3840,2887],[3840,2886],[3840,2885],[3840,2884],[3840,2883],[3840,2882],[3840,2881],[3840,2880]]],[[[3840,2880],[3840,2881],[3840,2882],[3840,2883],[3840,2884],[3840,2885],[3840,2886],[3840,2887],[3840,2888],[3840,2889],[3840,2890],[3840,2891],[3840,2892],[3840,2893],[3840,2894],[3840,2895],[3840,2896],[3840,2897],[3840,2898],[3840,2899],[3840,2900],[3840,2901],[3840,2902],[3840,2903],[3840,2904],[3840,2905],[3840,2906],[3840,2907],[3840,2908],[3840,2909],[3840,2910],[3840,2911],[3840,2912],[3840,2913],[3840,2914],[3840,2915],[3840,2916],[3840,2917],[3840,2918],[3840,2919],[3840,2920],[3840,2921],[3840,2922],[3840,2923],[3840,2924],[3840,2925],[3840,2926],[3840,2927],[3840,2928],[3840,2929],[3840,2930],[3840,2931],[3840,2932],[3840,2933],[3840,2934],[3840,2935],[3840,2936],[3840,2937],[3840,2938],[3840,2939],[3840,2940],[3840,2941],[3840,2942],[3840,2943],[3840,2944],[3841,2944],[3842,2944],[3843,2944],[3844,2944],[3845,2944],[3846,2944],[3847,2944],[3848,2944],[3849,2944],[3850,2944],[3851,2944],[3852,2944],[3853,2944],[3854,2944],[3855,2944],[3856,2944],[3857,2944],[3858,2944],[3858,2943],[3858,2942],[3858,2941],[3858,2940],[3858,2939],[3857,2939],[3857,2938],[3857,2937],[3857,2936],[3857,2935],[3858,2935],[3858,2934],[3857,2934],[3857,2933],[3857,2932],[3857,2931],[3857,2930],[3857,2929],[3856,2929],[3856,2928],[3856,2927],[3857,2927],[3857,2926],[3856,2926],[3856,2925],[3856,2924],[3856,2923],[3856,2922],[3856,2921],[3855,2921],[3855,2920],[3856,2920],[3856,2919],[3855,2919],[3855,2918],[3855,2917],[3855,2916],[3856,2916],[3856,2915],[3855,2915],[3855,2914],[3855,2913],[3855,2912],[3855,2911],[3855,2910],[3854,2910],[3854,2909],[3854,2908],[3855,2908],[3855,2907],[3854,2907],[3854,2906],[3854,2905],[3854,2904],[3854,2903],[3854,2902],[3854,2901],[3853,2901],[3853,2900],[3853,2899],[3853,2898],[3853,2897],[3853,2896],[3852,2896],[3852,2895],[3853,2895],[3853,2894],[3852,2894],[3852,2893],[3852,2892],[3852,2891],[3852,2890],[3852,2889],[3851,2889],[3851,2888],[3852,2888],[3852,2887],[3851,2887],[3851,2886],[3851,2885],[3851,2884],[3851,2883],[3851,2882],[3850,2882],[3850,2881],[3850,2880],[3849,2880],[3848,2880],[3847,2880],[3846,2880],[3845,2880],[3844,2880],[3843,2880],[3842,2880],[3841,2880],[3840,2880]]],[[[3840,2944],[3841,2944],[3842,2944],[3843,2944],[3844,2944],[3845,2944],[3846,2944],[3847,2944],[3848,2944],[3849,2944],[3850,2944],[3851,2944],[3852,2944],[3853,2944],[3854,2944],[3855,2944],[3856,2944],[3857,2944],[3858,2944],[3859,2944],[3859,2945],[3858,2945],[3858,2946],[3858,2947],[3858,2948],[3859,2948],[3859,2949],[3858,2949],[3858,2950],[3858,2951],[3859,2951],[3859,2952],[3859,2953],[3859,2954],[3859,2955],[3859,2956],[3859,2957],[3860,2957],[3860,2958],[3860,2959],[3860,2960],[3860,2961],[3860,2962],[3861,2962],[3861,2963],[3860,2963],[3860,2964],[3861,2964],[3861,2965],[3861,2966],[3861,2967],[3861,2968],[3861,2969],[3862,2969],[3862,2970],[3861,2970],[3861,2971],[3861,2972],[3861,2973],[3861,2974],[3862,2974],[3862,2975],[3861,2975],[3861,2976],[3861,2977],[3861,2978],[3861,2979],[3862,2979],[3862,2980],[3861,2980],[3861,2981],[3861,2982],[3861,2983],[3861,2984],[3861,2985],[3861,2986],[3861,2987],[3862,2987],[3862,2988],[3861,2988],[3861,2989],[3861,2990],[3861,2991],[3861,2992],[3861,2993],[3861,2994],[3861,2995],[3862,2995],[3862,2996],[3862,2997],[3862,2998],[3863,2998],[3863,2999],[3863,3000],[3864,3000],[3864,3001],[3864,3002],[3864,3003],[3864,3004],[3864,3005],[3865,3005],[3865,3006],[3864,3006],[3864,3007],[3864,3008],[3863,3008],[3862,3008],[3861,3008],[3860,3008],[3859,3008],[3858,3008],[3857,3008],[3856,3008],[3855,3008],[3854,3008],[3853,3008],[3852,3008],[3851,3008],[3850,3008],[3849,3008],[3848,3008],[3847,3008],[3846,3008],[3845,3008],[3844,3008],[3843,3008],[3842,3008],[3841,3008],[3840,3008],[3840,3007],[3840,3006],[3840,3005],[3840,3004],[3840,3003],[3840,3002],[3840,3001],[3840,3000],[3840,2999],[3840,2998],[3840,2997],[3840,2996],[3840,2995],[3840,2994],[3840,2993],[3840,2992],[3840,2991],[3840,2990],[3840,2989],[3840,2988],[3840,2987],[3840,2986],[3840,2985],[3840,2984],[3840,2983],[3840,2982],[3840,2981],[3840,2980],[3840,2979],[3840,2978],[3840,2977],[3840,2976],[3840,2975],[3840,2974],[3840,2973],[3840,2972],[3840,2971],[3840,2970],[3840,2969],[3840,2968],[3840,2967],[3840,2966],[3840,2965],[3840,2964],[3840,2963],[3840,2962],[3840,2961],[3840,2960],[3840,2959],[3840,2958],[3840,2957],[3840,2956],[3840,2955],[3840,2954],[3840,2953],[3840,2952],[3840,2951],[3840,2950],[3840,2949],[3840,2948],[3840,2947],[3840,2946],[3840,2945],[3840,2944]]],[[[3840,2944],[3840,2945],[3840,2946],[3840,2947],[3840,2948],[3840,2949],[3840,2950],[3840,2951],[3840,2952],[3840,2953],[3840,2954],[3840,2955],[3840,2956],[3840,2957],[3840,2958],[3840,2959],[3840,2960],[3840,2961],[3840,2962],[3840,2963],[3840,2964],[3840,2965],[3840,2966],[3840,2967],[3840,2968],[3840,2969],[3840,2970],[3840,2971],[3840,2972],[3840,2973],[3840,2974],[3840,2975],[3840,2976],[3840,2977],[3840,2978],[3840,2979],[3840,2980],[3840,2981],[3840,2982],[3840,2983],[3840,2984],[3840,2985],[3840,2986],[3840,2987],[3840,2988],[3840,2989],[3840,2990],[3840,2991],[3840,2992],[3840,2993],[3840,2994],[3840,2995],[3840,2996],[3840,2997],[3840,2998],[3840,2999],[3840,3000],[3840,3001],[3840,3002],[3840,3003],[3840,3004],[3840,3005],[3840,3006],[3840,3007],[3840,3008],[3841,3008],[3842,3008],[3843,3008],[3844,3008],[3845,3008],[3846,3008],[3847,3008],[3848,3008],[3849,3008],[3850,3008],[3851,3008],[3852,3008],[3853,3008],[3854,3008],[3855,3008],[3856,3008],[3857,3008],[3858,3008],[3859,3008],[3860,3008],[3861,3008],[3862,3008],[3863,3008],[3864,3008],[3864,3007],[3864,3006],[3865,3006],[3865,3005],[3864,3005],[3864,3004],[3864,3003],[3864,3002],[3864,3001],[3864,3000],[3863,3000],[3863,2999],[3863,2998],[3862,2998],[3862,2997],[3862,2996],[3862,2995],[3861,2995],[3861,2994],[3861,2993],[3861,2992],[3861,2991],[3861,2990],[3861,2989],[3861,2988],[3862,2988],[3862,2987],[3861,2987],[3861,2986],[3861,2985],[3861,2984],[3861,2983],[3861,2982],[3861,2981],[3861,2980],[3862,2980],[3862,2979],[3861,2979],[3861,2978],[3861,2977],[3861,2976],[3861,2975],[3862,2975],[3862,2974],[3861,2974],[3861,2973],[3861,2972],[3861,2971],[3861,2970],[3862,2970],[3862,2969],[3861,2969],[3861,2968],[3861,2967],[3861,2966],[3861,2965],[3861,2964],[3860,2964],[3860,2963],[3861,2963],[3861,2962],[3860,2962],[3860,2961],[3860,2960],[3860,2959],[3860,2958],[3860,2957],[3859,2957],[3859,2956],[3859,2955],[3859,2954],[3859,2953],[3859,2952],[3859,2951],[3858,2951],[3858,2950],[3858,2949],[3859,2949],[3859,2948],[3858,2948],[3858,2947],[3858,2946],[3858,2945],[3859,2945],[3859,2944],[3858,2944],[3857,2944],[3856,2944],[3855,2944],[3854,2944],[3853,2944],[3852,2944],[3851,2944],[3850,2944],[3849,2944],[3848,2944],[3847,2944],[3846,2944],[3845,2944],[3844,2944],[3843,2944],[3842,2944],[3841,2944],[3840,2944]]],[[[3840,3008],[3841,3008],[3842,3008],[3843,3008],[3844,3008],[3845,3008],[3846,3008],[3847,3008],[3848,3008],[3849,3008],[3850,3008],[3851,3008],[3852,3008],[3853,3008],[3854,3008],[3855,3008],[3856,3008],[3857,3008],[3858,3008],[3859,3008],[3860,3008],[3861,3008],[3862,3008],[3863,3008],[3864,3008],[3865,3008],[3865,3009],[3864,3009],[3864,3010],[3865,3010],[3865,3011],[3864,3011],[3864,3012],[3864,3013],[3864,3014],[3865,3014],[3865,3015],[3864,3015],[3864,3016],[3864,3017],[3864,3018],[3864,3019],[3864,3020],[3864,3021],[3863,3021],[3863,3022],[3863,3023],[3863,3024],[3863,3025],[3863,3026],[3862,3026],[3862,3027],[3862,3028],[3862,3029],[3861,3029],[3861,3030],[3861,3031],[3861,3032],[3861,3033],[3861,3034],[3860,3034],[3860,3035],[3860,3036],[3860,3037],[3860,3038],[3859,3038],[3859,3039],[3859,3040],[3858,3040],[3858,3041],[3858,3042],[3857,3042],[3857,3043],[3856,3043],[3856,3044],[3855,3044],[3855,3045],[3854,3045],[3853,3045],[3853,3046],[3852,3046],[3851,3046],[3851,3047],[3850,3047],[3849,3047],[3848,3047],[3847,3047],[3846,3047],[3846,3048],[3845,3048],[3845,3047],[3844,3047],[3843,3047],[3842,3047],[3841,3047],[3840,3047],[3840,3046],[3840,3045],[3840,3044],[3840,3043],[3840,3042],[3840,3041],[3840,3040],[3840,3039],[3840,3038],[3840,3037],[3840,3036],[3840,3035],[3840,3034],[3840,3033],[3840,3032],[3840,3031],[3840,3030],[3840,3029],[3840,3028],[3840,3027],[3840,3026],[3840,3025],[3840,3024],[3840,3023],[3840,3022],[3840,3021],[3840,3020],[3840,3019],[3840,3018],[3840,3017],[3840,3016],[3840,3015],[3840,3014],[3840,3013],[3840,3012],[3840,3011],[3840,3010],[3840,3009],[3840,3008]]],[[[3840,3008],[3840,3009],[3840,3010],[3840,3011],[3840,3012],[3840,3013],[3840,3014],[3840,3015],[3840,3016],[3840,3017],[3840,3018],[3840,3019],[3840,3020],[3840,3021],[3840,3022],[3840,3023],[3840,3024],[3840,3025],[3840,3026],[3840,3027],[3840,3028],[3840,3029],[3840,3030],[3840,3031],[3840,3032],[3840,3033],[3840,3034],[3840,3035],[3840,3036],[3840,3037],[3840,3038],[3840,3039],[3840,3040],[3840,3041],[3840,3042],[3840,3043],[3840,3044],[3840,3045],[3840,3046],[3840,3047],[3841,3047],[3842,3047],[3843,3047],[3844,3047],[3845,3047],[3845,3048],[3846,3048],[3846,3047],[3847,3047],[3848,3047],[3849,3047],[3850,3047],[3851,3047],[3851,3046],[3852,3046],[3853,3046],[3853,3045],[3854,3045],[3855,3045],[3855,3044],[3856,3044],[3856,3043],[3857,3043],[3857,3042],[3858,3042],[3858,3041],[3858,3040],[3859,3040],[3859,3039],[3859,3038],[3860,3038],[3860,3037],[3860,3036],[3860,3035],[3860,3034],[3861,3034],[3861,3033],[3861,3032],[3861,3031],[3861,3030],[3861,3029],[3862,3029],[3862,3028],[3862,3027],[3862,3026],[3863,3026],[3863,3025],[3863,3024],[3863,3023],[3863,3022],[3863,3021],[3864,3021],[3864,3020],[3864,3019],[3864,3018],[3864,3017],[3864,3016],[3864,3015],[3865,3015],[3865,3014],[3864,3014],[3864,3013],[3864,3012],[3864,3011],[3865,3011],[3865,3010],[3864,3010],[3864,3009],[3865,3009],[3865,3008],[3864,3008],[3863,3008],[3862,3008],[3861,3008],[3860,3008],[3859,3008],[3858,3008],[3857,3008],[3856,3008],[3855,3008],[3854,3008],[3853,3008],[3852,3008],[3851,3008],[3850,3008],[3849,3008],[3848,3008],[3847,3008],[3846,3008],[3845,3008],[3844,3008],[3843,3008],[3842,3008],[3841,3008],[3840,3008]]]]}},{"type":"Feature","properties":{"areaId":6,"name":"Desert","tileCount":317056,"partCount":108},"geometry":{"type":"MultiPolygon","coordinates":[[[[2048,6336],[2112,6336],[2112,6400],[2048,6400],[2048,6336]]],[[[2688,5120],[2752,5120],[2752,5184],[2688,5184],[2688,5120]]],[[[2688,5184],[2752,5184],[2752,5248],[2688,5248],[2688,5184]]],[[[2752,5120],[2816,5120],[2816,5184],[2752,5184],[2752,5120]]],[[[2752,5184],[2816,5184],[2816,5248],[2752,5248],[2752,5184]]],[[[2816,5120],[2880,5120],[2880,5184],[2816,5184],[2816,5120]]],[[[2816,5184],[2880,5184],[2880,5248],[2816,5248],[2816,5184]]],[[[3136,2624],[3200,2624],[3200,2688],[3136,2688],[3136,2624]]],[[[3136,2688],[3200,2688],[3200,2752],[3136,2752],[3136,2688]]],[[[3136,2752],[3200,2752],[3200,2816],[3136,2816],[3136,2752]]],[[[3136,2816],[3200,2816],[3200,2880],[3136,2880],[3136,2816]]],[[[3136,2880],[3200,2880],[3200,2944],[3136,2944],[3136,2880]]],[[[3136,2944],[3200,2944],[3200,3008],[3136,3008],[3136,2944]]],[[[3136,3008],[3200,3008],[3200,3072],[3136,3072],[3136,3008]]],[[[3136,3072],[3200,3072],[3200,3136],[3136,3136],[3136,3072]]],[[[3200,2624],[3264,2624],[3264,2688],[3200,2688],[3200,2624]]],[[[3200,2688],[3264,2688],[3264,2752],[3200,2752],[3200,2688]]],[[[3200,2752],[3264,2752],[3264,2816],[3200,2816],[3200,2752]]],[[[3200,2816],[3264,2816],[3264,2880],[3200,2880],[3200,2816]]],[[[3200,2880],[3264,2880],[3264,2944],[3200,2944],[3200,2880]]],[[[3200,2944],[3264,2944],[3264,3008],[3200,3008],[3200,2944]]],[[[3200,3008],[3264,3008],[3264,3072],[3200,3072],[3200,3008]]],[[[3200,3072],[3264,3072],[3264,3136],[3200,3136],[3200,3072]]],[[[3264,2624],[3328,2624],[3328,2688],[3264,2688],[3264,2624]]],[[[3264,2688],[3328,2688],[3328,2752],[3264,2752],[3264,2688]]],[[[3264,2752],[3328,2752],[3328,2816],[3264,2816],[3264,2752]]],[[[3264,2816],[3328,2816],[3328,2880],[3264,2880],[3264,2816]]],[[[3264,2880],[3328,2880],[3328,2944],[3264,2944],[3264,2880]]],[[[3264,2944],[3328,2944],[3328,3008],[3264,3008],[3264,2944]]],[[[3264,3008],[3328,3008],[3328,3072],[3264,3072],[3264,3008]]],[[[3264,3072],[3328,3072],[3328,3136],[3264,3136],[3264,3072]]],[[[3264,3136],[3328,3136],[3328,3200],[3264,3200],[3264,3136]]],[[[3264,9472],[3328,9472],[3328,9536],[3264,9536],[3264,9472]]],[[[3264,9536],[3328,9536],[3328,9600],[3264,9600],[3264,9536]]],[[[3264,9600],[3328,9600],[3328,9664],[3264,9664],[3264,9600]]],[[[3264,9664],[3328,9664],[3328,9728],[3264,9728],[3264,9664]]],[[[3328,2624],[3392,2624],[3392,2688],[3328,2688],[3328,2624]]],[[[3328,2688],[3392,2688],[3392,2752],[3328,2752],[3328,2688]]],[[[3328,2752],[3392,2752],[3392,2816],[3328,2816],[3328,2752]]],[[[3328,2816],[3392,2816],[3392,2880],[3328,2880],[3328,2816]]],[[[3328,2880],[3392,2880],[3392,2944],[3328,2944],[3328,2880]]],[[[3328,2944],[3392,2944],[3392,3008],[3328,3008],[3328,2944]]],[[[3328,3008],[3392,3008],[3392,3072],[3328,3072],[3328,3008]]],[[[3328,3072],[3392,3072],[3392,3136],[3328,3136],[3328,3072]]],[[[3328,9472],[3392,9472],[3392,9536],[3328,9536],[3328,9472]]],[[[3328,9536],[3392,9536],[3392,9600],[3328,9600],[3328,9536]]],[[[3328,9600],[3392,9600],[3392,9664],[3328,9664],[3328,9600]]],[[[3328,9664],[3392,9664],[3392,9728],[3328,9728],[3328,9664]]],[[[3392,2624],[3456,2624],[3456,2688],[3392,2688],[3392,2624]]],[[[3392,2688],[3456,2688],[3456,2752],[3392,2752],[3392,2688]]],[[[3392,2752],[3456,2752],[3456,2816],[3392,2816],[3392,2752]]],[[[3392,2816],[3456,2816],[3456,2880],[3392,2880],[3392,2816]]],[[[3392,2880],[3456,2880],[3456,2944],[3392,2944],[3392,2880]]],[[[3392,2944],[3456,2944],[3456,3008],[3392,3008],[3392,2944]]],[[[3392,3008],[3456,3008],[3456,3072],[3392,3072],[3392,3008]]],[[[3392,9472],[3456,9472],[3456,9536],[3392,9536],[3392,9472]]],[[[3392,9536],[3456,9536],[3456,9600],[3392,9600],[3392,9536]]],[[[3392,9600],[3456,9600],[3456,9664],[3392,9664],[3392,9600]]],[[[3456,2624],[3520,2624],[3520,2688],[3456,2688],[3456,2624]]],[[[3456,2688],[3520,2688],[3520,2752],[3456,2752],[3456,2688]]],[[[3456,2752],[3520,2752],[3520,2816],[3456,2816],[3456,2752]]],[[[3456,2816],[3520,2816],[3520,2880],[3456,2880],[3456,2816]]],[[[3456,3008],[3520,3008],[3520,3072],[3456,3072],[3456,3008]]],[[[3456,9472],[3520,9472],[3520,9536],[3456,9536],[3456,9472]]],[[[3456,9536],[3520,9536],[3520,9600],[3456,9600],[3456,9536]]],[[[3456,9600],[3520,9600],[3520,9664],[3456,9664],[3456,9600]]],[[[3244,3136],[3245,3136],[3246,3136],[3247,3136],[3248,3136],[3249,3136],[3250,3136],[3251,3136],[3252,3136],[3253,3136],[3254,3136],[3255,3136],[3256,3136],[3257,3136],[3258,3136],[3259,3136],[3260,3136],[3261,3136],[3262,3136],[3263,3136],[3264,3136],[3264,3137],[3264,3138],[3264,3139],[3264,3140],[3264,3141],[3264,3142],[3264,3143],[3264,3144],[3264,3145],[3264,3146],[3264,3147],[3264,3148],[3264,3149],[3264,3150],[3264,3151],[3264,3152],[3264,3153],[3264,3154],[3264,3155],[3264,3156],[3264,3157],[3264,3158],[3264,3159],[3264,3160],[3264,3161],[3264,3162],[3264,3163],[3264,3164],[3264,3165],[3264,3166],[3264,3167],[3264,3168],[3264,3169],[3264,3170],[3264,3171],[3264,3172],[3264,3173],[3264,3174],[3264,3175],[3264,3176],[3264,3177],[3264,3178],[3264,3179],[3264,3180],[3264,3181],[3264,3182],[3264,3183],[3264,3184],[3264,3185],[3264,3186],[3264,3187],[3264,3188],[3264,3189],[3264,3190],[3264,3191],[3264,3192],[3264,3193],[3264,3194],[3264,3195],[3264,3196],[3264,3197],[3264,3198],[3264,3199],[3264,3200],[3263,3200],[3262,3200],[3261,3200],[3260,3200],[3260,3199],[3260,3198],[3260,3197],[3260,3196],[3260,3195],[3260,3194],[3260,3193],[3260,3192],[3260,3191],[3260,3190],[3260,3189],[3259,3189],[3259,3188],[3259,3187],[3259,3186],[3258,3186],[3257,3186],[3256,3186],[3255,3186],[3255,3185],[3255,3184],[3255,3183],[3255,3182],[3255,3181],[3254,3181],[3254,3180],[3254,3179],[3254,3178],[3254,3177],[3253,3177],[3253,3176],[3253,3175],[3252,3175],[3251,3175],[3251,3174],[3251,3173],[3251,3172],[3250,3172],[3250,3171],[3250,3170],[3250,3169],[3250,3168],[3250,3167],[3250,3166],[3250,3165],[3250,3164],[3250,3163],[3250,3162],[3250,3161],[3250,3160],[3250,3159],[3250,3158],[3250,3157],[3250,3156],[3250,3155],[3250,3154],[3250,3153],[3250,3152],[3250,3151],[3250,3150],[3250,3149],[3250,3148],[3250,3147],[3250,3146],[3250,3145],[3250,3144],[3250,3143],[3250,3142],[3250,3141],[3250,3140],[3249,3140],[3249,3139],[3248,3139],[3248,3138],[3248,3137],[3247,3137],[3246,3137],[3245,3137],[3244,3137],[3244,3136]]],[[[3244,3136],[3244,3137],[3245,3137],[3246,3137],[3247,3137],[3248,3137],[3248,3138],[3248,3139],[3249,3139],[3249,3140],[3250,3140],[3250,3141],[3250,3142],[3250,3143],[3250,3144],[3250,3145],[3250,3146],[3250,3147],[3250,3148],[3250,3149],[3250,3150],[3250,3151],[3250,3152],[3250,3153],[3250,3154],[3250,3155],[3250,3156],[3250,3157],[3250,3158],[3250,3159],[3250,3160],[3250,3161],[3250,3162],[3250,3163],[3250,3164],[3250,3165],[3250,3166],[3250,3167],[3250,3168],[3250,3169],[3250,3170],[3250,3171],[3250,3172],[3251,3172],[3251,3173],[3251,3174],[3251,3175],[3252,3175],[3253,3175],[3253,3176],[3253,3177],[3254,3177],[3254,3178],[3254,3179],[3254,3180],[3254,3181],[3255,3181],[3255,3182],[3255,3183],[3255,3184],[3255,3185],[3255,3186],[3256,3186],[3257,3186],[3258,3186],[3259,3186],[3259,3187],[3259,3188],[3259,3189],[3260,3189],[3260,3190],[3260,3191],[3260,3192],[3260,3193],[3260,3194],[3260,3195],[3260,3196],[3260,3197],[3260,3198],[3260,3199],[3260,3200],[3261,3200],[3262,3200],[3263,3200],[3264,3200],[3264,3199],[3264,3198],[3264,3197],[3264,3196],[3264,3195],[3264,3194],[3264,3193],[3264,3192],[3264,3191],[3264,3190],[3264,3189],[3264,3188],[3264,3187],[3264,3186],[3264,3185],[3264,3184],[3264,3183],[3264,3182],[3264,3181],[3264,3180],[3264,3179],[3264,3178],[3264,3177],[3264,3176],[3264,3175],[3264,3174],[3264,3173],[3264,3172],[3264,3171],[3264,3170],[3264,3169],[3264,3168],[3264,3167],[3264,3166],[3264,3165],[3264,3164],[3264,3163],[3264,3162],[3264,3161],[3264,3160],[3264,3159],[3264,3158],[3264,3157],[3264,3156],[3264,3155],[3264,3154],[3264,3153],[3264,3152],[3264,3151],[3264,3150],[3264,3149],[3264,3148],[3264,3147],[3264,3146],[3264,3145],[3264,3144],[3264,3143],[3264,3142],[3264,3141],[3264,3140],[3264,3139],[3264,3138],[3264,3137],[3264,3136],[3263,3136],[3262,3136],[3261,3136],[3260,3136],[3259,3136],[3258,3136],[3257,3136],[3256,3136],[3255,3136],[3254,3136],[3253,3136],[3252,3136],[3251,3136],[3250,3136],[3249,3136],[3248,3136],[3247,3136],[3246,3136],[3245,3136],[3244,3136]]],[[[3264,3200],[3265,3200],[3266,3200],[3267,3200],[3268,3200],[3269,3200],[3270,3200],[3271,3200],[3272,3200],[3273,3200],[3274,3200],[3275,3200],[3276,3200],[3277,3200],[3278,3200],[3279,3200],[3280,3200],[3281,3200],[3282,3200],[3283,3200],[3284,3200],[3285,3200],[3286,3200],[3287,3200],[3288,3200],[3289,3200],[3290,3200],[3291,3200],[3292,3200],[3293,3200],[3294,3200],[3295,3200],[3296,3200],[3297,3200],[3298,3200],[3299,3200],[3300,3200],[3301,3200],[3302,3200],[3303,3200],[3304,3200],[3305,3200],[3306,3200],[3307,3200],[3308,3200],[3309,3200],[3310,3200],[3311,3200],[3312,3200],[3313,3200],[3314,3200],[3315,3200],[3316,3200],[3317,3200],[3318,3200],[3319,3200],[3320,3200],[3321,3200],[3322,3200],[3323,3200],[3324,3200],[3325,3200],[3326,3200],[3327,3200],[3328,3200],[3328,3201],[3328,3202],[3328,3203],[3328,3204],[3328,3205],[3328,3206],[3328,3207],[3328,3208],[3328,3209],[3328,3210],[3328,3211],[3328,3212],[3328,3213],[3328,3214],[3328,3215],[3328,3216],[3328,3217],[3328,3218],[3328,3219],[3328,3220],[3328,3221],[3328,3222],[3328,3223],[3328,3224],[3328,3225],[3328,3226],[3328,3227],[3328,3228],[3328,3229],[3328,3230],[3328,3231],[3328,3232],[3328,3233],[3328,3234],[3328,3235],[3328,3236],[3328,3237],[3328,3238],[3328,3239],[3328,3240],[3328,3241],[3328,3242],[3328,3243],[3328,3244],[3328,3245],[3328,3246],[3328,3247],[3328,3248],[3328,3249],[3328,3250],[3328,3251],[3328,3252],[3328,3253],[3328,3254],[3328,3255],[3328,3256],[3328,3257],[3328,3258],[3328,3259],[3328,3260],[3328,3261],[3328,3262],[3328,3263],[3328,3264],[3327,3264],[3326,3264],[3325,3264],[3324,3264],[3323,3264],[3322,3264],[3321,3264],[3320,3264],[3319,3264],[3318,3264],[3317,3264],[3316,3264],[3315,3264],[3314,3264],[3313,3264],[3312,3264],[3311,3264],[3310,3264],[3309,3264],[3308,3264],[3307,3264],[3306,3264],[3305,3264],[3304,3264],[3303,3264],[3302,3264],[3301,3264],[3300,3264],[3299,3264],[3298,3264],[3297,3264],[3296,3264],[3295,3264],[3294,3264],[3293,3264],[3292,3264],[3291,3264],[3290,3264],[3289,3264],[3288,3264],[3287,3264],[3286,3264],[3285,3264],[3284,3264],[3283,3264],[3282,3264],[3281,3264],[3280,3264],[3279,3264],[3278,3264],[3277,3264],[3276,3264],[3275,3264],[3274,3264],[3273,3264],[3272,3264],[3271,3264],[3270,3264],[3269,3264],[3268,3264],[3267,3264],[3266,3264],[3266,3263],[3266,3262],[3266,3261],[3266,3260],[3266,3259],[3266,3258],[3266,3257],[3266,3256],[3266,3255],[3265,3255],[3265,3254],[3265,3253],[3265,3252],[3265,3251],[3265,3250],[3265,3249],[3265,3248],[3266,3248],[3266,3247],[3266,3246],[3266,3245],[3266,3244],[3266,3243],[3266,3242],[3266,3241],[3266,3240],[3267,3240],[3267,3239],[3267,3238],[3267,3237],[3267,3236],[3267,3235],[3267,3234],[3267,3233],[3268,3233],[3268,3232],[3268,3231],[3268,3230],[3268,3229],[3268,3228],[3268,3227],[3268,3226],[3268,3225],[3268,3224],[3268,3223],[3267,3223],[3267,3222],[3267,3221],[3267,3220],[3267,3219],[3267,3218],[3267,3217],[3267,3216],[3267,3215],[3267,3214],[3267,3213],[3267,3212],[3267,3211],[3267,3210],[3267,3209],[3267,3208],[3267,3207],[3267,3206],[3267,3205],[3267,3204],[3266,3204],[3266,3203],[3265,3203],[3265,3202],[3264,3202],[3264,3201],[3264,3200]]],[[[3264,3200],[3264,3201],[3264,3202],[3265,3202],[3265,3203],[3266,3203],[3266,3204],[3267,3204],[3267,3205],[3267,3206],[3267,3207],[3267,3208],[3267,3209],[3267,3210],[3267,3211],[3267,3212],[3267,3213],[3267,3214],[3267,3215],[3267,3216],[3267,3217],[3267,3218],[3267,3219],[3267,3220],[3267,3221],[3267,3222],[3267,3223],[3268,3223],[3268,3224],[3268,3225],[3268,3226],[3268,3227],[3268,3228],[3268,3229],[3268,3230],[3268,3231],[3268,3232],[3268,3233],[3267,3233],[3267,3234],[3267,3235],[3267,3236],[3267,3237],[3267,3238],[3267,3239],[3267,3240],[3266,3240],[3266,3241],[3266,3242],[3266,3243],[3266,3244],[3266,3245],[3266,3246],[3266,3247],[3266,3248],[3265,3248],[3265,3249],[3265,3250],[3265,3251],[3265,3252],[3265,3253],[3265,3254],[3265,3255],[3266,3255],[3266,3256],[3266,3257],[3266,3258],[3266,3259],[3266,3260],[3266,3261],[3266,3262],[3266,3263],[3266,3264],[3267,3264],[3268,3264],[3269,3264],[3270,3264],[3271,3264],[3272,3264],[3273,3264],[3274,3264],[3275,3264],[3276,3264],[3277,3264],[3278,3264],[3279,3264],[3280,3264],[3281,3264],[3282,3264],[3283,3264],[3284,3264],[3285,3264],[3286,3264],[3287,3264],[3288,3264],[3289,3264],[3290,3264],[3291,3264],[3292,3264],[3293,3264],[3294,3264],[3295,3264],[3296,3264],[3297,3264],[3298,3264],[3299,3264],[3300,3264],[3301,3264],[3302,3264],[3303,3264],[3304,3264],[3305,3264],[3306,3264],[3307,3264],[3308,3264],[3309,3264],[3310,3264],[3311,3264],[3312,3264],[3313,3264],[3314,3264],[3315,3264],[3316,3264],[3317,3264],[3318,3264],[3319,3264],[3320,3264],[3321,3264],[3322,3264],[3323,3264],[3324,3264],[3325,3264],[3326,3264],[3327,3264],[3328,3264],[3328,3263],[3328,3262],[3328,3261],[3328,3260],[3328,3259],[3328,3258],[3328,3257],[3328,3256],[3328,3255],[3328,3254],[3328,3253],[3328,3252],[3328,3251],[3328,3250],[3328,3249],[3328,3248],[3328,3247],[3328,3246],[3328,3245],[3328,3244],[3328,3243],[3328,3242],[3328,3241],[3328,3240],[3328,3239],[3328,3238],[3328,3237],[3328,3236],[3328,3235],[3328,3234],[3328,3233],[3328,3232],[3328,3231],[3328,3230],[3328,3229],[3328,3228],[3328,3227],[3328,3226],[3328,3225],[3328,3224],[3328,3223],[3328,3222],[3328,3221],[3328,3220],[3328,3219],[3328,3218],[3328,3217],[3328,3216],[3328,3215],[3328,3214],[3328,3213],[3328,3212],[3328,3211],[3328,3210],[3328,3209],[3328,3208],[3328,3207],[3328,3206],[3328,3205],[3328,3204],[3328,3203],[3328,3202],[3328,3201],[3328,3200],[3327,3200],[3326,3200],[3325,3200],[3324,3200],[3323,3200],[3322,3200],[3321,3200],[3320,3200],[3319,3200],[3318,3200],[3317,3200],[3316,3200],[3315,3200],[3314,3200],[3313,3200],[3312,3200],[3311,3200],[3310,3200],[3309,3200],[3308,3200],[3307,3200],[3306,3200],[3305,3200],[3304,3200],[3303,3200],[3302,3200],[3301,3200],[3300,3200],[3299,3200],[3298,3200],[3297,3200],[3296,3200],[3295,3200],[3294,3200],[3293,3200],[3292,3200],[3291,3200],[3290,3200],[3289,3200],[3288,3200],[3287,3200],[3286,3200],[3285,3200],[3284,3200],[3283,3200],[3282,3200],[3281,3200],[3280,3200],[3279,3200],[3278,3200],[3277,3200],[3276,3200],[3275,3200],[3274,3200],[3273,3200],[3272,3200],[3271,3200],[3270,3200],[3269,3200],[3268,3200],[3267,3200],[3266,3200],[3265,3200],[3264,3200]]],[[[3266,3264],[3267,3264],[3268,3264],[3269,3264],[3270,3264],[3271,3264],[3272,3264],[3273,3264],[3274,3264],[3275,3264],[3276,3264],[3277,3264],[3278,3264],[3279,3264],[3280,3264],[3281,3264],[3282,3264],[3283,3264],[3284,3264],[3285,3264],[3286,3264],[3287,3264],[3288,3264],[3289,3264],[3290,3264],[3291,3264],[3292,3264],[3293,3264],[3294,3264],[3295,3264],[3296,3264],[3297,3264],[3298,3264],[3299,3264],[3300,3264],[3301,3264],[3302,3264],[3303,3264],[3304,3264],[3305,3264],[3306,3264],[3307,3264],[3308,3264],[3309,3264],[3310,3264],[3311,3264],[3312,3264],[3313,3264],[3314,3264],[3315,3264],[3316,3264],[3317,3264],[3318,3264],[3319,3264],[3320,3264],[3321,3264],[3322,3264],[3323,3264],[3324,3264],[3325,3264],[3326,3264],[3327,3264],[3328,3264],[3328,3265],[3328,3266],[3328,3267],[3328,3268],[3328,3269],[3328,3270],[3328,3271],[3328,3272],[3328,3273],[3328,3274],[3328,3275],[3328,3276],[3328,3277],[3328,3278],[3328,3279],[3328,3280],[3328,3281],[3328,3282],[3328,3283],[3328,3284],[3328,3285],[3328,3286],[3328,3287],[3328,3288],[3328,3289],[3328,3290],[3328,3291],[3328,3292],[3328,3293],[3328,3294],[3328,3295],[3328,3296],[3328,3297],[3328,3298],[3328,3299],[3328,3300],[3328,3301],[3328,3302],[3328,3303],[3328,3304],[3328,3305],[3328,3306],[3328,3307],[3328,3308],[3328,3309],[3328,3310],[3328,3311],[3328,3312],[3328,3313],[3328,3314],[3328,3315],[3328,3316],[3328,3317],[3328,3318],[3328,3319],[3328,3320],[3328,3321],[3328,3322],[3328,3323],[3328,3324],[3328,3325],[3328,3326],[3328,3327],[3328,3328],[3327,3328],[3326,3328],[3325,3328],[3324,3328],[3323,3328],[3322,3328],[3321,3328],[3320,3328],[3319,3328],[3318,3328],[3317,3328],[3316,3328],[3315,3328],[3314,3328],[3313,3328],[3312,3328],[3311,3328],[3310,3328],[3309,3328],[3308,3328],[3307,3328],[3306,3328],[3305,3328],[3304,3328],[3303,3328],[3302,3328],[3301,3328],[3300,3328],[3299,3328],[3298,3328],[3297,3328],[3296,3328],[3295,3328],[3294,3328],[3293,3328],[3292,3328],[3291,3328],[3290,3328],[3289,3328],[3288,3328],[3287,3328],[3286,3328],[3285,3328],[3284,3328],[3283,3328],[3282,3328],[3281,3328],[3280,3328],[3279,3328],[3278,3328],[3277,3328],[3276,3328],[3275,3328],[3274,3328],[3273,3328],[3272,3328],[3271,3328],[3271,3327],[3271,3326],[3271,3325],[3270,3325],[3270,3324],[3269,3324],[3269,3323],[3268,3323],[3268,3322],[3267,3322],[3267,3321],[3267,3320],[3267,3319],[3267,3318],[3267,3317],[3267,3316],[3267,3315],[3267,3314],[3267,3313],[3267,3312],[3267,3311],[3267,3310],[3267,3309],[3267,3308],[3267,3307],[3267,3306],[3267,3305],[3267,3304],[3267,3303],[3267,3302],[3267,3301],[3268,3301],[3268,3300],[3268,3299],[3268,3298],[3268,3297],[3268,3296],[3267,3296],[3267,3295],[3266,3295],[3266,3294],[3266,3293],[3266,3292],[3266,3291],[3266,3290],[3266,3289],[3266,3288],[3266,3287],[3266,3286],[3266,3285],[3266,3284],[3266,3283],[3266,3282],[3266,3281],[3266,3280],[3266,3279],[3266,3278],[3266,3277],[3266,3276],[3266,3275],[3266,3274],[3266,3273],[3266,3272],[3266,3271],[3266,3270],[3266,3269],[3266,3268],[3266,3267],[3266,3266],[3266,3265],[3266,3264]]],[[[3266,3264],[3266,3265],[3266,3266],[3266,3267],[3266,3268],[3266,3269],[3266,3270],[3266,3271],[3266,3272],[3266,3273],[3266,3274],[3266,3275],[3266,3276],[3266,3277],[3266,3278],[3266,3279],[3266,3280],[3266,3281],[3266,3282],[3266,3283],[3266,3284],[3266,3285],[3266,3286],[3266,3287],[3266,3288],[3266,3289],[3266,3290],[3266,3291],[3266,3292],[3266,3293],[3266,3294],[3266,3295],[3267,3295],[3267,3296],[3268,3296],[3268,3297],[3268,3298],[3268,3299],[3268,3300],[3268,3301],[3267,3301],[3267,3302],[3267,3303],[3267,3304],[3267,3305],[3267,3306],[3267,3307],[3267,3308],[3267,3309],[3267,3310],[3267,3311],[3267,3312],[3267,3313],[3267,3314],[3267,3315],[3267,3316],[3267,3317],[3267,3318],[3267,3319],[3267,3320],[3267,3321],[3267,3322],[3268,3322],[3268,3323],[3269,3323],[3269,3324],[3270,3324],[3270,3325],[3271,3325],[3271,3326],[3271,3327],[3271,3328],[3272,3328],[3273,3328],[3274,3328],[3275,3328],[3276,3328],[3277,3328],[3278,3328],[3279,3328],[3280,3328],[3281,3328],[3282,3328],[3283,3328],[3284,3328],[3285,3328],[3286,3328],[3287,3328],[3288,3328],[3289,3328],[3290,3328],[3291,3328],[3292,3328],[3293,3328],[3294,3328],[3295,3328],[3296,3328],[3297,3328],[3298,3328],[3299,3328],[3300,3328],[3301,3328],[3302,3328],[3303,3328],[3304,3328],[3305,3328],[3306,3328],[3307,3328],[3308,3328],[3309,3328],[3310,3328],[3311,3328],[3312,3328],[3313,3328],[3314,3328],[3315,3328],[3316,3328],[3317,3328],[3318,3328],[3319,3328],[3320,3328],[3321,3328],[3322,3328],[3323,3328],[3324,3328],[3325,3328],[3326,3328],[3327,3328],[3328,3328],[3328,3327],[3328,3326],[3328,3325],[3328,3324],[3328,3323],[3328,3322],[3328,3321],[3328,3320],[3328,3319],[3328,3318],[3328,3317],[3328,3316],[3328,3315],[3328,3314],[3328,3313],[3328,3312],[3328,3311],[3328,3310],[3328,3309],[3328,3308],[3328,3307],[3328,3306],[3328,3305],[3328,3304],[3328,3303],[3328,3302],[3328,3301],[3328,3300],[3328,3299],[3328,3298],[3328,3297],[3328,3296],[3328,3295],[3328,3294],[3328,3293],[3328,3292],[3328,3291],[3328,3290],[3328,3289],[3328,3288],[3328,3287],[3328,3286],[3328,3285],[3328,3284],[3328,3283],[3328,3282],[3328,3281],[3328,3280],[3328,3279],[3328,3278],[3328,3277],[3328,3276],[3328,3275],[3328,3274],[3328,3273],[3328,3272],[3328,3271],[3328,3270],[3328,3269],[3328,3268],[3328,3267],[3328,3266],[3328,3265],[3328,3264],[3327,3264],[3326,3264],[3325,3264],[3324,3264],[3323,3264],[3322,3264],[3321,3264],[3320,3264],[3319,3264],[3318,3264],[3317,3264],[3316,3264],[3315,3264],[3314,3264],[3313,3264],[3312,3264],[3311,3264],[3310,3264],[3309,3264],[3308,3264],[3307,3264],[3306,3264],[3305,3264],[3304,3264],[3303,3264],[3302,3264],[3301,3264],[3300,3264],[3299,3264],[3298,3264],[3297,3264],[3296,3264],[3295,3264],[3294,3264],[3293,3264],[3292,3264],[3291,3264],[3290,3264],[3289,3264],[3288,3264],[3287,3264],[3286,3264],[3285,3264],[3284,3264],[3283,3264],[3282,3264],[3281,3264],[3280,3264],[3279,3264],[3278,3264],[3277,3264],[3276,3264],[3275,3264],[3274,3264],[3273,3264],[3272,3264],[3271,3264],[3270,3264],[3269,3264],[3268,3264],[3267,3264],[3266,3264]]],[[[3271,3328],[3272,3328],[3273,3328],[3274,3328],[3275,3328],[3276,3328],[3277,3328],[3278,3328],[3279,3328],[3280,3328],[3281,3328],[3282,3328],[3283,3328],[3284,3328],[3285,3328],[3286,3328],[3287,3328],[3288,3328],[3289,3328],[3290,3328],[3291,3328],[3292,3328],[3293,3328],[3294,3328],[3295,3328],[3296,3328],[3297,3328],[3298,3328],[3299,3328],[3300,3328],[3301,3328],[3302,3328],[3303,3328],[3304,3328],[3305,3328],[3306,3328],[3307,3328],[3308,3328],[3309,3328],[3310,3328],[3311,3328],[3312,3328],[3313,3328],[3314,3328],[3315,3328],[3316,3328],[3317,3328],[3318,3328],[3319,3328],[3320,3328],[3321,3328],[3322,3328],[3323,3328],[3324,3328],[3325,3328],[3326,3328],[3327,3328],[3328,3328],[3328,3329],[3328,3330],[3327,3330],[3326,3330],[3325,3330],[3324,3330],[3323,3330],[3323,3331],[3322,3331],[3321,3331],[3320,3331],[3319,3331],[3319,3330],[3318,3330],[3317,3330],[3316,3330],[3316,3329],[3315,3329],[3314,3329],[3313,3329],[3312,3329],[3311,3329],[3310,3329],[3309,3329],[3308,3329],[3308,3330],[3307,3330],[3306,3330],[3305,3330],[3305,3331],[3304,3331],[3303,3331],[3302,3331],[3301,3331],[3300,3331],[3300,3330],[3299,3330],[3298,3330],[3297,3330],[3296,3330],[3295,3330],[3294,3330],[3293,3330],[3292,3330],[3291,3330],[3290,3330],[3289,3330],[3288,3330],[3287,3330],[3286,3330],[3285,3330],[3284,3330],[3283,3330],[3282,3330],[3281,3330],[3280,3330],[3279,3330],[3278,3330],[3277,3330],[3276,3330],[3275,3330],[3274,3330],[3273,3330],[3272,3330],[3271,3330],[3271,3329],[3271,3328]]],[[[3271,3328],[3271,3329],[3271,3330],[3272,3330],[3273,3330],[3274,3330],[3275,3330],[3276,3330],[3277,3330],[3278,3330],[3279,3330],[3280,3330],[3281,3330],[3282,3330],[3283,3330],[3284,3330],[3285,3330],[3286,3330],[3287,3330],[3288,3330],[3289,3330],[3290,3330],[3291,3330],[3292,3330],[3293,3330],[3294,3330],[3295,3330],[3296,3330],[3297,3330],[3298,3330],[3299,3330],[3300,3330],[3300,3331],[3301,3331],[3302,3331],[3303,3331],[3304,3331],[3305,3331],[3305,3330],[3306,3330],[3307,3330],[3308,3330],[3308,3329],[3309,3329],[3310,3329],[3311,3329],[3312,3329],[3313,3329],[3314,3329],[3315,3329],[3316,3329],[3316,3330],[3317,3330],[3318,3330],[3319,3330],[3319,3331],[3320,3331],[3321,3331],[3322,3331],[3323,3331],[3323,3330],[3324,3330],[3325,3330],[3326,3330],[3327,3330],[3328,3330],[3328,3329],[3328,3328],[3327,3328],[3326,3328],[3325,3328],[3324,3328],[3323,3328],[3322,3328],[3321,3328],[3320,3328],[3319,3328],[3318,3328],[3317,3328],[3316,3328],[3315,3328],[3314,3328],[3313,3328],[3312,3328],[3311,3328],[3310,3328],[3309,3328],[3308,3328],[3307,3328],[3306,3328],[3305,3328],[3304,3328],[3303,3328],[3302,3328],[3301,3328],[3300,3328],[3299,3328],[3298,3328],[3297,3328],[3296,3328],[3295,3328],[3294,3328],[3293,3328],[3292,3328],[3291,3328],[3290,3328],[3289,3328],[3288,3328],[3287,3328],[3286,3328],[3285,3328],[3284,3328],[3283,3328],[3282,3328],[3281,3328],[3280,3328],[3279,3328],[3278,3328],[3277,3328],[3276,3328],[3275,3328],[3274,3328],[3273,3328],[3272,3328],[3271,3328]]],[[[3328,3264],[3329,3264],[3330,3264],[3331,3264],[3332,3264],[3333,3264],[3334,3264],[3335,3264],[3336,3264],[3337,3264],[3338,3264],[3339,3264],[3340,3264],[3341,3264],[3342,3264],[3343,3264],[3344,3264],[3345,3264],[3346,3264],[3347,3264],[3348,3264],[3349,3264],[3350,3264],[3351,3264],[3352,3264],[3353,3264],[3354,3264],[3355,3264],[3356,3264],[3357,3264],[3358,3264],[3359,3264],[3360,3264],[3361,3264],[3362,3264],[3363,3264],[3364,3264],[3365,3264],[3366,3264],[3367,3264],[3368,3264],[3369,3264],[3370,3264],[3371,3264],[3372,3264],[3373,3264],[3374,3264],[3375,3264],[3376,3264],[3377,3264],[3378,3264],[3379,3264],[3380,3264],[3381,3264],[3382,3264],[3383,3264],[3384,3264],[3385,3264],[3386,3264],[3387,3264],[3388,3264],[3389,3264],[3390,3264],[3391,3264],[3392,3264],[3392,3265],[3392,3266],[3392,3267],[3392,3268],[3392,3269],[3392,3270],[3392,3271],[3392,3272],[3392,3273],[3392,3274],[3392,3275],[3392,3276],[3392,3277],[3392,3278],[3392,3279],[3392,3280],[3392,3281],[3392,3282],[3392,3283],[3392,3284],[3392,3285],[3392,3286],[3392,3287],[3392,3288],[3392,3289],[3392,3290],[3392,3291],[3392,3292],[3392,3293],[3392,3294],[3392,3295],[3392,3296],[3392,3297],[3392,3298],[3392,3299],[3392,3300],[3392,3301],[3392,3302],[3392,3303],[3392,3304],[3392,3305],[3392,3306],[3392,3307],[3392,3308],[3392,3309],[3392,3310],[3392,3311],[3392,3312],[3392,3313],[3392,3314],[3392,3315],[3392,3316],[3392,3317],[3392,3318],[3392,3319],[3392,3320],[3392,3321],[3392,3322],[3392,3323],[3392,3324],[3392,3325],[3392,3326],[3392,3327],[3392,3328],[3391,3328],[3390,3328],[3389,3328],[3388,3328],[3387,3328],[3386,3328],[3385,3328],[3384,3328],[3383,3328],[3382,3328],[3381,3328],[3380,3328],[3379,3328],[3378,3328],[3377,3328],[3376,3328],[3375,3328],[3374,3328],[3373,3328],[3372,3328],[3371,3328],[3370,3328],[3369,3328],[3368,3328],[3367,3328],[3366,3328],[3365,3328],[3364,3328],[3363,3328],[3362,3328],[3361,3328],[3360,3328],[3359,3328],[3358,3328],[3357,3328],[3356,3328],[3355,3328],[3354,3328],[3353,3328],[3352,3328],[3351,3328],[3350,3328],[3349,3328],[3348,3328],[3347,3328],[3346,3328],[3345,3328],[3344,3328],[3343,3328],[3342,3328],[3341,3328],[3340,3328],[3339,3328],[3338,3328],[3337,3328],[3336,3328],[3335,3328],[3334,3328],[3333,3328],[3332,3328],[3331,3328],[3330,3328],[3329,3328],[3328,3328],[3328,3327],[3328,3326],[3328,3325],[3328,3324],[3328,3323],[3328,3322],[3328,3321],[3328,3320],[3328,3319],[3328,3318],[3328,3317],[3328,3316],[3328,3315],[3328,3314],[3328,3313],[3328,3312],[3328,3311],[3328,3310],[3328,3309],[3328,3308],[3328,3307],[3328,3306],[3328,3305],[3328,3304],[3328,3303],[3328,3302],[3328,3301],[3328,3300],[3328,3299],[3328,3298],[3328,3297],[3328,3296],[3328,3295],[3328,3294],[3328,3293],[3328,3292],[3328,3291],[3328,3290],[3328,3289],[3328,3288],[3328,3287],[3328,3286],[3328,3285],[3328,3284],[3328,3283],[3328,3282],[3328,3281],[3328,3280],[3328,3279],[3328,3278],[3328,3277],[3328,3276],[3328,3275],[3328,3274],[3328,3273],[3328,3272],[3328,3271],[3328,3270],[3328,3269],[3328,3268],[3328,3267],[3328,3266],[3328,3265],[3328,3264]]],[[[3328,3264],[3328,3265],[3328,3266],[3328,3267],[3328,3268],[3328,3269],[3328,3270],[3328,3271],[3328,3272],[3328,3273],[3328,3274],[3328,3275],[3328,3276],[3328,3277],[3328,3278],[3328,3279],[3328,3280],[3328,3281],[3328,3282],[3328,3283],[3328,3284],[3328,3285],[3328,3286],[3328,3287],[3328,3288],[3328,3289],[3328,3290],[3328,3291],[3328,3292],[3328,3293],[3328,3294],[3328,3295],[3328,3296],[3328,3297],[3328,3298],[3328,3299],[3328,3300],[3328,3301],[3328,3302],[3328,3303],[3328,3304],[3328,3305],[3328,3306],[3328,3307],[3328,3308],[3328,3309],[3328,3310],[3328,3311],[3328,3312],[3328,3313],[3328,3314],[3328,3315],[3328,3316],[3328,3317],[3328,3318],[3328,3319],[3328,3320],[3328,3321],[3328,3322],[3328,3323],[3328,3324],[3328,3325],[3328,3326],[3328,3327],[3328,3328],[3329,3328],[3330,3328],[3331,3328],[3332,3328],[3333,3328],[3334,3328],[3335,3328],[3336,3328],[3337,3328],[3338,3328],[3339,3328],[3340,3328],[3341,3328],[3342,3328],[3343,3328],[3344,3328],[3345,3328],[3346,3328],[3347,3328],[3348,3328],[3349,3328],[3350,3328],[3351,3328],[3352,3328],[3353,3328],[3354,3328],[3355,3328],[3356,3328],[3357,3328],[3358,3328],[3359,3328],[3360,3328],[3361,3328],[3362,3328],[3363,3328],[3364,3328],[3365,3328],[3366,3328],[3367,3328],[3368,3328],[3369,3328],[3370,3328],[3371,3328],[3372,3328],[3373,3328],[3374,3328],[3375,3328],[3376,3328],[3377,3328],[3378,3328],[3379,3328],[3380,3328],[3381,3328],[3382,3328],[3383,3328],[3384,3328],[3385,3328],[3386,3328],[3387,3328],[3388,3328],[3389,3328],[3390,3328],[3391,3328],[3392,3328],[3392,3327],[3392,3326],[3392,3325],[3392,3324],[3392,3323],[3392,3322],[3392,3321],[3392,3320],[3392,3319],[3392,3318],[3392,3317],[3392,3316],[3392,3315],[3392,3314],[3392,3313],[3392,3312],[3392,3311],[3392,3310],[3392,3309],[3392,3308],[3392,3307],[3392,3306],[3392,3305],[3392,3304],[3392,3303],[3392,3302],[3392,3301],[3392,3300],[3392,3299],[3392,3298],[3392,3297],[3392,3296],[3392,3295],[3392,3294],[3392,3293],[3392,3292],[3392,3291],[3392,3290],[3392,3289],[3392,3288],[3392,3287],[3392,3286],[3392,3285],[3392,3284],[3392,3283],[3392,3282],[3392,3281],[3392,3280],[3392,3279],[3392,3278],[3392,3277],[3392,3276],[3392,3275],[3392,3274],[3392,3273],[3392,3272],[3392,3271],[3392,3270],[3392,3269],[3392,3268],[3392,3267],[3392,3266],[3392,3265],[3392,3264],[3391,3264],[3390,3264],[3389,3264],[3388,3264],[3387,3264],[3386,3264],[3385,3264],[3384,3264],[3383,3264],[3382,3264],[3381,3264],[3380,3264],[3379,3264],[3378,3264],[3377,3264],[3376,3264],[3375,3264],[3374,3264],[3373,3264],[3372,3264],[3371,3264],[3370,3264],[3369,3264],[3368,3264],[3367,3264],[3366,3264],[3365,3264],[3364,3264],[3363,3264],[3362,3264],[3361,3264],[3360,3264],[3359,3264],[3358,3264],[3357,3264],[3356,3264],[3355,3264],[3354,3264],[3353,3264],[3352,3264],[3351,3264],[3350,3264],[3349,3264],[3348,3264],[3347,3264],[3346,3264],[3345,3264],[3344,3264],[3343,3264],[3342,3264],[3341,3264],[3340,3264],[3339,3264],[3338,3264],[3337,3264],[3336,3264],[3335,3264],[3334,3264],[3333,3264],[3332,3264],[3331,3264],[3330,3264],[3329,3264],[3328,3264]]],[[[3328,3328],[3329,3328],[3330,3328],[3331,3328],[3332,3328],[3333,3328],[3334,3328],[3335,3328],[3336,3328],[3337,3328],[3337,3329],[3336,3329],[3335,3329],[3335,3330],[3334,3330],[3333,3330],[3332,3330],[3331,3330],[3330,3330],[3329,3330],[3328,3330],[3328,3329],[3328,3328]]],[[[3328,3328],[3328,3329],[3328,3330],[3329,3330],[3330,3330],[3331,3330],[3332,3330],[3333,3330],[3334,3330],[3335,3330],[3335,3329],[3336,3329],[3337,3329],[3337,3328],[3336,3328],[3335,3328],[3334,3328],[3333,3328],[3332,3328],[3331,3328],[3330,3328],[3329,3328],[3328,3328]]],[[[3339,3328],[3340,3328],[3341,3328],[3342,3328],[3343,3328],[3344,3328],[3345,3328],[3346,3328],[3347,3328],[3348,3328],[3349,3328],[3350,3328],[3351,3328],[3351,3329],[3350,3329],[3349,3329],[3348,3329],[3347,3329],[3347,3330],[3346,3330],[3345,3330],[3344,3330],[3343,3330],[3342,3330],[3341,3330],[3340,3330],[3339,3330],[3339,3329],[3339,3328]]],[[[3339,3328],[3339,3329],[3339,3330],[3340,3330],[3341,3330],[3342,3330],[3343,3330],[3344,3330],[3345,3330],[3346,3330],[3347,3330],[3347,3329],[3348,3329],[3349,3329],[3350,3329],[3351,3329],[3351,3328],[3350,3328],[3349,3328],[3348,3328],[3347,3328],[3346,3328],[3345,3328],[3344,3328],[3343,3328],[3342,3328],[3341,3328],[3340,3328],[3339,3328]]],[[[3356,3328],[3357,3328],[3358,3328],[3359,3328],[3360,3328],[3361,3328],[3362,3328],[3363,3328],[3364,3328],[3365,3328],[3366,3328],[3367,3328],[3368,3328],[3369,3328],[3370,3328],[3371,3328],[3372,3328],[3373,3328],[3374,3328],[3375,3328],[3376,3328],[3377,3328],[3378,3328],[3379,3328],[3380,3328],[3381,3328],[3382,3328],[3383,3328],[3384,3328],[3385,3328],[3386,3328],[3387,3328],[3388,3328],[3389,3328],[3390,3328],[3391,3328],[3392,3328],[3392,3329],[3392,3330],[3392,3331],[3391,3331],[3390,3331],[3389,3331],[3389,3330],[3388,3330],[3387,3330],[3386,3330],[3385,3330],[3384,3330],[3383,3330],[3382,3330],[3381,3330],[3380,3330],[3379,3330],[3378,3330],[3377,3330],[3376,3330],[3375,3330],[3375,3329],[3374,3329],[3373,3329],[3372,3329],[3371,3329],[3371,3330],[3370,3330],[3369,3330],[3368,3330],[3367,3330],[3366,3330],[3365,3330],[3364,3330],[3363,3330],[3362,3330],[3361,3330],[3360,3330],[3360,3329],[3359,3329],[3358,3329],[3357,3329],[3356,3329],[3356,3328]]],[[[3356,3328],[3356,3329],[3357,3329],[3358,3329],[3359,3329],[3360,3329],[3360,3330],[3361,3330],[3362,3330],[3363,3330],[3364,3330],[3365,3330],[3366,3330],[3367,3330],[3368,3330],[3369,3330],[3370,3330],[3371,3330],[3371,3329],[3372,3329],[3373,3329],[3374,3329],[3375,3329],[3375,3330],[3376,3330],[3377,3330],[3378,3330],[3379,3330],[3380,3330],[3381,3330],[3382,3330],[3383,3330],[3384,3330],[3385,3330],[3386,3330],[3387,3330],[3388,3330],[3389,3330],[3389,3331],[3390,3331],[3391,3331],[3392,3331],[3392,3330],[3392,3329],[3392,3328],[3391,3328],[3390,3328],[3389,3328],[3388,3328],[3387,3328],[3386,3328],[3385,3328],[3384,3328],[3383,3328],[3382,3328],[3381,3328],[3380,3328],[3379,3328],[3378,3328],[3377,3328],[3376,3328],[3375,3328],[3374,3328],[3373,3328],[3372,3328],[3371,3328],[3370,3328],[3369,3328],[3368,3328],[3367,3328],[3366,3328],[3365,3328],[3364,3328],[3363,3328],[3362,3328],[3361,3328],[3360,3328],[3359,3328],[3358,3328],[3357,3328],[3356,3328]]],[[[3328,3200],[3329,3200],[3330,3200],[3331,3200],[3332,3200],[3333,3200],[3334,3200],[3335,3200],[3336,3200],[3337,3200],[3338,3200],[3339,3200],[3340,3200],[3341,3200],[3342,3200],[3343,3200],[3344,3200],[3345,3200],[3346,3200],[3347,3200],[3348,3200],[3349,3200],[3350,3200],[3351,3200],[3352,3200],[3353,3200],[3354,3200],[3355,3200],[3356,3200],[3357,3200],[3358,3200],[3359,3200],[3360,3200],[3361,3200],[3362,3200],[3363,3200],[3364,3200],[3365,3200],[3366,3200],[3367,3200],[3368,3200],[3369,3200],[3370,3200],[3371,3200],[3372,3200],[3373,3200],[3374,3200],[3375,3200],[3376,3200],[3377,3200],[3378,3200],[3379,3200],[3380,3200],[3381,3200],[3382,3200],[3383,3200],[3384,3200],[3385,3200],[3386,3200],[3387,3200],[3388,3200],[3389,3200],[3390,3200],[3391,3200],[3392,3200],[3392,3201],[3392,3202],[3392,3203],[3392,3204],[3392,3205],[3392,3206],[3392,3207],[3392,3208],[3392,3209],[3392,3210],[3392,3211],[3392,3212],[3392,3213],[3392,3214],[3392,3215],[3392,3216],[3392,3217],[3392,3218],[3392,3219],[3392,3220],[3392,3221],[3392,3222],[3392,3223],[3392,3224],[3392,3225],[3392,3226],[3392,3227],[3392,3228],[3392,3229],[3392,3230],[3392,3231],[3392,3232],[3392,3233],[3392,3234],[3392,3235],[3392,3236],[3392,3237],[3392,3238],[3392,3239],[3392,3240],[3392,3241],[3392,3242],[3392,3243],[3392,3244],[3392,3245],[3392,3246],[3392,3247],[3392,3248],[3392,3249],[3392,3250],[3392,3251],[3392,3252],[3392,3253],[3392,3254],[3392,3255],[3392,3256],[3392,3257],[3392,3258],[3392,3259],[3392,3260],[3392,3261],[3392,3262],[3392,3263],[3392,3264],[3391,3264],[3390,3264],[3389,3264],[3388,3264],[3387,3264],[3386,3264],[3385,3264],[3384,3264],[3383,3264],[3382,3264],[3381,3264],[3380,3264],[3379,3264],[3378,3264],[3377,3264],[3376,3264],[3375,3264],[3374,3264],[3373,3264],[3372,3264],[3371,3264],[3370,3264],[3369,3264],[3368,3264],[3367,3264],[3366,3264],[3365,3264],[3364,3264],[3363,3264],[3362,3264],[3361,3264],[3360,3264],[3359,3264],[3358,3264],[3357,3264],[3356,3264],[3355,3264],[3354,3264],[3353,3264],[3352,3264],[3351,3264],[3350,3264],[3349,3264],[3348,3264],[3347,3264],[3346,3264],[3345,3264],[3344,3264],[3343,3264],[3342,3264],[3341,3264],[3340,3264],[3339,3264],[3338,3264],[3337,3264],[3336,3264],[3335,3264],[3334,3264],[3333,3264],[3332,3264],[3331,3264],[3330,3264],[3329,3264],[3328,3264],[3328,3263],[3328,3262],[3328,3261],[3328,3260],[3328,3259],[3328,3258],[3328,3257],[3328,3256],[3328,3255],[3328,3254],[3328,3253],[3328,3252],[3328,3251],[3328,3250],[3328,3249],[3328,3248],[3328,3247],[3328,3246],[3328,3245],[3328,3244],[3328,3243],[3328,3242],[3328,3241],[3328,3240],[3328,3239],[3328,3238],[3328,3237],[3328,3236],[3328,3235],[3328,3234],[3328,3233],[3328,3232],[3328,3231],[3328,3230],[3328,3229],[3328,3228],[3328,3227],[3328,3226],[3328,3225],[3328,3224],[3328,3223],[3328,3222],[3328,3221],[3328,3220],[3328,3219],[3328,3218],[3328,3217],[3328,3216],[3328,3215],[3328,3214],[3328,3213],[3328,3212],[3328,3211],[3328,3210],[3328,3209],[3328,3208],[3328,3207],[3328,3206],[3328,3205],[3328,3204],[3328,3203],[3328,3202],[3328,3201],[3328,3200]]],[[[3328,3200],[3328,3201],[3328,3202],[3328,3203],[3328,3204],[3328,3205],[3328,3206],[3328,3207],[3328,3208],[3328,3209],[3328,3210],[3328,3211],[3328,3212],[3328,3213],[3328,3214],[3328,3215],[3328,3216],[3328,3217],[3328,3218],[3328,3219],[3328,3220],[3328,3221],[3328,3222],[3328,3223],[3328,3224],[3328,3225],[3328,3226],[3328,3227],[3328,3228],[3328,3229],[3328,3230],[3328,3231],[3328,3232],[3328,3233],[3328,3234],[3328,3235],[3328,3236],[3328,3237],[3328,3238],[3328,3239],[3328,3240],[3328,3241],[3328,3242],[3328,3243],[3328,3244],[3328,3245],[3328,3246],[3328,3247],[3328,3248],[3328,3249],[3328,3250],[3328,3251],[3328,3252],[3328,3253],[3328,3254],[3328,3255],[3328,3256],[3328,3257],[3328,3258],[3328,3259],[3328,3260],[3328,3261],[3328,3262],[3328,3263],[3328,3264],[3329,3264],[3330,3264],[3331,3264],[3332,3264],[3333,3264],[3334,3264],[3335,3264],[3336,3264],[3337,3264],[3338,3264],[3339,3264],[3340,3264],[3341,3264],[3342,3264],[3343,3264],[3344,3264],[3345,3264],[3346,3264],[3347,3264],[3348,3264],[3349,3264],[3350,3264],[3351,3264],[3352,3264],[3353,3264],[3354,3264],[3355,3264],[3356,3264],[3357,3264],[3358,3264],[3359,3264],[3360,3264],[3361,3264],[3362,3264],[3363,3264],[3364,3264],[3365,3264],[3366,3264],[3367,3264],[3368,3264],[3369,3264],[3370,3264],[3371,3264],[3372,3264],[3373,3264],[3374,3264],[3375,3264],[3376,3264],[3377,3264],[3378,3264],[3379,3264],[3380,3264],[3381,3264],[3382,3264],[3383,3264],[3384,3264],[3385,3264],[3386,3264],[3387,3264],[3388,3264],[3389,3264],[3390,3264],[3391,3264],[3392,3264],[3392,3263],[3392,3262],[3392,3261],[3392,3260],[3392,3259],[3392,3258],[3392,3257],[3392,3256],[3392,3255],[3392,3254],[3392,3253],[3392,3252],[3392,3251],[3392,3250],[3392,3249],[3392,3248],[3392,3247],[3392,3246],[3392,3245],[3392,3244],[3392,3243],[3392,3242],[3392,3241],[3392,3240],[3392,3239],[3392,3238],[3392,3237],[3392,3236],[3392,3235],[3392,3234],[3392,3233],[3392,3232],[3392,3231],[3392,3230],[3392,3229],[3392,3228],[3392,3227],[3392,3226],[3392,3225],[3392,3224],[3392,3223],[3392,3222],[3392,3221],[3392,3220],[3392,3219],[3392,3218],[3392,3217],[3392,3216],[3392,3215],[3392,3214],[3392,3213],[3392,3212],[3392,3211],[3392,3210],[3392,3209],[3392,3208],[3392,3207],[3392,3206],[3392,3205],[3392,3204],[3392,3203],[3392,3202],[3392,3201],[3392,3200],[3391,3200],[3390,3200],[3389,3200],[3388,3200],[3387,3200],[3386,3200],[3385,3200],[3384,3200],[3383,3200],[3382,3200],[3381,3200],[3380,3200],[3379,3200],[3378,3200],[3377,3200],[3376,3200],[3375,3200],[3374,3200],[3373,3200],[3372,3200],[3371,3200],[3370,3200],[3369,3200],[3368,3200],[3367,3200],[3366,3200],[3365,3200],[3364,3200],[3363,3200],[3362,3200],[3361,3200],[3360,3200],[3359,3200],[3358,3200],[3357,3200],[3356,3200],[3355,3200],[3354,3200],[3353,3200],[3352,3200],[3351,3200],[3350,3200],[3349,3200],[3348,3200],[3347,3200],[3346,3200],[3345,3200],[3344,3200],[3343,3200],[3342,3200],[3341,3200],[3340,3200],[3339,3200],[3338,3200],[3337,3200],[3336,3200],[3335,3200],[3334,3200],[3333,3200],[3332,3200],[3331,3200],[3330,3200],[3329,3200],[3328,3200]]],[[[3328,3136],[3329,3136],[3330,3136],[3331,3136],[3332,3136],[3333,3136],[3334,3136],[3335,3136],[3336,3136],[3337,3136],[3338,3136],[3339,3136],[3340,3136],[3341,3136],[3342,3136],[3343,3136],[3344,3136],[3345,3136],[3346,3136],[3347,3136],[3348,3136],[3349,3136],[3350,3136],[3351,3136],[3352,3136],[3353,3136],[3354,3136],[3355,3136],[3356,3136],[3357,3136],[3358,3136],[3359,3136],[3360,3136],[3361,3136],[3362,3136],[3363,3136],[3364,3136],[3365,3136],[3366,3136],[3367,3136],[3368,3136],[3369,3136],[3370,3136],[3371,3136],[3372,3136],[3373,3136],[3374,3136],[3375,3136],[3376,3136],[3377,3136],[3378,3136],[3379,3136],[3380,3136],[3381,3136],[3382,3136],[3383,3136],[3384,3136],[3385,3136],[3386,3136],[3387,3136],[3388,3136],[3389,3136],[3390,3136],[3391,3136],[3392,3136],[3392,3137],[3392,3138],[3392,3139],[3392,3140],[3392,3141],[3392,3142],[3392,3143],[3392,3144],[3392,3145],[3392,3146],[3392,3147],[3392,3148],[3392,3149],[3392,3150],[3392,3151],[3392,3152],[3392,3153],[3392,3154],[3392,3155],[3392,3156],[3392,3157],[3392,3158],[3392,3159],[3392,3160],[3392,3161],[3392,3162],[3392,3163],[3392,3164],[3392,3165],[3392,3166],[3392,3167],[3392,3168],[3392,3169],[3392,3170],[3392,3171],[3392,3172],[3392,3173],[3392,3174],[3392,3175],[3392,3176],[3392,3177],[3392,3178],[3392,3179],[3392,3180],[3392,3181],[3392,3182],[3392,3183],[3392,3184],[3392,3185],[3392,3186],[3392,3187],[3392,3188],[3392,3189],[3392,3190],[3392,3191],[3392,3192],[3392,3193],[3392,3194],[3392,3195],[3392,3196],[3392,3197],[3392,3198],[3392,3199],[3392,3200],[3391,3200],[3390,3200],[3389,3200],[3388,3200],[3387,3200],[3386,3200],[3385,3200],[3384,3200],[3383,3200],[3382,3200],[3381,3200],[3380,3200],[3379,3200],[3378,3200],[3377,3200],[3376,3200],[3375,3200],[3374,3200],[3373,3200],[3372,3200],[3371,3200],[3370,3200],[3369,3200],[3368,3200],[3367,3200],[3366,3200],[3365,3200],[3364,3200],[3363,3200],[3362,3200],[3361,3200],[3360,3200],[3359,3200],[3358,3200],[3357,3200],[3356,3200],[3355,3200],[3354,3200],[3353,3200],[3352,3200],[3351,3200],[3350,3200],[3349,3200],[3348,3200],[3347,3200],[3346,3200],[3345,3200],[3344,3200],[3343,3200],[3342,3200],[3341,3200],[3340,3200],[3339,3200],[3338,3200],[3337,3200],[3336,3200],[3335,3200],[3334,3200],[3333,3200],[3332,3200],[3331,3200],[3330,3200],[3329,3200],[3328,3200],[3328,3199],[3328,3198],[3328,3197],[3328,3196],[3328,3195],[3328,3194],[3328,3193],[3328,3192],[3328,3191],[3328,3190],[3328,3189],[3328,3188],[3328,3187],[3328,3186],[3328,3185],[3328,3184],[3328,3183],[3328,3182],[3328,3181],[3328,3180],[3328,3179],[3328,3178],[3328,3177],[3328,3176],[3328,3175],[3328,3174],[3328,3173],[3328,3172],[3328,3171],[3328,3170],[3328,3169],[3328,3168],[3328,3167],[3328,3166],[3328,3165],[3328,3164],[3328,3163],[3328,3162],[3328,3161],[3328,3160],[3328,3159],[3328,3158],[3328,3157],[3328,3156],[3328,3155],[3328,3154],[3328,3153],[3328,3152],[3328,3151],[3328,3150],[3328,3149],[3328,3148],[3328,3147],[3328,3146],[3328,3145],[3328,3144],[3328,3143],[3328,3142],[3328,3141],[3328,3140],[3328,3139],[3328,3138],[3328,3137],[3328,3136]]],[[[3328,3136],[3328,3137],[3328,3138],[3328,3139],[3328,3140],[3328,3141],[3328,3142],[3328,3143],[3328,3144],[3328,3145],[3328,3146],[3328,3147],[3328,3148],[3328,3149],[3328,3150],[3328,3151],[3328,3152],[3328,3153],[3328,3154],[3328,3155],[3328,3156],[3328,3157],[3328,3158],[3328,3159],[3328,3160],[3328,3161],[3328,3162],[3328,3163],[3328,3164],[3328,3165],[3328,3166],[3328,3167],[3328,3168],[3328,3169],[3328,3170],[3328,3171],[3328,3172],[3328,3173],[3328,3174],[3328,3175],[3328,3176],[3328,3177],[3328,3178],[3328,3179],[3328,3180],[3328,3181],[3328,3182],[3328,3183],[3328,3184],[3328,3185],[3328,3186],[3328,3187],[3328,3188],[3328,3189],[3328,3190],[3328,3191],[3328,3192],[3328,3193],[3328,3194],[3328,3195],[3328,3196],[3328,3197],[3328,3198],[3328,3199],[3328,3200],[3329,3200],[3330,3200],[3331,3200],[3332,3200],[3333,3200],[3334,3200],[3335,3200],[3336,3200],[3337,3200],[3338,3200],[3339,3200],[3340,3200],[3341,3200],[3342,3200],[3343,3200],[3344,3200],[3345,3200],[3346,3200],[3347,3200],[3348,3200],[3349,3200],[3350,3200],[3351,3200],[3352,3200],[3353,3200],[3354,3200],[3355,3200],[3356,3200],[3357,3200],[3358,3200],[3359,3200],[3360,3200],[3361,3200],[3362,3200],[3363,3200],[3364,3200],[3365,3200],[3366,3200],[3367,3200],[3368,3200],[3369,3200],[3370,3200],[3371,3200],[3372,3200],[3373,3200],[3374,3200],[3375,3200],[3376,3200],[3377,3200],[3378,3200],[3379,3200],[3380,3200],[3381,3200],[3382,3200],[3383,3200],[3384,3200],[3385,3200],[3386,3200],[3387,3200],[3388,3200],[3389,3200],[3390,3200],[3391,3200],[3392,3200],[3392,3199],[3392,3198],[3392,3197],[3392,3196],[3392,3195],[3392,3194],[3392,3193],[3392,3192],[3392,3191],[3392,3190],[3392,3189],[3392,3188],[3392,3187],[3392,3186],[3392,3185],[3392,3184],[3392,3183],[3392,3182],[3392,3181],[3392,3180],[3392,3179],[3392,3178],[3392,3177],[3392,3176],[3392,3175],[3392,3174],[3392,3173],[3392,3172],[3392,3171],[3392,3170],[3392,3169],[3392,3168],[3392,3167],[3392,3166],[3392,3165],[3392,3164],[3392,3163],[3392,3162],[3392,3161],[3392,3160],[3392,3159],[3392,3158],[3392,3157],[3392,3156],[3392,3155],[3392,3154],[3392,3153],[3392,3152],[3392,3151],[3392,3150],[3392,3149],[3392,3148],[3392,3147],[3392,3146],[3392,3145],[3392,3144],[3392,3143],[3392,3142],[3392,3141],[3392,3140],[3392,3139],[3392,3138],[3392,3137],[3392,3136],[3391,3136],[3390,3136],[3389,3136],[3388,3136],[3387,3136],[3386,3136],[3385,3136],[3384,3136],[3383,3136],[3382,3136],[3381,3136],[3380,3136],[3379,3136],[3378,3136],[3377,3136],[3376,3136],[3375,3136],[3374,3136],[3373,3136],[3372,3136],[3371,3136],[3370,3136],[3369,3136],[3368,3136],[3367,3136],[3366,3136],[3365,3136],[3364,3136],[3363,3136],[3362,3136],[3361,3136],[3360,3136],[3359,3136],[3358,3136],[3357,3136],[3356,3136],[3355,3136],[3354,3136],[3353,3136],[3352,3136],[3351,3136],[3350,3136],[3349,3136],[3348,3136],[3347,3136],[3346,3136],[3345,3136],[3344,3136],[3343,3136],[3342,3136],[3341,3136],[3340,3136],[3339,3136],[3338,3136],[3337,3136],[3336,3136],[3335,3136],[3334,3136],[3333,3136],[3332,3136],[3331,3136],[3330,3136],[3329,3136],[3328,3136]]],[[[3392,3136],[3393,3136],[3394,3136],[3395,3136],[3396,3136],[3397,3136],[3398,3136],[3399,3136],[3400,3136],[3401,3136],[3402,3136],[3403,3136],[3404,3136],[3405,3136],[3406,3136],[3407,3136],[3408,3136],[3409,3136],[3410,3136],[3411,3136],[3412,3136],[3413,3136],[3414,3136],[3415,3136],[3416,3136],[3417,3136],[3418,3136],[3419,3136],[3420,3136],[3421,3136],[3422,3136],[3423,3136],[3424,3136],[3425,3136],[3426,3136],[3427,3136],[3428,3136],[3429,3136],[3430,3136],[3431,3136],[3432,3136],[3433,3136],[3434,3136],[3435,3136],[3436,3136],[3437,3136],[3438,3136],[3439,3136],[3440,3136],[3441,3136],[3442,3136],[3443,3136],[3444,3136],[3445,3136],[3446,3136],[3447,3136],[3448,3136],[3449,3136],[3450,3136],[3451,3136],[3452,3136],[3453,3136],[3454,3136],[3455,3136],[3456,3136],[3456,3137],[3456,3138],[3456,3139],[3456,3140],[3456,3141],[3456,3142],[3456,3143],[3456,3144],[3456,3145],[3456,3146],[3456,3147],[3456,3148],[3456,3149],[3456,3150],[3456,3151],[3456,3152],[3456,3153],[3456,3154],[3456,3155],[3456,3156],[3456,3157],[3456,3158],[3456,3159],[3456,3160],[3456,3161],[3456,3162],[3456,3163],[3456,3164],[3456,3165],[3456,3166],[3456,3167],[3456,3168],[3456,3169],[3456,3170],[3456,3171],[3456,3172],[3456,3173],[3456,3174],[3456,3175],[3456,3176],[3456,3177],[3456,3178],[3456,3179],[3456,3180],[3456,3181],[3456,3182],[3456,3183],[3456,3184],[3456,3185],[3456,3186],[3456,3187],[3456,3188],[3456,3189],[3456,3190],[3456,3191],[3456,3192],[3456,3193],[3456,3194],[3456,3195],[3456,3196],[3456,3197],[3456,3198],[3456,3199],[3456,3200],[3455,3200],[3454,3200],[3453,3200],[3452,3200],[3451,3200],[3450,3200],[3449,3200],[3448,3200],[3447,3200],[3446,3200],[3445,3200],[3444,3200],[3443,3200],[3442,3200],[3441,3200],[3440,3200],[3439,3200],[3438,3200],[3437,3200],[3436,3200],[3435,3200],[3434,3200],[3433,3200],[3432,3200],[3431,3200],[3430,3200],[3429,3200],[3428,3200],[3427,3200],[3426,3200],[3425,3200],[3424,3200],[3423,3200],[3422,3200],[3421,3200],[3420,3200],[3419,3200],[3418,3200],[3417,3200],[3416,3200],[3415,3200],[3414,3200],[3413,3200],[3412,3200],[3411,3200],[3410,3200],[3409,3200],[3408,3200],[3407,3200],[3406,3200],[3405,3200],[3404,3200],[3403,3200],[3402,3200],[3401,3200],[3400,3200],[3399,3200],[3398,3200],[3397,3200],[3396,3200],[3395,3200],[3394,3200],[3393,3200],[3392,3200],[3392,3199],[3392,3198],[3392,3197],[3392,3196],[3392,3195],[3392,3194],[3392,3193],[3392,3192],[3392,3191],[3392,3190],[3392,3189],[3392,3188],[3392,3187],[3392,3186],[3392,3185],[3392,3184],[3392,3183],[3392,3182],[3392,3181],[3392,3180],[3392,3179],[3392,3178],[3392,3177],[3392,3176],[3392,3175],[3392,3174],[3392,3173],[3392,3172],[3392,3171],[3392,3170],[3392,3169],[3392,3168],[3392,3167],[3392,3166],[3392,3165],[3392,3164],[3392,3163],[3392,3162],[3392,3161],[3392,3160],[3392,3159],[3392,3158],[3392,3157],[3392,3156],[3392,3155],[3392,3154],[3392,3153],[3392,3152],[3392,3151],[3392,3150],[3392,3149],[3392,3148],[3392,3147],[3392,3146],[3392,3145],[3392,3144],[3392,3143],[3392,3142],[3392,3141],[3392,3140],[3392,3139],[3392,3138],[3392,3137],[3392,3136]]],[[[3392,3136],[3392,3137],[3392,3138],[3392,3139],[3392,3140],[3392,3141],[3392,3142],[3392,3143],[3392,3144],[3392,3145],[3392,3146],[3392,3147],[3392,3148],[3392,3149],[3392,3150],[3392,3151],[3392,3152],[3392,3153],[3392,3154],[3392,3155],[3392,3156],[3392,3157],[3392,3158],[3392,3159],[3392,3160],[3392,3161],[3392,3162],[3392,3163],[3392,3164],[3392,3165],[3392,3166],[3392,3167],[3392,3168],[3392,3169],[3392,3170],[3392,3171],[3392,3172],[3392,3173],[3392,3174],[3392,3175],[3392,3176],[3392,3177],[3392,3178],[3392,3179],[3392,3180],[3392,3181],[3392,3182],[3392,3183],[3392,3184],[3392,3185],[3392,3186],[3392,3187],[3392,3188],[3392,3189],[3392,3190],[3392,3191],[3392,3192],[3392,3193],[3392,3194],[3392,3195],[3392,3196],[3392,3197],[3392,3198],[3392,3199],[3392,3200],[3393,3200],[3394,3200],[3395,3200],[3396,3200],[3397,3200],[3398,3200],[3399,3200],[3400,3200],[3401,3200],[3402,3200],[3403,3200],[3404,3200],[3405,3200],[3406,3200],[3407,3200],[3408,3200],[3409,3200],[3410,3200],[3411,3200],[3412,3200],[3413,3200],[3414,3200],[3415,3200],[3416,3200],[3417,3200],[3418,3200],[3419,3200],[3420,3200],[3421,3200],[3422,3200],[3423,3200],[3424,3200],[3425,3200],[3426,3200],[3427,3200],[3428,3200],[3429,3200],[3430,3200],[3431,3200],[3432,3200],[3433,3200],[3434,3200],[3435,3200],[3436,3200],[3437,3200],[3438,3200],[3439,3200],[3440,3200],[3441,3200],[3442,3200],[3443,3200],[3444,3200],[3445,3200],[3446,3200],[3447,3200],[3448,3200],[3449,3200],[3450,3200],[3451,3200],[3452,3200],[3453,3200],[3454,3200],[3455,3200],[3456,3200],[3456,3199],[3456,3198],[3456,3197],[3456,3196],[3456,3195],[3456,3194],[3456,3193],[3456,3192],[3456,3191],[3456,3190],[3456,3189],[3456,3188],[3456,3187],[3456,3186],[3456,3185],[3456,3184],[3456,3183],[3456,3182],[3456,3181],[3456,3180],[3456,3179],[3456,3178],[3456,3177],[3456,3176],[3456,3175],[3456,3174],[3456,3173],[3456,3172],[3456,3171],[3456,3170],[3456,3169],[3456,3168],[3456,3167],[3456,3166],[3456,3165],[3456,3164],[3456,3163],[3456,3162],[3456,3161],[3456,3160],[3456,3159],[3456,3158],[3456,3157],[3456,3156],[3456,3155],[3456,3154],[3456,3153],[3456,3152],[3456,3151],[3456,3150],[3456,3149],[3456,3148],[3456,3147],[3456,3146],[3456,3145],[3456,3144],[3456,3143],[3456,3142],[3456,3141],[3456,3140],[3456,3139],[3456,3138],[3456,3137],[3456,3136],[3455,3136],[3454,3136],[3453,3136],[3452,3136],[3451,3136],[3450,3136],[3449,3136],[3448,3136],[3447,3136],[3446,3136],[3445,3136],[3444,3136],[3443,3136],[3442,3136],[3441,3136],[3440,3136],[3439,3136],[3438,3136],[3437,3136],[3436,3136],[3435,3136],[3434,3136],[3433,3136],[3432,3136],[3431,3136],[3430,3136],[3429,3136],[3428,3136],[3427,3136],[3426,3136],[3425,3136],[3424,3136],[3423,3136],[3422,3136],[3421,3136],[3420,3136],[3419,3136],[3418,3136],[3417,3136],[3416,3136],[3415,3136],[3414,3136],[3413,3136],[3412,3136],[3411,3136],[3410,3136],[3409,3136],[3408,3136],[3407,3136],[3406,3136],[3405,3136],[3404,3136],[3403,3136],[3402,3136],[3401,3136],[3400,3136],[3399,3136],[3398,3136],[3397,3136],[3396,3136],[3395,3136],[3394,3136],[3393,3136],[3392,3136]]],[[[3392,3200],[3393,3200],[3394,3200],[3395,3200],[3396,3200],[3397,3200],[3398,3200],[3399,3200],[3400,3200],[3401,3200],[3402,3200],[3403,3200],[3404,3200],[3405,3200],[3406,3200],[3407,3200],[3408,3200],[3409,3200],[3410,3200],[3411,3200],[3412,3200],[3413,3200],[3414,3200],[3415,3200],[3416,3200],[3417,3200],[3418,3200],[3419,3200],[3420,3200],[3421,3200],[3422,3200],[3423,3200],[3424,3200],[3425,3200],[3426,3200],[3427,3200],[3428,3200],[3428,3201],[3428,3202],[3428,3203],[3428,3204],[3428,3205],[3428,3206],[3428,3207],[3427,3207],[3427,3208],[3427,3209],[3426,3209],[3426,3210],[3425,3210],[3424,3210],[3424,3211],[3423,3211],[3423,3212],[3422,3212],[3421,3212],[3421,3213],[3421,3214],[3421,3215],[3421,3216],[3421,3217],[3421,3218],[3421,3219],[3421,3220],[3421,3221],[3421,3222],[3421,3223],[3421,3224],[3421,3225],[3421,3226],[3421,3227],[3421,3228],[3421,3229],[3422,3229],[3422,3230],[3422,3231],[3422,3232],[3422,3233],[3422,3234],[3422,3235],[3422,3236],[3422,3237],[3422,3238],[3422,3239],[3422,3240],[3422,3241],[3422,3242],[3422,3243],[3422,3244],[3422,3245],[3422,3246],[3422,3247],[3422,3248],[3422,3249],[3422,3250],[3422,3251],[3422,3252],[3422,3253],[3422,3254],[3422,3255],[3422,3256],[3422,3257],[3422,3258],[3422,3259],[3422,3260],[3422,3261],[3422,3262],[3422,3263],[3422,3264],[3421,3264],[3420,3264],[3419,3264],[3418,3264],[3417,3264],[3416,3264],[3415,3264],[3414,3264],[3413,3264],[3412,3264],[3411,3264],[3410,3264],[3409,3264],[3408,3264],[3407,3264],[3406,3264],[3405,3264],[3404,3264],[3403,3264],[3402,3264],[3401,3264],[3400,3264],[3399,3264],[3398,3264],[3397,3264],[3396,3264],[3395,3264],[3394,3264],[3393,3264],[3392,3264],[3392,3263],[3392,3262],[3392,3261],[3392,3260],[3392,3259],[3392,3258],[3392,3257],[3392,3256],[3392,3255],[3392,3254],[3392,3253],[3392,3252],[3392,3251],[3392,3250],[3392,3249],[3392,3248],[3392,3247],[3392,3246],[3392,3245],[3392,3244],[3392,3243],[3392,3242],[3392,3241],[3392,3240],[3392,3239],[3392,3238],[3392,3237],[3392,3236],[3392,3235],[3392,3234],[3392,3233],[3392,3232],[3392,3231],[3392,3230],[3392,3229],[3392,3228],[3392,3227],[3392,3226],[3392,3225],[3392,3224],[3392,3223],[3392,3222],[3392,3221],[3392,3220],[3392,3219],[3392,3218],[3392,3217],[3392,3216],[3392,3215],[3392,3214],[3392,3213],[3392,3212],[3392,3211],[3392,3210],[3392,3209],[3392,3208],[3392,3207],[3392,3206],[3392,3205],[3392,3204],[3392,3203],[3392,3202],[3392,3201],[3392,3200]]],[[[3392,3200],[3392,3201],[3392,3202],[3392,3203],[3392,3204],[3392,3205],[3392,3206],[3392,3207],[3392,3208],[3392,3209],[3392,3210],[3392,3211],[3392,3212],[3392,3213],[3392,3214],[3392,3215],[3392,3216],[3392,3217],[3392,3218],[3392,3219],[3392,3220],[3392,3221],[3392,3222],[3392,3223],[3392,3224],[3392,3225],[3392,3226],[3392,3227],[3392,3228],[3392,3229],[3392,3230],[3392,3231],[3392,3232],[3392,3233],[3392,3234],[3392,3235],[3392,3236],[3392,3237],[3392,3238],[3392,3239],[3392,3240],[3392,3241],[3392,3242],[3392,3243],[3392,3244],[3392,3245],[3392,3246],[3392,3247],[3392,3248],[3392,3249],[3392,3250],[3392,3251],[3392,3252],[3392,3253],[3392,3254],[3392,3255],[3392,3256],[3392,3257],[3392,3258],[3392,3259],[3392,3260],[3392,3261],[3392,3262],[3392,3263],[3392,3264],[3393,3264],[3394,3264],[3395,3264],[3396,3264],[3397,3264],[3398,3264],[3399,3264],[3400,3264],[3401,3264],[3402,3264],[3403,3264],[3404,3264],[3405,3264],[3406,3264],[3407,3264],[3408,3264],[3409,3264],[3410,3264],[3411,3264],[3412,3264],[3413,3264],[3414,3264],[3415,3264],[3416,3264],[3417,3264],[3418,3264],[3419,3264],[3420,3264],[3421,3264],[3422,3264],[3422,3263],[3422,3262],[3422,3261],[3422,3260],[3422,3259],[3422,3258],[3422,3257],[3422,3256],[3422,3255],[3422,3254],[3422,3253],[3422,3252],[3422,3251],[3422,3250],[3422,3249],[3422,3248],[3422,3247],[3422,3246],[3422,3245],[3422,3244],[3422,3243],[3422,3242],[3422,3241],[3422,3240],[3422,3239],[3422,3238],[3422,3237],[3422,3236],[3422,3235],[3422,3234],[3422,3233],[3422,3232],[3422,3231],[3422,3230],[3422,3229],[3421,3229],[3421,3228],[3421,3227],[3421,3226],[3421,3225],[3421,3224],[3421,3223],[3421,3222],[3421,3221],[3421,3220],[3421,3219],[3421,3218],[3421,3217],[3421,3216],[3421,3215],[3421,3214],[3421,3213],[3421,3212],[3422,3212],[3423,3212],[3423,3211],[3424,3211],[3424,3210],[3425,3210],[3426,3210],[3426,3209],[3427,3209],[3427,3208],[3427,3207],[3428,3207],[3428,3206],[3428,3205],[3428,3204],[3428,3203],[3428,3202],[3428,3201],[3428,3200],[3427,3200],[3426,3200],[3425,3200],[3424,3200],[3423,3200],[3422,3200],[3421,3200],[3420,3200],[3419,3200],[3418,3200],[3417,3200],[3416,3200],[3415,3200],[3414,3200],[3413,3200],[3412,3200],[3411,3200],[3410,3200],[3409,3200],[3408,3200],[3407,3200],[3406,3200],[3405,3200],[3404,3200],[3403,3200],[3402,3200],[3401,3200],[3400,3200],[3399,3200],[3398,3200],[3397,3200],[3396,3200],[3395,3200],[3394,3200],[3393,3200],[3392,3200]]],[[[3392,3264],[3393,3264],[3394,3264],[3395,3264],[3396,3264],[3397,3264],[3398,3264],[3399,3264],[3400,3264],[3401,3264],[3402,3264],[3403,3264],[3404,3264],[3405,3264],[3406,3264],[3407,3264],[3408,3264],[3409,3264],[3410,3264],[3411,3264],[3412,3264],[3413,3264],[3414,3264],[3415,3264],[3416,3264],[3417,3264],[3418,3264],[3419,3264],[3420,3264],[3421,3264],[3422,3264],[3422,3265],[3422,3266],[3422,3267],[3422,3268],[3421,3268],[3421,3269],[3420,3269],[3420,3270],[3420,3271],[3419,3271],[3419,3272],[3418,3272],[3418,3273],[3417,3273],[3417,3274],[3417,3275],[3416,3275],[3416,3276],[3416,3277],[3415,3277],[3415,3278],[3414,3278],[3414,3279],[3414,3280],[3413,3280],[3413,3281],[3413,3282],[3413,3283],[3413,3284],[3413,3285],[3413,3286],[3413,3287],[3412,3287],[3412,3288],[3412,3289],[3412,3290],[3412,3291],[3412,3292],[3413,3292],[3414,3292],[3415,3292],[3416,3292],[3416,3293],[3416,3294],[3416,3295],[3416,3296],[3416,3297],[3416,3298],[3416,3299],[3416,3300],[3416,3301],[3416,3302],[3416,3303],[3416,3304],[3416,3305],[3416,3306],[3416,3307],[3416,3308],[3416,3309],[3416,3310],[3416,3311],[3416,3312],[3416,3313],[3416,3314],[3416,3315],[3416,3316],[3416,3317],[3415,3317],[3414,3317],[3413,3317],[3412,3317],[3411,3317],[3410,3317],[3409,3317],[3408,3317],[3407,3317],[3406,3317],[3406,3318],[3406,3319],[3406,3320],[3406,3321],[3406,3322],[3405,3322],[3405,3323],[3404,3323],[3403,3323],[3402,3323],[3401,3323],[3400,3323],[3399,3323],[3398,3323],[3397,3323],[3396,3323],[3396,3324],[3396,3325],[3396,3326],[3396,3327],[3396,3328],[3395,3328],[3394,3328],[3393,3328],[3392,3328],[3392,3327],[3392,3326],[3392,3325],[3392,3324],[3392,3323],[3392,3322],[3392,3321],[3392,3320],[3392,3319],[3392,3318],[3392,3317],[3392,3316],[3392,3315],[3392,3314],[3392,3313],[3392,3312],[3392,3311],[3392,3310],[3392,3309],[3392,3308],[3392,3307],[3392,3306],[3392,3305],[3392,3304],[3392,3303],[3392,3302],[3392,3301],[3392,3300],[3392,3299],[3392,3298],[3392,3297],[3392,3296],[3392,3295],[3392,3294],[3392,3293],[3392,3292],[3392,3291],[3392,3290],[3392,3289],[3392,3288],[3392,3287],[3392,3286],[3392,3285],[3392,3284],[3392,3283],[3392,3282],[3392,3281],[3392,3280],[3392,3279],[3392,3278],[3392,3277],[3392,3276],[3392,3275],[3392,3274],[3392,3273],[3392,3272],[3392,3271],[3392,3270],[3392,3269],[3392,3268],[3392,3267],[3392,3266],[3392,3265],[3392,3264]]],[[[3392,3264],[3392,3265],[3392,3266],[3392,3267],[3392,3268],[3392,3269],[3392,3270],[3392,3271],[3392,3272],[3392,3273],[3392,3274],[3392,3275],[3392,3276],[3392,3277],[3392,3278],[3392,3279],[3392,3280],[3392,3281],[3392,3282],[3392,3283],[3392,3284],[3392,3285],[3392,3286],[3392,3287],[3392,3288],[3392,3289],[3392,3290],[3392,3291],[3392,3292],[3392,3293],[3392,3294],[3392,3295],[3392,3296],[3392,3297],[3392,3298],[3392,3299],[3392,3300],[3392,3301],[3392,3302],[3392,3303],[3392,3304],[3392,3305],[3392,3306],[3392,3307],[3392,3308],[3392,3309],[3392,3310],[3392,3311],[3392,3312],[3392,3313],[3392,3314],[3392,3315],[3392,3316],[3392,3317],[3392,3318],[3392,3319],[3392,3320],[3392,3321],[3392,3322],[3392,3323],[3392,3324],[3392,3325],[3392,3326],[3392,3327],[3392,3328],[3393,3328],[3394,3328],[3395,3328],[3396,3328],[3396,3327],[3396,3326],[3396,3325],[3396,3324],[3396,3323],[3397,3323],[3398,3323],[3399,3323],[3400,3323],[3401,3323],[3402,3323],[3403,3323],[3404,3323],[3405,3323],[3405,3322],[3406,3322],[3406,3321],[3406,3320],[3406,3319],[3406,3318],[3406,3317],[3407,3317],[3408,3317],[3409,3317],[3410,3317],[3411,3317],[3412,3317],[3413,3317],[3414,3317],[3415,3317],[3416,3317],[3416,3316],[3416,3315],[3416,3314],[3416,3313],[3416,3312],[3416,3311],[3416,3310],[3416,3309],[3416,3308],[3416,3307],[3416,3306],[3416,3305],[3416,3304],[3416,3303],[3416,3302],[3416,3301],[3416,3300],[3416,3299],[3416,3298],[3416,3297],[3416,3296],[3416,3295],[3416,3294],[3416,3293],[3416,3292],[3415,3292],[3414,3292],[3413,3292],[3412,3292],[3412,3291],[3412,3290],[3412,3289],[3412,3288],[3412,3287],[3413,3287],[3413,3286],[3413,3285],[3413,3284],[3413,3283],[3413,3282],[3413,3281],[3413,3280],[3414,3280],[3414,3279],[3414,3278],[3415,3278],[3415,3277],[3416,3277],[3416,3276],[3416,3275],[3417,3275],[3417,3274],[3417,3273],[3418,3273],[3418,3272],[3419,3272],[3419,3271],[3420,3271],[3420,3270],[3420,3269],[3421,3269],[3421,3268],[3422,3268],[3422,3267],[3422,3266],[3422,3265],[3422,3264],[3421,3264],[3420,3264],[3419,3264],[3418,3264],[3417,3264],[3416,3264],[3415,3264],[3414,3264],[3413,3264],[3412,3264],[3411,3264],[3410,3264],[3409,3264],[3408,3264],[3407,3264],[3406,3264],[3405,3264],[3404,3264],[3403,3264],[3402,3264],[3401,3264],[3400,3264],[3399,3264],[3398,3264],[3397,3264],[3396,3264],[3395,3264],[3394,3264],[3393,3264],[3392,3264]]],[[[3392,3328],[3393,3328],[3394,3328],[3395,3328],[3396,3328],[3396,3329],[3395,3329],[3394,3329],[3394,3330],[3393,3330],[3392,3330],[3392,3329],[3392,3328]]],[[[3392,3328],[3392,3329],[3392,3330],[3393,3330],[3394,3330],[3394,3329],[3395,3329],[3396,3329],[3396,3328],[3395,3328],[3394,3328],[3393,3328],[3392,3328]]],[[[3392,3072],[3393,3072],[3394,3072],[3395,3072],[3396,3072],[3397,3072],[3398,3072],[3399,3072],[3400,3072],[3401,3072],[3402,3072],[3403,3072],[3404,3072],[3405,3072],[3406,3072],[3407,3072],[3408,3072],[3409,3072],[3410,3072],[3411,3072],[3412,3072],[3413,3072],[3414,3072],[3415,3072],[3416,3072],[3417,3072],[3418,3072],[3419,3072],[3420,3072],[3421,3072],[3422,3072],[3423,3072],[3424,3072],[3425,3072],[3426,3072],[3427,3072],[3428,3072],[3429,3072],[3430,3072],[3431,3072],[3432,3072],[3433,3072],[3434,3072],[3435,3072],[3436,3072],[3437,3072],[3438,3072],[3439,3072],[3440,3072],[3441,3072],[3442,3072],[3443,3072],[3444,3072],[3445,3072],[3446,3072],[3447,3072],[3448,3072],[3449,3072],[3450,3072],[3451,3072],[3452,3072],[3453,3072],[3454,3072],[3455,3072],[3456,3072],[3456,3073],[3456,3074],[3456,3075],[3456,3076],[3456,3077],[3456,3078],[3456,3079],[3456,3080],[3456,3081],[3456,3082],[3456,3083],[3456,3084],[3456,3085],[3456,3086],[3456,3087],[3456,3088],[3456,3089],[3456,3090],[3456,3091],[3456,3092],[3456,3093],[3456,3094],[3456,3095],[3456,3096],[3456,3097],[3456,3098],[3456,3099],[3456,3100],[3456,3101],[3456,3102],[3456,3103],[3456,3104],[3456,3105],[3456,3106],[3456,3107],[3456,3108],[3456,3109],[3456,3110],[3456,3111],[3456,3112],[3456,3113],[3456,3114],[3456,3115],[3456,3116],[3456,3117],[3456,3118],[3456,3119],[3456,3120],[3456,3121],[3456,3122],[3456,3123],[3456,3124],[3456,3125],[3456,3126],[3456,3127],[3456,3128],[3456,3129],[3456,3130],[3456,3131],[3456,3132],[3456,3133],[3456,3134],[3456,3135],[3456,3136],[3455,3136],[3454,3136],[3453,3136],[3452,3136],[3451,3136],[3450,3136],[3449,3136],[3448,3136],[3447,3136],[3446,3136],[3445,3136],[3444,3136],[3443,3136],[3442,3136],[3441,3136],[3440,3136],[3439,3136],[3438,3136],[3437,3136],[3436,3136],[3435,3136],[3434,3136],[3433,3136],[3432,3136],[3431,3136],[3430,3136],[3429,3136],[3428,3136],[3427,3136],[3426,3136],[3425,3136],[3424,3136],[3423,3136],[3422,3136],[3421,3136],[3420,3136],[3419,3136],[3418,3136],[3417,3136],[3416,3136],[3415,3136],[3414,3136],[3413,3136],[3412,3136],[3411,3136],[3410,3136],[3409,3136],[3408,3136],[3407,3136],[3406,3136],[3405,3136],[3404,3136],[3403,3136],[3402,3136],[3401,3136],[3400,3136],[3399,3136],[3398,3136],[3397,3136],[3396,3136],[3395,3136],[3394,3136],[3393,3136],[3392,3136],[3392,3135],[3392,3134],[3392,3133],[3392,3132],[3392,3131],[3392,3130],[3392,3129],[3392,3128],[3392,3127],[3392,3126],[3392,3125],[3392,3124],[3392,3123],[3392,3122],[3392,3121],[3392,3120],[3392,3119],[3392,3118],[3392,3117],[3392,3116],[3392,3115],[3392,3114],[3392,3113],[3392,3112],[3392,3111],[3392,3110],[3392,3109],[3392,3108],[3392,3107],[3392,3106],[3392,3105],[3392,3104],[3392,3103],[3392,3102],[3392,3101],[3392,3100],[3392,3099],[3392,3098],[3392,3097],[3392,3096],[3392,3095],[3392,3094],[3392,3093],[3392,3092],[3392,3091],[3392,3090],[3392,3089],[3392,3088],[3392,3087],[3392,3086],[3392,3085],[3392,3084],[3392,3083],[3392,3082],[3392,3081],[3392,3080],[3392,3079],[3392,3078],[3392,3077],[3392,3076],[3392,3075],[3392,3074],[3392,3073],[3392,3072]]],[[[3392,3072],[3392,3073],[3392,3074],[3392,3075],[3392,3076],[3392,3077],[3392,3078],[3392,3079],[3392,3080],[3392,3081],[3392,3082],[3392,3083],[3392,3084],[3392,3085],[3392,3086],[3392,3087],[3392,3088],[3392,3089],[3392,3090],[3392,3091],[3392,3092],[3392,3093],[3392,3094],[3392,3095],[3392,3096],[3392,3097],[3392,3098],[3392,3099],[3392,3100],[3392,3101],[3392,3102],[3392,3103],[3392,3104],[3392,3105],[3392,3106],[3392,3107],[3392,3108],[3392,3109],[3392,3110],[3392,3111],[3392,3112],[3392,3113],[3392,3114],[3392,3115],[3392,3116],[3392,3117],[3392,3118],[3392,3119],[3392,3120],[3392,3121],[3392,3122],[3392,3123],[3392,3124],[3392,3125],[3392,3126],[3392,3127],[3392,3128],[3392,3129],[3392,3130],[3392,3131],[3392,3132],[3392,3133],[3392,3134],[3392,3135],[3392,3136],[3393,3136],[3394,3136],[3395,3136],[3396,3136],[3397,3136],[3398,3136],[3399,3136],[3400,3136],[3401,3136],[3402,3136],[3403,3136],[3404,3136],[3405,3136],[3406,3136],[3407,3136],[3408,3136],[3409,3136],[3410,3136],[3411,3136],[3412,3136],[3413,3136],[3414,3136],[3415,3136],[3416,3136],[3417,3136],[3418,3136],[3419,3136],[3420,3136],[3421,3136],[3422,3136],[3423,3136],[3424,3136],[3425,3136],[3426,3136],[3427,3136],[3428,3136],[3429,3136],[3430,3136],[3431,3136],[3432,3136],[3433,3136],[3434,3136],[3435,3136],[3436,3136],[3437,3136],[3438,3136],[3439,3136],[3440,3136],[3441,3136],[3442,3136],[3443,3136],[3444,3136],[3445,3136],[3446,3136],[3447,3136],[3448,3136],[3449,3136],[3450,3136],[3451,3136],[3452,3136],[3453,3136],[3454,3136],[3455,3136],[3456,3136],[3456,3135],[3456,3134],[3456,3133],[3456,3132],[3456,3131],[3456,3130],[3456,3129],[3456,3128],[3456,3127],[3456,3126],[3456,3125],[3456,3124],[3456,3123],[3456,3122],[3456,3121],[3456,3120],[3456,3119],[3456,3118],[3456,3117],[3456,3116],[3456,3115],[3456,3114],[3456,3113],[3456,3112],[3456,3111],[3456,3110],[3456,3109],[3456,3108],[3456,3107],[3456,3106],[3456,3105],[3456,3104],[3456,3103],[3456,3102],[3456,3101],[3456,3100],[3456,3099],[3456,3098],[3456,3097],[3456,3096],[3456,3095],[3456,3094],[3456,3093],[3456,3092],[3456,3091],[3456,3090],[3456,3089],[3456,3088],[3456,3087],[3456,3086],[3456,3085],[3456,3084],[3456,3083],[3456,3082],[3456,3081],[3456,3080],[3456,3079],[3456,3078],[3456,3077],[3456,3076],[3456,3075],[3456,3074],[3456,3073],[3456,3072],[3455,3072],[3454,3072],[3453,3072],[3452,3072],[3451,3072],[3450,3072],[3449,3072],[3448,3072],[3447,3072],[3446,3072],[3445,3072],[3444,3072],[3443,3072],[3442,3072],[3441,3072],[3440,3072],[3439,3072],[3438,3072],[3437,3072],[3436,3072],[3435,3072],[3434,3072],[3433,3072],[3432,3072],[3431,3072],[3430,3072],[3429,3072],[3428,3072],[3427,3072],[3426,3072],[3425,3072],[3424,3072],[3423,3072],[3422,3072],[3421,3072],[3420,3072],[3419,3072],[3418,3072],[3417,3072],[3416,3072],[3415,3072],[3414,3072],[3413,3072],[3412,3072],[3411,3072],[3410,3072],[3409,3072],[3408,3072],[3407,3072],[3406,3072],[3405,3072],[3404,3072],[3403,3072],[3402,3072],[3401,3072],[3400,3072],[3399,3072],[3398,3072],[3397,3072],[3396,3072],[3395,3072],[3394,3072],[3393,3072],[3392,3072]]],[[[3456,3072],[3457,3072],[3458,3072],[3459,3072],[3460,3072],[3461,3072],[3462,3072],[3463,3072],[3464,3072],[3465,3072],[3466,3072],[3467,3072],[3468,3072],[3469,3072],[3470,3072],[3471,3072],[3472,3072],[3473,3072],[3474,3072],[3475,3072],[3476,3072],[3477,3072],[3478,3072],[3479,3072],[3480,3072],[3481,3072],[3482,3072],[3483,3072],[3484,3072],[3485,3072],[3486,3072],[3487,3072],[3488,3072],[3489,3072],[3490,3072],[3491,3072],[3492,3072],[3493,3072],[3494,3072],[3495,3072],[3496,3072],[3497,3072],[3498,3072],[3499,3072],[3500,3072],[3501,3072],[3502,3072],[3503,3072],[3504,3072],[3505,3072],[3506,3072],[3507,3072],[3508,3072],[3509,3072],[3510,3072],[3511,3072],[3512,3072],[3513,3072],[3514,3072],[3515,3072],[3516,3072],[3517,3072],[3518,3072],[3519,3072],[3520,3072],[3520,3073],[3520,3074],[3520,3075],[3520,3076],[3520,3077],[3520,3078],[3520,3079],[3520,3080],[3520,3081],[3520,3082],[3520,3083],[3520,3084],[3520,3085],[3520,3086],[3520,3087],[3520,3088],[3520,3089],[3520,3090],[3520,3091],[3520,3092],[3520,3093],[3520,3094],[3520,3095],[3520,3096],[3520,3097],[3520,3098],[3520,3099],[3520,3100],[3520,3101],[3520,3102],[3520,3103],[3520,3104],[3520,3105],[3520,3106],[3520,3107],[3520,3108],[3520,3109],[3520,3110],[3520,3111],[3520,3112],[3520,3113],[3520,3114],[3520,3115],[3520,3116],[3520,3117],[3520,3118],[3520,3119],[3520,3120],[3520,3121],[3520,3122],[3520,3123],[3520,3124],[3520,3125],[3520,3126],[3520,3127],[3520,3128],[3520,3129],[3520,3130],[3520,3131],[3520,3132],[3520,3133],[3520,3134],[3520,3135],[3520,3136],[3519,3136],[3518,3136],[3517,3136],[3516,3136],[3515,3136],[3514,3136],[3513,3136],[3512,3136],[3511,3136],[3510,3136],[3509,3136],[3508,3136],[3507,3136],[3506,3136],[3505,3136],[3504,3136],[3503,3136],[3502,3136],[3501,3136],[3500,3136],[3499,3136],[3498,3136],[3497,3136],[3496,3136],[3495,3136],[3494,3136],[3493,3136],[3492,3136],[3491,3136],[3490,3136],[3489,3136],[3488,3136],[3487,3136],[3486,3136],[3485,3136],[3484,3136],[3483,3136],[3482,3136],[3481,3136],[3480,3136],[3479,3136],[3478,3136],[3477,3136],[3476,3136],[3475,3136],[3474,3136],[3473,3136],[3472,3136],[3471,3136],[3470,3136],[3469,3136],[3468,3136],[3467,3136],[3466,3136],[3465,3136],[3464,3136],[3463,3136],[3462,3136],[3461,3136],[3460,3136],[3459,3136],[3458,3136],[3457,3136],[3456,3136],[3456,3135],[3456,3134],[3456,3133],[3456,3132],[3456,3131],[3456,3130],[3456,3129],[3456,3128],[3456,3127],[3456,3126],[3456,3125],[3456,3124],[3456,3123],[3456,3122],[3456,3121],[3456,3120],[3456,3119],[3456,3118],[3456,3117],[3456,3116],[3456,3115],[3456,3114],[3456,3113],[3456,3112],[3456,3111],[3456,3110],[3456,3109],[3456,3108],[3456,3107],[3456,3106],[3456,3105],[3456,3104],[3456,3103],[3456,3102],[3456,3101],[3456,3100],[3456,3099],[3456,3098],[3456,3097],[3456,3096],[3456,3095],[3456,3094],[3456,3093],[3456,3092],[3456,3091],[3456,3090],[3456,3089],[3456,3088],[3456,3087],[3456,3086],[3456,3085],[3456,3084],[3456,3083],[3456,3082],[3456,3081],[3456,3080],[3456,3079],[3456,3078],[3456,3077],[3456,3076],[3456,3075],[3456,3074],[3456,3073],[3456,3072]]],[[[3456,3072],[3456,3073],[3456,3074],[3456,3075],[3456,3076],[3456,3077],[3456,3078],[3456,3079],[3456,3080],[3456,3081],[3456,3082],[3456,3083],[3456,3084],[3456,3085],[3456,3086],[3456,3087],[3456,3088],[3456,3089],[3456,3090],[3456,3091],[3456,3092],[3456,3093],[3456,3094],[3456,3095],[3456,3096],[3456,3097],[3456,3098],[3456,3099],[3456,3100],[3456,3101],[3456,3102],[3456,3103],[3456,3104],[3456,3105],[3456,3106],[3456,3107],[3456,3108],[3456,3109],[3456,3110],[3456,3111],[3456,3112],[3456,3113],[3456,3114],[3456,3115],[3456,3116],[3456,3117],[3456,3118],[3456,3119],[3456,3120],[3456,3121],[3456,3122],[3456,3123],[3456,3124],[3456,3125],[3456,3126],[3456,3127],[3456,3128],[3456,3129],[3456,3130],[3456,3131],[3456,3132],[3456,3133],[3456,3134],[3456,3135],[3456,3136],[3457,3136],[3458,3136],[3459,3136],[3460,3136],[3461,3136],[3462,3136],[3463,3136],[3464,3136],[3465,3136],[3466,3136],[3467,3136],[3468,3136],[3469,3136],[3470,3136],[3471,3136],[3472,3136],[3473,3136],[3474,3136],[3475,3136],[3476,3136],[3477,3136],[3478,3136],[3479,3136],[3480,3136],[3481,3136],[3482,3136],[3483,3136],[3484,3136],[3485,3136],[3486,3136],[3487,3136],[3488,3136],[3489,3136],[3490,3136],[3491,3136],[3492,3136],[3493,3136],[3494,3136],[3495,3136],[3496,3136],[3497,3136],[3498,3136],[3499,3136],[3500,3136],[3501,3136],[3502,3136],[3503,3136],[3504,3136],[3505,3136],[3506,3136],[3507,3136],[3508,3136],[3509,3136],[3510,3136],[3511,3136],[3512,3136],[3513,3136],[3514,3136],[3515,3136],[3516,3136],[3517,3136],[3518,3136],[3519,3136],[3520,3136],[3520,3135],[3520,3134],[3520,3133],[3520,3132],[3520,3131],[3520,3130],[3520,3129],[3520,3128],[3520,3127],[3520,3126],[3520,3125],[3520,3124],[3520,3123],[3520,3122],[3520,3121],[3520,3120],[3520,3119],[3520,3118],[3520,3117],[3520,3116],[3520,3115],[3520,3114],[3520,3113],[3520,3112],[3520,3111],[3520,3110],[3520,3109],[3520,3108],[3520,3107],[3520,3106],[3520,3105],[3520,3104],[3520,3103],[3520,3102],[3520,3101],[3520,3100],[3520,3099],[3520,3098],[3520,3097],[3520,3096],[3520,3095],[3520,3094],[3520,3093],[3520,3092],[3520,3091],[3520,3090],[3520,3089],[3520,3088],[3520,3087],[3520,3086],[3520,3085],[3520,3084],[3520,3083],[3520,3082],[3520,3081],[3520,3080],[3520,3079],[3520,3078],[3520,3077],[3520,3076],[3520,3075],[3520,3074],[3520,3073],[3520,3072],[3519,3072],[3518,3072],[3517,3072],[3516,3072],[3515,3072],[3514,3072],[3513,3072],[3512,3072],[3511,3072],[3510,3072],[3509,3072],[3508,3072],[3507,3072],[3506,3072],[3505,3072],[3504,3072],[3503,3072],[3502,3072],[3501,3072],[3500,3072],[3499,3072],[3498,3072],[3497,3072],[3496,3072],[3495,3072],[3494,3072],[3493,3072],[3492,3072],[3491,3072],[3490,3072],[3489,3072],[3488,3072],[3487,3072],[3486,3072],[3485,3072],[3484,3072],[3483,3072],[3482,3072],[3481,3072],[3480,3072],[3479,3072],[3478,3072],[3477,3072],[3476,3072],[3475,3072],[3474,3072],[3473,3072],[3472,3072],[3471,3072],[3470,3072],[3469,3072],[3468,3072],[3467,3072],[3466,3072],[3465,3072],[3464,3072],[3463,3072],[3462,3072],[3461,3072],[3460,3072],[3459,3072],[3458,3072],[3457,3072],[3456,3072]]],[[[3456,3136],[3457,3136],[3458,3136],[3459,3136],[3460,3136],[3461,3136],[3462,3136],[3463,3136],[3464,3136],[3465,3136],[3466,3136],[3467,3136],[3468,3136],[3469,3136],[3470,3136],[3471,3136],[3472,3136],[3473,3136],[3474,3136],[3475,3136],[3476,3136],[3477,3136],[3478,3136],[3479,3136],[3480,3136],[3481,3136],[3482,3136],[3483,3136],[3484,3136],[3485,3136],[3486,3136],[3487,3136],[3488,3136],[3489,3136],[3490,3136],[3491,3136],[3492,3136],[3492,3137],[3491,3137],[3491,3138],[3490,3138],[3490,3139],[3489,3139],[3489,3140],[3488,3140],[3488,3141],[3487,3141],[3487,3142],[3486,3142],[3486,3143],[3485,3143],[3485,3144],[3484,3144],[3484,3145],[3483,3145],[3483,3146],[3482,3146],[3481,3146],[3481,3147],[3480,3147],[3479,3147],[3479,3148],[3478,3148],[3477,3148],[3477,3149],[3476,3149],[3475,3149],[3475,3150],[3474,3150],[3473,3150],[3473,3151],[3472,3151],[3471,3151],[3471,3152],[3470,3152],[3469,3152],[3468,3152],[3468,3153],[3467,3153],[3466,3153],[3465,3153],[3464,3153],[3463,3153],[3463,3154],[3462,3154],[3461,3154],[3461,3153],[3460,3153],[3459,3153],[3458,3153],[3457,3153],[3456,3153],[3456,3152],[3456,3151],[3456,3150],[3456,3149],[3456,3148],[3456,3147],[3456,3146],[3456,3145],[3456,3144],[3456,3143],[3456,3142],[3456,3141],[3456,3140],[3456,3139],[3456,3138],[3456,3137],[3456,3136]]],[[[3456,3136],[3456,3137],[3456,3138],[3456,3139],[3456,3140],[3456,3141],[3456,3142],[3456,3143],[3456,3144],[3456,3145],[3456,3146],[3456,3147],[3456,3148],[3456,3149],[3456,3150],[3456,3151],[3456,3152],[3456,3153],[3457,3153],[3458,3153],[3459,3153],[3460,3153],[3461,3153],[3461,3154],[3462,3154],[3463,3154],[3463,3153],[3464,3153],[3465,3153],[3466,3153],[3467,3153],[3468,3153],[3468,3152],[3469,3152],[3470,3152],[3471,3152],[3471,3151],[3472,3151],[3473,3151],[3473,3150],[3474,3150],[3475,3150],[3475,3149],[3476,3149],[3477,3149],[3477,3148],[3478,3148],[3479,3148],[3479,3147],[3480,3147],[3481,3147],[3481,3146],[3482,3146],[3483,3146],[3483,3145],[3484,3145],[3484,3144],[3485,3144],[3485,3143],[3486,3143],[3486,3142],[3487,3142],[3487,3141],[3488,3141],[3488,3140],[3489,3140],[3489,3139],[3490,3139],[3490,3138],[3491,3138],[3491,3137],[3492,3137],[3492,3136],[3491,3136],[3490,3136],[3489,3136],[3488,3136],[3487,3136],[3486,3136],[3485,3136],[3484,3136],[3483,3136],[3482,3136],[3481,3136],[3480,3136],[3479,3136],[3478,3136],[3477,3136],[3476,3136],[3475,3136],[3474,3136],[3473,3136],[3472,3136],[3471,3136],[3470,3136],[3469,3136],[3468,3136],[3467,3136],[3466,3136],[3465,3136],[3464,3136],[3463,3136],[3462,3136],[3461,3136],[3460,3136],[3459,3136],[3458,3136],[3457,3136],[3456,3136]]],[[[3456,2944],[3457,2944],[3458,2944],[3459,2944],[3460,2944],[3461,2944],[3462,2944],[3463,2944],[3464,2944],[3465,2944],[3466,2944],[3467,2944],[3468,2944],[3469,2944],[3470,2944],[3471,2944],[3472,2944],[3473,2944],[3474,2944],[3475,2944],[3476,2944],[3477,2944],[3478,2944],[3479,2944],[3480,2944],[3481,2944],[3482,2944],[3483,2944],[3484,2944],[3485,2944],[3486,2944],[3487,2944],[3488,2944],[3489,2944],[3490,2944],[3491,2944],[3492,2944],[3493,2944],[3494,2944],[3495,2944],[3496,2944],[3497,2944],[3498,2944],[3499,2944],[3500,2944],[3501,2944],[3502,2944],[3503,2944],[3504,2944],[3505,2944],[3506,2944],[3507,2944],[3508,2944],[3509,2944],[3510,2944],[3511,2944],[3512,2944],[3513,2944],[3514,2944],[3515,2944],[3516,2944],[3517,2944],[3518,2944],[3519,2944],[3520,2944],[3520,2945],[3520,2946],[3520,2947],[3520,2948],[3520,2949],[3520,2950],[3520,2951],[3520,2952],[3520,2953],[3520,2954],[3520,2955],[3520,2956],[3520,2957],[3520,2958],[3520,2959],[3520,2960],[3520,2961],[3520,2962],[3520,2963],[3520,2964],[3520,2965],[3520,2966],[3520,2967],[3520,2968],[3520,2969],[3520,2970],[3520,2971],[3520,2972],[3520,2973],[3520,2974],[3520,2975],[3520,2976],[3520,2977],[3520,2978],[3520,2979],[3520,2980],[3520,2981],[3520,2982],[3520,2983],[3520,2984],[3520,2985],[3520,2986],[3520,2987],[3520,2988],[3520,2989],[3520,2990],[3520,2991],[3520,2992],[3520,2993],[3520,2994],[3520,2995],[3520,2996],[3520,2997],[3520,2998],[3520,2999],[3520,3000],[3520,3001],[3520,3002],[3520,3003],[3520,3004],[3520,3005],[3520,3006],[3520,3007],[3520,3008],[3519,3008],[3518,3008],[3517,3008],[3516,3008],[3515,3008],[3514,3008],[3513,3008],[3512,3008],[3511,3008],[3510,3008],[3509,3008],[3508,3008],[3507,3008],[3506,3008],[3505,3008],[3504,3008],[3503,3008],[3502,3008],[3501,3008],[3500,3008],[3499,3008],[3498,3008],[3497,3008],[3496,3008],[3495,3008],[3494,3008],[3493,3008],[3492,3008],[3491,3008],[3490,3008],[3489,3008],[3488,3008],[3487,3008],[3486,3008],[3485,3008],[3484,3008],[3483,3008],[3482,3008],[3481,3008],[3480,3008],[3479,3008],[3478,3008],[3477,3008],[3476,3008],[3475,3008],[3474,3008],[3473,3008],[3472,3008],[3471,3008],[3470,3008],[3469,3008],[3468,3008],[3467,3008],[3466,3008],[3465,3008],[3464,3008],[3463,3008],[3462,3008],[3461,3008],[3460,3008],[3459,3008],[3458,3008],[3457,3008],[3456,3008],[3456,3007],[3456,3006],[3456,3005],[3456,3004],[3456,3003],[3456,3002],[3456,3001],[3456,3000],[3456,2999],[3456,2998],[3456,2997],[3456,2996],[3456,2995],[3456,2994],[3456,2993],[3456,2992],[3456,2991],[3456,2990],[3456,2989],[3456,2988],[3456,2987],[3456,2986],[3456,2985],[3456,2984],[3456,2983],[3456,2982],[3456,2981],[3456,2980],[3456,2979],[3456,2978],[3456,2977],[3456,2976],[3456,2975],[3456,2974],[3456,2973],[3456,2972],[3456,2971],[3456,2970],[3456,2969],[3456,2968],[3456,2967],[3456,2966],[3456,2965],[3456,2964],[3456,2963],[3456,2962],[3456,2961],[3456,2960],[3456,2959],[3456,2958],[3456,2957],[3456,2956],[3456,2955],[3456,2954],[3456,2953],[3456,2952],[3456,2951],[3456,2950],[3456,2949],[3456,2948],[3456,2947],[3456,2946],[3456,2945],[3456,2944]]],[[[3456,2944],[3456,2945],[3456,2946],[3456,2947],[3456,2948],[3456,2949],[3456,2950],[3456,2951],[3456,2952],[3456,2953],[3456,2954],[3456,2955],[3456,2956],[3456,2957],[3456,2958],[3456,2959],[3456,2960],[3456,2961],[3456,2962],[3456,2963],[3456,2964],[3456,2965],[3456,2966],[3456,2967],[3456,2968],[3456,2969],[3456,2970],[3456,2971],[3456,2972],[3456,2973],[3456,2974],[3456,2975],[3456,2976],[3456,2977],[3456,2978],[3456,2979],[3456,2980],[3456,2981],[3456,2982],[3456,2983],[3456,2984],[3456,2985],[3456,2986],[3456,2987],[3456,2988],[3456,2989],[3456,2990],[3456,2991],[3456,2992],[3456,2993],[3456,2994],[3456,2995],[3456,2996],[3456,2997],[3456,2998],[3456,2999],[3456,3000],[3456,3001],[3456,3002],[3456,3003],[3456,3004],[3456,3005],[3456,3006],[3456,3007],[3456,3008],[3457,3008],[3458,3008],[3459,3008],[3460,3008],[3461,3008],[3462,3008],[3463,3008],[3464,3008],[3465,3008],[3466,3008],[3467,3008],[3468,3008],[3469,3008],[3470,3008],[3471,3008],[3472,3008],[3473,3008],[3474,3008],[3475,3008],[3476,3008],[3477,3008],[3478,3008],[3479,3008],[3480,3008],[3481,3008],[3482,3008],[3483,3008],[3484,3008],[3485,3008],[3486,3008],[3487,3008],[3488,3008],[3489,3008],[3490,3008],[3491,3008],[3492,3008],[3493,3008],[3494,3008],[3495,3008],[3496,3008],[3497,3008],[3498,3008],[3499,3008],[3500,3008],[3501,3008],[3502,3008],[3503,3008],[3504,3008],[3505,3008],[3506,3008],[3507,3008],[3508,3008],[3509,3008],[3510,3008],[3511,3008],[3512,3008],[3513,3008],[3514,3008],[3515,3008],[3516,3008],[3517,3008],[3518,3008],[3519,3008],[3520,3008],[3520,3007],[3520,3006],[3520,3005],[3520,3004],[3520,3003],[3520,3002],[3520,3001],[3520,3000],[3520,2999],[3520,2998],[3520,2997],[3520,2996],[3520,2995],[3520,2994],[3520,2993],[3520,2992],[3520,2991],[3520,2990],[3520,2989],[3520,2988],[3520,2987],[3520,2986],[3520,2985],[3520,2984],[3520,2983],[3520,2982],[3520,2981],[3520,2980],[3520,2979],[3520,2978],[3520,2977],[3520,2976],[3520,2975],[3520,2974],[3520,2973],[3520,2972],[3520,2971],[3520,2970],[3520,2969],[3520,2968],[3520,2967],[3520,2966],[3520,2965],[3520,2964],[3520,2963],[3520,2962],[3520,2961],[3520,2960],[3520,2959],[3520,2958],[3520,2957],[3520,2956],[3520,2955],[3520,2954],[3520,2953],[3520,2952],[3520,2951],[3520,2950],[3520,2949],[3520,2948],[3520,2947],[3520,2946],[3520,2945],[3520,2944],[3519,2944],[3518,2944],[3517,2944],[3516,2944],[3515,2944],[3514,2944],[3513,2944],[3512,2944],[3511,2944],[3510,2944],[3509,2944],[3508,2944],[3507,2944],[3506,2944],[3505,2944],[3504,2944],[3503,2944],[3502,2944],[3501,2944],[3500,2944],[3499,2944],[3498,2944],[3497,2944],[3496,2944],[3495,2944],[3494,2944],[3493,2944],[3492,2944],[3491,2944],[3490,2944],[3489,2944],[3488,2944],[3487,2944],[3486,2944],[3485,2944],[3484,2944],[3483,2944],[3482,2944],[3481,2944],[3480,2944],[3479,2944],[3478,2944],[3477,2944],[3476,2944],[3475,2944],[3474,2944],[3473,2944],[3472,2944],[3471,2944],[3470,2944],[3469,2944],[3468,2944],[3467,2944],[3466,2944],[3465,2944],[3464,2944],[3463,2944],[3462,2944],[3461,2944],[3460,2944],[3459,2944],[3458,2944],[3457,2944],[3456,2944]]],[[[3456,2880],[3457,2880],[3458,2880],[3459,2880],[3460,2880],[3461,2880],[3462,2880],[3463,2880],[3464,2880],[3465,2880],[3466,2880],[3467,2880],[3468,2880],[3469,2880],[3470,2880],[3471,2880],[3472,2880],[3473,2880],[3474,2880],[3475,2880],[3476,2880],[3477,2880],[3478,2880],[3479,2880],[3480,2880],[3481,2880],[3482,2880],[3483,2880],[3484,2880],[3485,2880],[3486,2880],[3487,2880],[3488,2880],[3489,2880],[3490,2880],[3491,2880],[3492,2880],[3493,2880],[3494,2880],[3495,2880],[3496,2880],[3497,2880],[3498,2880],[3499,2880],[3500,2880],[3501,2880],[3502,2880],[3503,2880],[3504,2880],[3505,2880],[3506,2880],[3507,2880],[3508,2880],[3509,2880],[3510,2880],[3511,2880],[3512,2880],[3513,2880],[3514,2880],[3515,2880],[3516,2880],[3517,2880],[3518,2880],[3519,2880],[3520,2880],[3520,2881],[3520,2882],[3520,2883],[3520,2884],[3520,2885],[3520,2886],[3520,2887],[3520,2888],[3520,2889],[3520,2890],[3520,2891],[3520,2892],[3520,2893],[3520,2894],[3520,2895],[3520,2896],[3520,2897],[3520,2898],[3520,2899],[3520,2900],[3520,2901],[3520,2902],[3520,2903],[3520,2904],[3520,2905],[3520,2906],[3520,2907],[3520,2908],[3520,2909],[3520,2910],[3520,2911],[3520,2912],[3520,2913],[3520,2914],[3520,2915],[3520,2916],[3520,2917],[3520,2918],[3520,2919],[3520,2920],[3520,2921],[3520,2922],[3520,2923],[3520,2924],[3520,2925],[3520,2926],[3520,2927],[3520,2928],[3520,2929],[3520,2930],[3520,2931],[3520,2932],[3520,2933],[3520,2934],[3520,2935],[3520,2936],[3520,2937],[3520,2938],[3520,2939],[3520,2940],[3520,2941],[3520,2942],[3520,2943],[3520,2944],[3519,2944],[3518,2944],[3517,2944],[3516,2944],[3515,2944],[3514,2944],[3513,2944],[3512,2944],[3511,2944],[3510,2944],[3509,2944],[3508,2944],[3507,2944],[3506,2944],[3505,2944],[3504,2944],[3503,2944],[3502,2944],[3501,2944],[3500,2944],[3499,2944],[3498,2944],[3497,2944],[3496,2944],[3495,2944],[3494,2944],[3493,2944],[3492,2944],[3491,2944],[3490,2944],[3489,2944],[3488,2944],[3487,2944],[3486,2944],[3485,2944],[3484,2944],[3483,2944],[3482,2944],[3481,2944],[3480,2944],[3479,2944],[3478,2944],[3477,2944],[3476,2944],[3475,2944],[3474,2944],[3473,2944],[3472,2944],[3471,2944],[3470,2944],[3469,2944],[3468,2944],[3467,2944],[3466,2944],[3465,2944],[3464,2944],[3463,2944],[3462,2944],[3461,2944],[3460,2944],[3459,2944],[3458,2944],[3457,2944],[3456,2944],[3456,2943],[3456,2942],[3456,2941],[3456,2940],[3456,2939],[3456,2938],[3456,2937],[3456,2936],[3456,2935],[3456,2934],[3456,2933],[3456,2932],[3456,2931],[3456,2930],[3456,2929],[3456,2928],[3456,2927],[3456,2926],[3456,2925],[3456,2924],[3456,2923],[3456,2922],[3456,2921],[3456,2920],[3456,2919],[3456,2918],[3456,2917],[3456,2916],[3456,2915],[3456,2914],[3456,2913],[3456,2912],[3456,2911],[3456,2910],[3456,2909],[3456,2908],[3456,2907],[3456,2906],[3456,2905],[3456,2904],[3456,2903],[3456,2902],[3456,2901],[3456,2900],[3456,2899],[3456,2898],[3456,2897],[3456,2896],[3456,2895],[3456,2894],[3456,2893],[3456,2892],[3456,2891],[3456,2890],[3456,2889],[3456,2888],[3456,2887],[3456,2886],[3456,2885],[3456,2884],[3456,2883],[3456,2882],[3456,2881],[3456,2880]]],[[[3456,2880],[3456,2881],[3456,2882],[3456,2883],[3456,2884],[3456,2885],[3456,2886],[3456,2887],[3456,2888],[3456,2889],[3456,2890],[3456,2891],[3456,2892],[3456,2893],[3456,2894],[3456,2895],[3456,2896],[3456,2897],[3456,2898],[3456,2899],[3456,2900],[3456,2901],[3456,2902],[3456,2903],[3456,2904],[3456,2905],[3456,2906],[3456,2907],[3456,2908],[3456,2909],[3456,2910],[3456,2911],[3456,2912],[3456,2913],[3456,2914],[3456,2915],[3456,2916],[3456,2917],[3456,2918],[3456,2919],[3456,2920],[3456,2921],[3456,2922],[3456,2923],[3456,2924],[3456,2925],[3456,2926],[3456,2927],[3456,2928],[3456,2929],[3456,2930],[3456,2931],[3456,2932],[3456,2933],[3456,2934],[3456,2935],[3456,2936],[3456,2937],[3456,2938],[3456,2939],[3456,2940],[3456,2941],[3456,2942],[3456,2943],[3456,2944],[3457,2944],[3458,2944],[3459,2944],[3460,2944],[3461,2944],[3462,2944],[3463,2944],[3464,2944],[3465,2944],[3466,2944],[3467,2944],[3468,2944],[3469,2944],[3470,2944],[3471,2944],[3472,2944],[3473,2944],[3474,2944],[3475,2944],[3476,2944],[3477,2944],[3478,2944],[3479,2944],[3480,2944],[3481,2944],[3482,2944],[3483,2944],[3484,2944],[3485,2944],[3486,2944],[3487,2944],[3488,2944],[3489,2944],[3490,2944],[3491,2944],[3492,2944],[3493,2944],[3494,2944],[3495,2944],[3496,2944],[3497,2944],[3498,2944],[3499,2944],[3500,2944],[3501,2944],[3502,2944],[3503,2944],[3504,2944],[3505,2944],[3506,2944],[3507,2944],[3508,2944],[3509,2944],[3510,2944],[3511,2944],[3512,2944],[3513,2944],[3514,2944],[3515,2944],[3516,2944],[3517,2944],[3518,2944],[3519,2944],[3520,2944],[3520,2943],[3520,2942],[3520,2941],[3520,2940],[3520,2939],[3520,2938],[3520,2937],[3520,2936],[3520,2935],[3520,2934],[3520,2933],[3520,2932],[3520,2931],[3520,2930],[3520,2929],[3520,2928],[3520,2927],[3520,2926],[3520,2925],[3520,2924],[3520,2923],[3520,2922],[3520,2921],[3520,2920],[3520,2919],[3520,2918],[3520,2917],[3520,2916],[3520,2915],[3520,2914],[3520,2913],[3520,2912],[3520,2911],[3520,2910],[3520,2909],[3520,2908],[3520,2907],[3520,2906],[3520,2905],[3520,2904],[3520,2903],[3520,2902],[3520,2901],[3520,2900],[3520,2899],[3520,2898],[3520,2897],[3520,2896],[3520,2895],[3520,2894],[3520,2893],[3520,2892],[3520,2891],[3520,2890],[3520,2889],[3520,2888],[3520,2887],[3520,2886],[3520,2885],[3520,2884],[3520,2883],[3520,2882],[3520,2881],[3520,2880],[3519,2880],[3518,2880],[3517,2880],[3516,2880],[3515,2880],[3514,2880],[3513,2880],[3512,2880],[3511,2880],[3510,2880],[3509,2880],[3508,2880],[3507,2880],[3506,2880],[3505,2880],[3504,2880],[3503,2880],[3502,2880],[3501,2880],[3500,2880],[3499,2880],[3498,2880],[3497,2880],[3496,2880],[3495,2880],[3494,2880],[3493,2880],[3492,2880],[3491,2880],[3490,2880],[3489,2880],[3488,2880],[3487,2880],[3486,2880],[3485,2880],[3484,2880],[3483,2880],[3482,2880],[3481,2880],[3480,2880],[3479,2880],[3478,2880],[3477,2880],[3476,2880],[3475,2880],[3474,2880],[3473,2880],[3472,2880],[3471,2880],[3470,2880],[3469,2880],[3468,2880],[3467,2880],[3466,2880],[3465,2880],[3464,2880],[3463,2880],[3462,2880],[3461,2880],[3460,2880],[3459,2880],[3458,2880],[3457,2880],[3456,2880]]],[[[3520,2934],[3521,2934],[3521,2935],[3522,2935],[3523,2935],[3524,2935],[3524,2936],[3525,2936],[3526,2936],[3527,2936],[3527,2937],[3528,2937],[3529,2937],[3530,2937],[3530,2938],[3531,2938],[3532,2938],[3533,2938],[3533,2939],[3534,2939],[3535,2939],[3535,2940],[3536,2940],[3537,2940],[3537,2941],[3538,2941],[3538,2942],[3539,2942],[3539,2943],[3540,2943],[3541,2943],[3541,2944],[3540,2944],[3539,2944],[3538,2944],[3537,2944],[3536,2944],[3535,2944],[3534,2944],[3533,2944],[3532,2944],[3531,2944],[3530,2944],[3529,2944],[3528,2944],[3527,2944],[3526,2944],[3525,2944],[3524,2944],[3523,2944],[3522,2944],[3521,2944],[3520,2944],[3520,2943],[3520,2942],[3520,2941],[3520,2940],[3520,2939],[3520,2938],[3520,2937],[3520,2936],[3520,2935],[3520,2934]]],[[[3520,2934],[3520,2935],[3520,2936],[3520,2937],[3520,2938],[3520,2939],[3520,2940],[3520,2941],[3520,2942],[3520,2943],[3520,2944],[3521,2944],[3522,2944],[3523,2944],[3524,2944],[3525,2944],[3526,2944],[3527,2944],[3528,2944],[3529,2944],[3530,2944],[3531,2944],[3532,2944],[3533,2944],[3534,2944],[3535,2944],[3536,2944],[3537,2944],[3538,2944],[3539,2944],[3540,2944],[3541,2944],[3541,2943],[3540,2943],[3539,2943],[3539,2942],[3538,2942],[3538,2941],[3537,2941],[3537,2940],[3536,2940],[3535,2940],[3535,2939],[3534,2939],[3533,2939],[3533,2938],[3532,2938],[3531,2938],[3530,2938],[3530,2937],[3529,2937],[3528,2937],[3527,2937],[3527,2936],[3526,2936],[3525,2936],[3524,2936],[3524,2935],[3523,2935],[3522,2935],[3521,2935],[3521,2934],[3520,2934]]],[[[3520,2944],[3521,2944],[3522,2944],[3523,2944],[3524,2944],[3525,2944],[3526,2944],[3527,2944],[3528,2944],[3529,2944],[3530,2944],[3531,2944],[3532,2944],[3533,2944],[3534,2944],[3535,2944],[3536,2944],[3537,2944],[3538,2944],[3539,2944],[3540,2944],[3541,2944],[3542,2944],[3542,2945],[3543,2945],[3543,2946],[3544,2946],[3544,2947],[3544,2948],[3545,2948],[3545,2949],[3545,2950],[3546,2950],[3546,2951],[3546,2952],[3546,2953],[3546,2954],[3547,2954],[3547,2955],[3547,2956],[3547,2957],[3547,2958],[3547,2959],[3548,2959],[3548,2960],[3547,2960],[3547,2961],[3547,2962],[3548,2962],[3548,2963],[3547,2963],[3547,2964],[3547,2965],[3548,2965],[3548,2966],[3547,2966],[3547,2967],[3547,2968],[3547,2969],[3547,2970],[3547,2971],[3546,2971],[3546,2972],[3546,2973],[3545,2973],[3545,2974],[3545,2975],[3544,2975],[3544,2976],[3544,2977],[3544,2978],[3544,2979],[3544,2980],[3545,2980],[3545,2981],[3544,2981],[3544,2982],[3544,2983],[3544,2984],[3544,2985],[3544,2986],[3543,2986],[3543,2987],[3543,2988],[3542,2988],[3542,2989],[3542,2990],[3541,2990],[3541,2991],[3540,2991],[3540,2992],[3539,2992],[3539,2993],[3538,2993],[3537,2993],[3537,2994],[3536,2994],[3535,2994],[3535,2995],[3534,2995],[3533,2995],[3532,2995],[3531,2995],[3530,2995],[3530,2996],[3529,2996],[3529,2995],[3528,2995],[3527,2995],[3526,2995],[3525,2995],[3524,2995],[3524,2994],[3523,2994],[3522,2994],[3522,2993],[3521,2993],[3520,2993],[3520,2992],[3520,2991],[3520,2990],[3520,2989],[3520,2988],[3520,2987],[3520,2986],[3520,2985],[3520,2984],[3520,2983],[3520,2982],[3520,2981],[3520,2980],[3520,2979],[3520,2978],[3520,2977],[3520,2976],[3520,2975],[3520,2974],[3520,2973],[3520,2972],[3520,2971],[3520,2970],[3520,2969],[3520,2968],[3520,2967],[3520,2966],[3520,2965],[3520,2964],[3520,2963],[3520,2962],[3520,2961],[3520,2960],[3520,2959],[3520,2958],[3520,2957],[3520,2956],[3520,2955],[3520,2954],[3520,2953],[3520,2952],[3520,2951],[3520,2950],[3520,2949],[3520,2948],[3520,2947],[3520,2946],[3520,2945],[3520,2944]]],[[[3520,2944],[3520,2945],[3520,2946],[3520,2947],[3520,2948],[3520,2949],[3520,2950],[3520,2951],[3520,2952],[3520,2953],[3520,2954],[3520,2955],[3520,2956],[3520,2957],[3520,2958],[3520,2959],[3520,2960],[3520,2961],[3520,2962],[3520,2963],[3520,2964],[3520,2965],[3520,2966],[3520,2967],[3520,2968],[3520,2969],[3520,2970],[3520,2971],[3520,2972],[3520,2973],[3520,2974],[3520,2975],[3520,2976],[3520,2977],[3520,2978],[3520,2979],[3520,2980],[3520,2981],[3520,2982],[3520,2983],[3520,2984],[3520,2985],[3520,2986],[3520,2987],[3520,2988],[3520,2989],[3520,2990],[3520,2991],[3520,2992],[3520,2993],[3521,2993],[3522,2993],[3522,2994],[3523,2994],[3524,2994],[3524,2995],[3525,2995],[3526,2995],[3527,2995],[3528,2995],[3529,2995],[3529,2996],[3530,2996],[3530,2995],[3531,2995],[3532,2995],[3533,2995],[3534,2995],[3535,2995],[3535,2994],[3536,2994],[3537,2994],[3537,2993],[3538,2993],[3539,2993],[3539,2992],[3540,2992],[3540,2991],[3541,2991],[3541,2990],[3542,2990],[3542,2989],[3542,2988],[3543,2988],[3543,2987],[3543,2986],[3544,2986],[3544,2985],[3544,2984],[3544,2983],[3544,2982],[3544,2981],[3545,2981],[3545,2980],[3544,2980],[3544,2979],[3544,2978],[3544,2977],[3544,2976],[3544,2975],[3545,2975],[3545,2974],[3545,2973],[3546,2973],[3546,2972],[3546,2971],[3547,2971],[3547,2970],[3547,2969],[3547,2968],[3547,2967],[3547,2966],[3548,2966],[3548,2965],[3547,2965],[3547,2964],[3547,2963],[3548,2963],[3548,2962],[3547,2962],[3547,2961],[3547,2960],[3548,2960],[3548,2959],[3547,2959],[3547,2958],[3547,2957],[3547,2956],[3547,2955],[3547,2954],[3546,2954],[3546,2953],[3546,2952],[3546,2951],[3546,2950],[3545,2950],[3545,2949],[3545,2948],[3544,2948],[3544,2947],[3544,2946],[3543,2946],[3543,2945],[3542,2945],[3542,2944],[3541,2944],[3540,2944],[3539,2944],[3538,2944],[3537,2944],[3536,2944],[3535,2944],[3534,2944],[3533,2944],[3532,2944],[3531,2944],[3530,2944],[3529,2944],[3528,2944],[3527,2944],[3526,2944],[3525,2944],[3524,2944],[3523,2944],[3522,2944],[3521,2944],[3520,2944]]]]}},{"type":"Feature","properties":{"areaId":7,"name":"Tirannwn","tileCount":187391,"partCount":49},"geometry":{"type":"MultiPolygon","coordinates":[[[[2112,3008],[2176,3008],[2176,3072],[2112,3072],[2112,3008]]],[[[2112,3072],[2176,3072],[2176,3136],[2112,3136],[2112,3072]]],[[[2112,3136],[2176,3136],[2176,3200],[2112,3200],[2112,3136]]],[[[2112,3200],[2176,3200],[2176,3264],[2112,3264],[2112,3200]]],[[[2112,3264],[2176,3264],[2176,3328],[2112,3328],[2112,3264]]],[[[2112,3328],[2176,3328],[2176,3392],[2112,3392],[2112,3328]]],[[[2112,3392],[2176,3392],[2176,3456],[2112,3456],[2112,3392]]],[[[2112,3456],[2176,3456],[2176,3520],[2112,3520],[2112,3456]]],[[[2176,3008],[2240,3008],[2240,3072],[2176,3072],[2176,3008]]],[[[2176,3072],[2240,3072],[2240,3136],[2176,3136],[2176,3072]]],[[[2176,3136],[2240,3136],[2240,3200],[2176,3200],[2176,3136]]],[[[2176,3200],[2240,3200],[2240,3264],[2176,3264],[2176,3200]]],[[[2176,3264],[2240,3264],[2240,3328],[2176,3328],[2176,3264]]],[[[2176,3328],[2240,3328],[2240,3392],[2176,3392],[2176,3328]]],[[[2176,3392],[2240,3392],[2240,3456],[2176,3456],[2176,3392]]],[[[2176,3456],[2240,3456],[2240,3520],[2176,3520],[2176,3456]]],[[[2176,9536],[2240,9536],[2240,9600],[2176,9600],[2176,9536]]],[[[2176,9600],[2240,9600],[2240,9664],[2176,9664],[2176,9600]]],[[[2240,3008],[2304,3008],[2304,3072],[2240,3072],[2240,3008]]],[[[2240,3072],[2304,3072],[2304,3136],[2240,3136],[2240,3072]]],[[[2240,3136],[2304,3136],[2304,3200],[2240,3200],[2240,3136]]],[[[2240,3200],[2304,3200],[2304,3264],[2240,3264],[2240,3200]]],[[[2240,3264],[2304,3264],[2304,3328],[2240,3328],[2240,3264]]],[[[2240,3328],[2304,3328],[2304,3392],[2240,3392],[2240,3328]]],[[[2240,9536],[2304,9536],[2304,9600],[2240,9600],[2240,9536]]],[[[2240,9600],[2304,9600],[2304,9664],[2240,9664],[2240,9600]]],[[[2304,3200],[2368,3200],[2368,3264],[2304,3264],[2304,3200]]],[[[2304,3264],[2368,3264],[2368,3328],[2304,3328],[2304,3264]]],[[[2944,6080],[3008,6080],[3008,6144],[2944,6144],[2944,6080]]],[[[2944,6144],[3008,6144],[3008,6208],[2944,6208],[2944,6144]]],[[[2944,6208],[3008,6208],[3008,6272],[2944,6272],[2944,6208]]],[[[3008,6080],[3072,6080],[3072,6144],[3008,6144],[3008,6080]]],[[[3008,6144],[3072,6144],[3072,6208],[3008,6208],[3008,6144]]],[[[3008,6208],[3072,6208],[3072,6272],[3008,6272],[3008,6208]]],[[[3200,6016],[3264,6016],[3264,6080],[3200,6080],[3200,6016]]],[[[3200,6080],[3264,6080],[3264,6144],[3200,6144],[3200,6080]]],[[[3200,6144],[3264,6144],[3264,6208],[3200,6208],[3200,6144]]],[[[3200,6208],[3264,6208],[3264,6272],[3200,6272],[3200,6208]]],[[[3200,12416],[3264,12416],[3264,12480],[3200,12480],[3200,12416]]],[[[3264,6016],[3328,6016],[3328,6080],[3264,6080],[3264,6016]]],[[[3264,6080],[3328,6080],[3328,6144],[3264,6144],[3264,6080]]],[[[3264,6144],[3328,6144],[3328,6208],[3264,6208],[3264,6144]]],[[[3264,6208],[3328,6208],[3328,6272],[3264,6272],[3264,6208]]],[[[2240,3456],[2241,3456],[2242,3456],[2243,3456],[2244,3456],[2245,3456],[2246,3456],[2247,3456],[2248,3456],[2249,3456],[2250,3456],[2251,3456],[2252,3456],[2253,3456],[2254,3456],[2255,3456],[2256,3456],[2257,3456],[2258,3456],[2259,3456],[2260,3456],[2261,3456],[2262,3456],[2263,3456],[2264,3456],[2265,3456],[2266,3456],[2267,3456],[2268,3456],[2269,3456],[2270,3456],[2271,3456],[2272,3456],[2273,3456],[2274,3456],[2275,3456],[2276,3456],[2277,3456],[2278,3456],[2279,3456],[2280,3456],[2281,3456],[2282,3456],[2283,3456],[2284,3456],[2285,3456],[2286,3456],[2287,3456],[2288,3456],[2289,3456],[2290,3456],[2291,3456],[2292,3456],[2292,3457],[2291,3457],[2291,3458],[2290,3458],[2290,3459],[2289,3459],[2289,3460],[2289,3461],[2289,3462],[2289,3463],[2289,3464],[2289,3465],[2289,3466],[2289,3467],[2290,3467],[2290,3468],[2291,3468],[2291,3469],[2292,3469],[2292,3470],[2291,3470],[2291,3471],[2290,3471],[2290,3472],[2290,3473],[2289,3473],[2289,3474],[2289,3475],[2289,3476],[2289,3477],[2288,3477],[2288,3478],[2287,3478],[2287,3479],[2287,3480],[2287,3481],[2287,3482],[2287,3483],[2287,3484],[2287,3485],[2288,3485],[2288,3486],[2288,3487],[2288,3488],[2288,3489],[2288,3490],[2289,3490],[2289,3491],[2289,3492],[2289,3493],[2289,3494],[2289,3495],[2288,3495],[2288,3496],[2288,3497],[2287,3497],[2287,3498],[2287,3499],[2287,3500],[2286,3500],[2286,3501],[2286,3502],[2286,3503],[2286,3504],[2286,3505],[2286,3506],[2286,3507],[2286,3508],[2286,3509],[2286,3510],[2286,3511],[2287,3511],[2287,3512],[2287,3513],[2288,3513],[2288,3514],[2289,3514],[2289,3515],[2290,3515],[2290,3516],[2290,3517],[2290,3518],[2291,3518],[2291,3519],[2292,3519],[2292,3520],[2291,3520],[2290,3520],[2289,3520],[2288,3520],[2287,3520],[2286,3520],[2285,3520],[2284,3520],[2283,3520],[2282,3520],[2281,3520],[2280,3520],[2279,3520],[2278,3520],[2277,3520],[2276,3520],[2275,3520],[2274,3520],[2273,3520],[2272,3520],[2271,3520],[2270,3520],[2269,3520],[2268,3520],[2267,3520],[2266,3520],[2265,3520],[2264,3520],[2263,3520],[2262,3520],[2261,3520],[2260,3520],[2259,3520],[2258,3520],[2257,3520],[2256,3520],[2255,3520],[2254,3520],[2253,3520],[2252,3520],[2251,3520],[2250,3520],[2249,3520],[2248,3520],[2247,3520],[2246,3520],[2245,3520],[2244,3520],[2243,3520],[2242,3520],[2241,3520],[2240,3520],[2240,3519],[2240,3518],[2240,3517],[2240,3516],[2240,3515],[2240,3514],[2240,3513],[2240,3512],[2240,3511],[2240,3510],[2240,3509],[2240,3508],[2240,3507],[2240,3506],[2240,3505],[2240,3504],[2240,3503],[2240,3502],[2240,3501],[2240,3500],[2240,3499],[2240,3498],[2240,3497],[2240,3496],[2240,3495],[2240,3494],[2240,3493],[2240,3492],[2240,3491],[2240,3490],[2240,3489],[2240,3488],[2240,3487],[2240,3486],[2240,3485],[2240,3484],[2240,3483],[2240,3482],[2240,3481],[2240,3480],[2240,3479],[2240,3478],[2240,3477],[2240,3476],[2240,3475],[2240,3474],[2240,3473],[2240,3472],[2240,3471],[2240,3470],[2240,3469],[2240,3468],[2240,3467],[2240,3466],[2240,3465],[2240,3464],[2240,3463],[2240,3462],[2240,3461],[2240,3460],[2240,3459],[2240,3458],[2240,3457],[2240,3456]]],[[[2240,3456],[2240,3457],[2240,3458],[2240,3459],[2240,3460],[2240,3461],[2240,3462],[2240,3463],[2240,3464],[2240,3465],[2240,3466],[2240,3467],[2240,3468],[2240,3469],[2240,3470],[2240,3471],[2240,3472],[2240,3473],[2240,3474],[2240,3475],[2240,3476],[2240,3477],[2240,3478],[2240,3479],[2240,3480],[2240,3481],[2240,3482],[2240,3483],[2240,3484],[2240,3485],[2240,3486],[2240,3487],[2240,3488],[2240,3489],[2240,3490],[2240,3491],[2240,3492],[2240,3493],[2240,3494],[2240,3495],[2240,3496],[2240,3497],[2240,3498],[2240,3499],[2240,3500],[2240,3501],[2240,3502],[2240,3503],[2240,3504],[2240,3505],[2240,3506],[2240,3507],[2240,3508],[2240,3509],[2240,3510],[2240,3511],[2240,3512],[2240,3513],[2240,3514],[2240,3515],[2240,3516],[2240,3517],[2240,3518],[2240,3519],[2240,3520],[2241,3520],[2242,3520],[2243,3520],[2244,3520],[2245,3520],[2246,3520],[2247,3520],[2248,3520],[2249,3520],[2250,3520],[2251,3520],[2252,3520],[2253,3520],[2254,3520],[2255,3520],[2256,3520],[2257,3520],[2258,3520],[2259,3520],[2260,3520],[2261,3520],[2262,3520],[2263,3520],[2264,3520],[2265,3520],[2266,3520],[2267,3520],[2268,3520],[2269,3520],[2270,3520],[2271,3520],[2272,3520],[2273,3520],[2274,3520],[2275,3520],[2276,3520],[2277,3520],[2278,3520],[2279,3520],[2280,3520],[2281,3520],[2282,3520],[2283,3520],[2284,3520],[2285,3520],[2286,3520],[2287,3520],[2288,3520],[2289,3520],[2290,3520],[2291,3520],[2292,3520],[2292,3519],[2291,3519],[2291,3518],[2290,3518],[2290,3517],[2290,3516],[2290,3515],[2289,3515],[2289,3514],[2288,3514],[2288,3513],[2287,3513],[2287,3512],[2287,3511],[2286,3511],[2286,3510],[2286,3509],[2286,3508],[2286,3507],[2286,3506],[2286,3505],[2286,3504],[2286,3503],[2286,3502],[2286,3501],[2286,3500],[2287,3500],[2287,3499],[2287,3498],[2287,3497],[2288,3497],[2288,3496],[2288,3495],[2289,3495],[2289,3494],[2289,3493],[2289,3492],[2289,3491],[2289,3490],[2288,3490],[2288,3489],[2288,3488],[2288,3487],[2288,3486],[2288,3485],[2287,3485],[2287,3484],[2287,3483],[2287,3482],[2287,3481],[2287,3480],[2287,3479],[2287,3478],[2288,3478],[2288,3477],[2289,3477],[2289,3476],[2289,3475],[2289,3474],[2289,3473],[2290,3473],[2290,3472],[2290,3471],[2291,3471],[2291,3470],[2292,3470],[2292,3469],[2291,3469],[2291,3468],[2290,3468],[2290,3467],[2289,3467],[2289,3466],[2289,3465],[2289,3464],[2289,3463],[2289,3462],[2289,3461],[2289,3460],[2289,3459],[2290,3459],[2290,3458],[2291,3458],[2291,3457],[2292,3457],[2292,3456],[2291,3456],[2290,3456],[2289,3456],[2288,3456],[2287,3456],[2286,3456],[2285,3456],[2284,3456],[2283,3456],[2282,3456],[2281,3456],[2280,3456],[2279,3456],[2278,3456],[2277,3456],[2276,3456],[2275,3456],[2274,3456],[2273,3456],[2272,3456],[2271,3456],[2270,3456],[2269,3456],[2268,3456],[2267,3456],[2266,3456],[2265,3456],[2264,3456],[2263,3456],[2262,3456],[2261,3456],[2260,3456],[2259,3456],[2258,3456],[2257,3456],[2256,3456],[2255,3456],[2254,3456],[2253,3456],[2252,3456],[2251,3456],[2250,3456],[2249,3456],[2248,3456],[2247,3456],[2246,3456],[2245,3456],[2244,3456],[2243,3456],[2242,3456],[2241,3456],[2240,3456]]],[[[2240,3392],[2241,3392],[2242,3392],[2243,3392],[2244,3392],[2245,3392],[2246,3392],[2247,3392],[2248,3392],[2249,3392],[2250,3392],[2251,3392],[2252,3392],[2253,3392],[2254,3392],[2255,3392],[2256,3392],[2257,3392],[2258,3392],[2259,3392],[2260,3392],[2261,3392],[2262,3392],[2263,3392],[2264,3392],[2265,3392],[2266,3392],[2267,3392],[2268,3392],[2269,3392],[2270,3392],[2271,3392],[2272,3392],[2273,3392],[2274,3392],[2275,3392],[2276,3392],[2277,3392],[2278,3392],[2279,3392],[2280,3392],[2281,3392],[2282,3392],[2283,3392],[2284,3392],[2285,3392],[2286,3392],[2287,3392],[2288,3392],[2289,3392],[2290,3392],[2291,3392],[2292,3392],[2293,3392],[2294,3392],[2295,3392],[2296,3392],[2297,3392],[2298,3392],[2299,3392],[2300,3392],[2301,3392],[2302,3392],[2303,3392],[2304,3392],[2304,3393],[2304,3394],[2304,3395],[2304,3396],[2304,3397],[2304,3398],[2304,3399],[2304,3400],[2304,3401],[2304,3402],[2304,3403],[2304,3404],[2304,3405],[2304,3406],[2304,3407],[2304,3408],[2304,3409],[2304,3410],[2304,3411],[2304,3412],[2304,3413],[2304,3414],[2304,3415],[2304,3416],[2304,3417],[2304,3418],[2304,3419],[2304,3420],[2304,3421],[2304,3422],[2304,3423],[2304,3424],[2304,3425],[2304,3426],[2304,3427],[2304,3428],[2304,3429],[2304,3430],[2304,3431],[2304,3432],[2304,3433],[2304,3434],[2304,3435],[2304,3436],[2304,3437],[2304,3438],[2304,3439],[2304,3440],[2304,3441],[2304,3442],[2304,3443],[2304,3444],[2304,3445],[2304,3446],[2304,3447],[2304,3448],[2304,3449],[2304,3450],[2304,3451],[2304,3452],[2304,3453],[2304,3454],[2304,3455],[2303,3455],[2302,3455],[2301,3455],[2301,3456],[2300,3456],[2299,3456],[2299,3455],[2298,3455],[2297,3455],[2296,3455],[2295,3455],[2294,3455],[2293,3455],[2293,3456],[2292,3456],[2291,3456],[2290,3456],[2289,3456],[2288,3456],[2287,3456],[2286,3456],[2285,3456],[2284,3456],[2283,3456],[2282,3456],[2281,3456],[2280,3456],[2279,3456],[2278,3456],[2277,3456],[2276,3456],[2275,3456],[2274,3456],[2273,3456],[2272,3456],[2271,3456],[2270,3456],[2269,3456],[2268,3456],[2267,3456],[2266,3456],[2265,3456],[2264,3456],[2263,3456],[2262,3456],[2261,3456],[2260,3456],[2259,3456],[2258,3456],[2257,3456],[2256,3456],[2255,3456],[2254,3456],[2253,3456],[2252,3456],[2251,3456],[2250,3456],[2249,3456],[2248,3456],[2247,3456],[2246,3456],[2245,3456],[2244,3456],[2243,3456],[2242,3456],[2241,3456],[2240,3456],[2240,3455],[2240,3454],[2240,3453],[2240,3452],[2240,3451],[2240,3450],[2240,3449],[2240,3448],[2240,3447],[2240,3446],[2240,3445],[2240,3444],[2240,3443],[2240,3442],[2240,3441],[2240,3440],[2240,3439],[2240,3438],[2240,3437],[2240,3436],[2240,3435],[2240,3434],[2240,3433],[2240,3432],[2240,3431],[2240,3430],[2240,3429],[2240,3428],[2240,3427],[2240,3426],[2240,3425],[2240,3424],[2240,3423],[2240,3422],[2240,3421],[2240,3420],[2240,3419],[2240,3418],[2240,3417],[2240,3416],[2240,3415],[2240,3414],[2240,3413],[2240,3412],[2240,3411],[2240,3410],[2240,3409],[2240,3408],[2240,3407],[2240,3406],[2240,3405],[2240,3404],[2240,3403],[2240,3402],[2240,3401],[2240,3400],[2240,3399],[2240,3398],[2240,3397],[2240,3396],[2240,3395],[2240,3394],[2240,3393],[2240,3392]]],[[[2240,3392],[2240,3393],[2240,3394],[2240,3395],[2240,3396],[2240,3397],[2240,3398],[2240,3399],[2240,3400],[2240,3401],[2240,3402],[2240,3403],[2240,3404],[2240,3405],[2240,3406],[2240,3407],[2240,3408],[2240,3409],[2240,3410],[2240,3411],[2240,3412],[2240,3413],[2240,3414],[2240,3415],[2240,3416],[2240,3417],[2240,3418],[2240,3419],[2240,3420],[2240,3421],[2240,3422],[2240,3423],[2240,3424],[2240,3425],[2240,3426],[2240,3427],[2240,3428],[2240,3429],[2240,3430],[2240,3431],[2240,3432],[2240,3433],[2240,3434],[2240,3435],[2240,3436],[2240,3437],[2240,3438],[2240,3439],[2240,3440],[2240,3441],[2240,3442],[2240,3443],[2240,3444],[2240,3445],[2240,3446],[2240,3447],[2240,3448],[2240,3449],[2240,3450],[2240,3451],[2240,3452],[2240,3453],[2240,3454],[2240,3455],[2240,3456],[2241,3456],[2242,3456],[2243,3456],[2244,3456],[2245,3456],[2246,3456],[2247,3456],[2248,3456],[2249,3456],[2250,3456],[2251,3456],[2252,3456],[2253,3456],[2254,3456],[2255,3456],[2256,3456],[2257,3456],[2258,3456],[2259,3456],[2260,3456],[2261,3456],[2262,3456],[2263,3456],[2264,3456],[2265,3456],[2266,3456],[2267,3456],[2268,3456],[2269,3456],[2270,3456],[2271,3456],[2272,3456],[2273,3456],[2274,3456],[2275,3456],[2276,3456],[2277,3456],[2278,3456],[2279,3456],[2280,3456],[2281,3456],[2282,3456],[2283,3456],[2284,3456],[2285,3456],[2286,3456],[2287,3456],[2288,3456],[2289,3456],[2290,3456],[2291,3456],[2292,3456],[2293,3456],[2293,3455],[2294,3455],[2295,3455],[2296,3455],[2297,3455],[2298,3455],[2299,3455],[2299,3456],[2300,3456],[2301,3456],[2301,3455],[2302,3455],[2303,3455],[2304,3455],[2304,3454],[2304,3453],[2304,3452],[2304,3451],[2304,3450],[2304,3449],[2304,3448],[2304,3447],[2304,3446],[2304,3445],[2304,3444],[2304,3443],[2304,3442],[2304,3441],[2304,3440],[2304,3439],[2304,3438],[2304,3437],[2304,3436],[2304,3435],[2304,3434],[2304,3433],[2304,3432],[2304,3431],[2304,3430],[2304,3429],[2304,3428],[2304,3427],[2304,3426],[2304,3425],[2304,3424],[2304,3423],[2304,3422],[2304,3421],[2304,3420],[2304,3419],[2304,3418],[2304,3417],[2304,3416],[2304,3415],[2304,3414],[2304,3413],[2304,3412],[2304,3411],[2304,3410],[2304,3409],[2304,3408],[2304,3407],[2304,3406],[2304,3405],[2304,3404],[2304,3403],[2304,3402],[2304,3401],[2304,3400],[2304,3399],[2304,3398],[2304,3397],[2304,3396],[2304,3395],[2304,3394],[2304,3393],[2304,3392],[2303,3392],[2302,3392],[2301,3392],[2300,3392],[2299,3392],[2298,3392],[2297,3392],[2296,3392],[2295,3392],[2294,3392],[2293,3392],[2292,3392],[2291,3392],[2290,3392],[2289,3392],[2288,3392],[2287,3392],[2286,3392],[2285,3392],[2284,3392],[2283,3392],[2282,3392],[2281,3392],[2280,3392],[2279,3392],[2278,3392],[2277,3392],[2276,3392],[2275,3392],[2274,3392],[2273,3392],[2272,3392],[2271,3392],[2270,3392],[2269,3392],[2268,3392],[2267,3392],[2266,3392],[2265,3392],[2264,3392],[2263,3392],[2262,3392],[2261,3392],[2260,3392],[2259,3392],[2258,3392],[2257,3392],[2256,3392],[2255,3392],[2254,3392],[2253,3392],[2252,3392],[2251,3392],[2250,3392],[2249,3392],[2248,3392],[2247,3392],[2246,3392],[2245,3392],[2244,3392],[2243,3392],[2242,3392],[2241,3392],[2240,3392]]],[[[2304,3136],[2305,3136],[2306,3136],[2307,3136],[2308,3136],[2309,3136],[2310,3136],[2311,3136],[2312,3136],[2313,3136],[2314,3136],[2315,3136],[2316,3136],[2317,3136],[2318,3136],[2319,3136],[2320,3136],[2321,3136],[2322,3136],[2323,3136],[2324,3136],[2325,3136],[2326,3136],[2327,3136],[2328,3136],[2329,3136],[2330,3136],[2331,3136],[2332,3136],[2333,3136],[2334,3136],[2335,3136],[2336,3136],[2337,3136],[2338,3136],[2339,3136],[2340,3136],[2341,3136],[2342,3136],[2343,3136],[2344,3136],[2345,3136],[2346,3136],[2347,3136],[2348,3136],[2349,3136],[2350,3136],[2351,3136],[2352,3136],[2353,3136],[2354,3136],[2355,3136],[2356,3136],[2357,3136],[2358,3136],[2359,3136],[2360,3136],[2361,3136],[2362,3136],[2363,3136],[2363,3137],[2364,3137],[2364,3138],[2365,3138],[2365,3139],[2366,3139],[2366,3140],[2367,3140],[2368,3140],[2368,3141],[2368,3142],[2368,3143],[2368,3144],[2368,3145],[2368,3146],[2368,3147],[2368,3148],[2368,3149],[2368,3150],[2368,3151],[2368,3152],[2368,3153],[2368,3154],[2368,3155],[2368,3156],[2368,3157],[2368,3158],[2368,3159],[2368,3160],[2368,3161],[2368,3162],[2368,3163],[2368,3164],[2368,3165],[2368,3166],[2368,3167],[2368,3168],[2368,3169],[2368,3170],[2368,3171],[2368,3172],[2368,3173],[2368,3174],[2368,3175],[2368,3176],[2368,3177],[2368,3178],[2368,3179],[2368,3180],[2368,3181],[2368,3182],[2368,3183],[2368,3184],[2368,3185],[2368,3186],[2368,3187],[2368,3188],[2368,3189],[2368,3190],[2368,3191],[2368,3192],[2368,3193],[2368,3194],[2368,3195],[2368,3196],[2368,3197],[2368,3198],[2368,3199],[2368,3200],[2367,3200],[2366,3200],[2365,3200],[2364,3200],[2363,3200],[2362,3200],[2361,3200],[2360,3200],[2359,3200],[2358,3200],[2357,3200],[2356,3200],[2355,3200],[2354,3200],[2353,3200],[2352,3200],[2351,3200],[2350,3200],[2349,3200],[2348,3200],[2347,3200],[2346,3200],[2345,3200],[2344,3200],[2343,3200],[2342,3200],[2341,3200],[2340,3200],[2339,3200],[2338,3200],[2337,3200],[2336,3200],[2335,3200],[2334,3200],[2333,3200],[2332,3200],[2331,3200],[2330,3200],[2329,3200],[2328,3200],[2327,3200],[2326,3200],[2325,3200],[2324,3200],[2323,3200],[2322,3200],[2321,3200],[2320,3200],[2319,3200],[2318,3200],[2317,3200],[2316,3200],[2315,3200],[2314,3200],[2313,3200],[2312,3200],[2311,3200],[2310,3200],[2309,3200],[2308,3200],[2307,3200],[2306,3200],[2305,3200],[2304,3200],[2304,3199],[2304,3198],[2304,3197],[2304,3196],[2304,3195],[2304,3194],[2304,3193],[2304,3192],[2304,3191],[2304,3190],[2304,3189],[2304,3188],[2304,3187],[2304,3186],[2304,3185],[2304,3184],[2304,3183],[2304,3182],[2304,3181],[2304,3180],[2304,3179],[2304,3178],[2304,3177],[2304,3176],[2304,3175],[2304,3174],[2304,3173],[2304,3172],[2304,3171],[2304,3170],[2304,3169],[2304,3168],[2304,3167],[2304,3166],[2304,3165],[2304,3164],[2304,3163],[2304,3162],[2304,3161],[2304,3160],[2304,3159],[2304,3158],[2304,3157],[2304,3156],[2304,3155],[2304,3154],[2304,3153],[2304,3152],[2304,3151],[2304,3150],[2304,3149],[2304,3148],[2304,3147],[2304,3146],[2304,3145],[2304,3144],[2304,3143],[2304,3142],[2304,3141],[2304,3140],[2304,3139],[2304,3138],[2304,3137],[2304,3136]]],[[[2304,3136],[2304,3137],[2304,3138],[2304,3139],[2304,3140],[2304,3141],[2304,3142],[2304,3143],[2304,3144],[2304,3145],[2304,3146],[2304,3147],[2304,3148],[2304,3149],[2304,3150],[2304,3151],[2304,3152],[2304,3153],[2304,3154],[2304,3155],[2304,3156],[2304,3157],[2304,3158],[2304,3159],[2304,3160],[2304,3161],[2304,3162],[2304,3163],[2304,3164],[2304,3165],[2304,3166],[2304,3167],[2304,3168],[2304,3169],[2304,3170],[2304,3171],[2304,3172],[2304,3173],[2304,3174],[2304,3175],[2304,3176],[2304,3177],[2304,3178],[2304,3179],[2304,3180],[2304,3181],[2304,3182],[2304,3183],[2304,3184],[2304,3185],[2304,3186],[2304,3187],[2304,3188],[2304,3189],[2304,3190],[2304,3191],[2304,3192],[2304,3193],[2304,3194],[2304,3195],[2304,3196],[2304,3197],[2304,3198],[2304,3199],[2304,3200],[2305,3200],[2306,3200],[2307,3200],[2308,3200],[2309,3200],[2310,3200],[2311,3200],[2312,3200],[2313,3200],[2314,3200],[2315,3200],[2316,3200],[2317,3200],[2318,3200],[2319,3200],[2320,3200],[2321,3200],[2322,3200],[2323,3200],[2324,3200],[2325,3200],[2326,3200],[2327,3200],[2328,3200],[2329,3200],[2330,3200],[2331,3200],[2332,3200],[2333,3200],[2334,3200],[2335,3200],[2336,3200],[2337,3200],[2338,3200],[2339,3200],[2340,3200],[2341,3200],[2342,3200],[2343,3200],[2344,3200],[2345,3200],[2346,3200],[2347,3200],[2348,3200],[2349,3200],[2350,3200],[2351,3200],[2352,3200],[2353,3200],[2354,3200],[2355,3200],[2356,3200],[2357,3200],[2358,3200],[2359,3200],[2360,3200],[2361,3200],[2362,3200],[2363,3200],[2364,3200],[2365,3200],[2366,3200],[2367,3200],[2368,3200],[2368,3199],[2368,3198],[2368,3197],[2368,3196],[2368,3195],[2368,3194],[2368,3193],[2368,3192],[2368,3191],[2368,3190],[2368,3189],[2368,3188],[2368,3187],[2368,3186],[2368,3185],[2368,3184],[2368,3183],[2368,3182],[2368,3181],[2368,3180],[2368,3179],[2368,3178],[2368,3177],[2368,3176],[2368,3175],[2368,3174],[2368,3173],[2368,3172],[2368,3171],[2368,3170],[2368,3169],[2368,3168],[2368,3167],[2368,3166],[2368,3165],[2368,3164],[2368,3163],[2368,3162],[2368,3161],[2368,3160],[2368,3159],[2368,3158],[2368,3157],[2368,3156],[2368,3155],[2368,3154],[2368,3153],[2368,3152],[2368,3151],[2368,3150],[2368,3149],[2368,3148],[2368,3147],[2368,3146],[2368,3145],[2368,3144],[2368,3143],[2368,3142],[2368,3141],[2368,3140],[2367,3140],[2366,3140],[2366,3139],[2365,3139],[2365,3138],[2364,3138],[2364,3137],[2363,3137],[2363,3136],[2362,3136],[2361,3136],[2360,3136],[2359,3136],[2358,3136],[2357,3136],[2356,3136],[2355,3136],[2354,3136],[2353,3136],[2352,3136],[2351,3136],[2350,3136],[2349,3136],[2348,3136],[2347,3136],[2346,3136],[2345,3136],[2344,3136],[2343,3136],[2342,3136],[2341,3136],[2340,3136],[2339,3136],[2338,3136],[2337,3136],[2336,3136],[2335,3136],[2334,3136],[2333,3136],[2332,3136],[2331,3136],[2330,3136],[2329,3136],[2328,3136],[2327,3136],[2326,3136],[2325,3136],[2324,3136],[2323,3136],[2322,3136],[2321,3136],[2320,3136],[2319,3136],[2318,3136],[2317,3136],[2316,3136],[2315,3136],[2314,3136],[2313,3136],[2312,3136],[2311,3136],[2310,3136],[2309,3136],[2308,3136],[2307,3136],[2306,3136],[2305,3136],[2304,3136]]]]}},{"type":"Feature","properties":{"areaId":8,"name":"Fremennik","tileCount":318199,"partCount":81},"geometry":{"type":"MultiPolygon","coordinates":[[[[1792,4352],[1856,4352],[1856,4416],[1792,4416],[1792,4352]]],[[[1792,4416],[1856,4416],[1856,4480],[1792,4480],[1792,4416]]],[[[1856,4352],[1920,4352],[1920,4416],[1856,4416],[1856,4352]]],[[[1856,4416],[1920,4416],[1920,4480],[1856,4480],[1856,4416]]],[[[1920,4928],[1984,4928],[1984,4992],[1920,4992],[1920,4928]]],[[[1920,4992],[1984,4992],[1984,5056],[1920,5056],[1920,4992]]],[[[1984,4928],[2048,4928],[2048,4992],[1984,4992],[1984,4928]]],[[[1984,4992],[2048,4992],[2048,5056],[1984,5056],[1984,4992]]],[[[2048,3840],[2112,3840],[2112,3904],[2048,3904],[2048,3840]]],[[[2048,3904],[2112,3904],[2112,3968],[2048,3968],[2048,3904]]],[[[2112,3840],[2176,3840],[2176,3904],[2112,3904],[2112,3840]]],[[[2112,3904],[2176,3904],[2176,3968],[2112,3968],[2112,3904]]],[[[2240,4032],[2304,4032],[2304,4096],[2240,4096],[2240,4032]]],[[[2240,4096],[2304,4096],[2304,4160],[2240,4160],[2240,4096]]],[[[2304,3712],[2368,3712],[2368,3776],[2304,3776],[2304,3712]]],[[[2304,3776],[2368,3776],[2368,3840],[2304,3840],[2304,3776]]],[[[2304,3840],[2368,3840],[2368,3904],[2304,3904],[2304,3840]]],[[[2304,3904],[2368,3904],[2368,3968],[2304,3968],[2304,3904]]],[[[2304,4032],[2368,4032],[2368,4096],[2304,4096],[2304,4032]]],[[[2304,4096],[2368,4096],[2368,4160],[2304,4160],[2304,4096]]],[[[2368,3712],[2432,3712],[2432,3776],[2368,3776],[2368,3712]]],[[[2368,3776],[2432,3776],[2432,3840],[2368,3840],[2368,3776]]],[[[2368,3840],[2432,3840],[2432,3904],[2368,3904],[2368,3840]]],[[[2368,3904],[2432,3904],[2432,3968],[2368,3968],[2368,3904]]],[[[2432,3584],[2496,3584],[2496,3648],[2432,3648],[2432,3584]]],[[[2432,3648],[2496,3648],[2496,3712],[2432,3712],[2432,3648]]],[[[2432,3712],[2496,3712],[2496,3776],[2432,3776],[2432,3712]]],[[[2432,3776],[2496,3776],[2496,3840],[2432,3840],[2432,3776]]],[[[2432,3840],[2496,3840],[2496,3904],[2432,3904],[2432,3840]]],[[[2432,3904],[2496,3904],[2496,3968],[2432,3968],[2432,3904]]],[[[2496,3584],[2560,3584],[2560,3648],[2496,3648],[2496,3584]]],[[[2496,3648],[2560,3648],[2560,3712],[2496,3712],[2496,3648]]],[[[2496,3712],[2560,3712],[2560,3776],[2496,3776],[2496,3712]]],[[[2496,3776],[2560,3776],[2560,3840],[2496,3840],[2496,3776]]],[[[2496,3840],[2560,3840],[2560,3904],[2496,3904],[2496,3840]]],[[[2496,3904],[2560,3904],[2560,3968],[2496,3968],[2496,3904]]],[[[2560,3584],[2624,3584],[2624,3648],[2560,3648],[2560,3584]]],[[[2560,3648],[2624,3648],[2624,3712],[2560,3712],[2560,3648]]],[[[2560,3712],[2624,3712],[2624,3776],[2560,3776],[2560,3712]]],[[[2560,3776],[2624,3776],[2624,3840],[2560,3840],[2560,3776]]],[[[2560,3840],[2624,3840],[2624,3904],[2560,3904],[2560,3840]]],[[[2560,3904],[2624,3904],[2624,3968],[2560,3968],[2560,3904]]],[[[2624,3648],[2688,3648],[2688,3712],[2624,3712],[2624,3648]]],[[[2624,3712],[2688,3712],[2688,3776],[2624,3776],[2624,3712]]],[[[2624,3776],[2688,3776],[2688,3840],[2624,3840],[2624,3776]]],[[[2624,3840],[2688,3840],[2688,3904],[2624,3904],[2624,3840]]],[[[2624,3904],[2688,3904],[2688,3968],[2624,3968],[2624,3904]]],[[[2688,3648],[2752,3648],[2752,3712],[2688,3712],[2688,3648]]],[[[2688,3712],[2752,3712],[2752,3776],[2688,3776],[2688,3712]]],[[[2688,3776],[2752,3776],[2752,3840],[2688,3840],[2688,3776]]],[[[2688,3840],[2752,3840],[2752,3904],[2688,3904],[2688,3840]]],[[[2688,3904],[2752,3904],[2752,3968],[2688,3968],[2688,3904]]],[[[2688,9984],[2752,9984],[2752,10048],[2688,10048],[2688,9984]]],[[[2752,3648],[2816,3648],[2816,3712],[2752,3712],[2752,3648]]],[[[2752,3712],[2816,3712],[2816,3776],[2752,3776],[2752,3712]]],[[[2752,3776],[2816,3776],[2816,3840],[2752,3840],[2752,3776]]],[[[2752,3840],[2816,3840],[2816,3904],[2752,3904],[2752,3840]]],[[[2752,3904],[2816,3904],[2816,3968],[2752,3968],[2752,3904]]],[[[2752,9984],[2816,9984],[2816,10048],[2752,10048],[2752,9984]]],[[[2752,10112],[2816,10112],[2816,10176],[2752,10176],[2752,10112]]],[[[2752,10176],[2816,10176],[2816,10240],[2752,10240],[2752,10176]]],[[[2752,10240],[2816,10240],[2816,10304],[2752,10304],[2752,10240]]],[[[2752,10304],[2816,10304],[2816,10368],[2752,10368],[2752,10304]]],[[[2816,3712],[2880,3712],[2880,3776],[2816,3776],[2816,3712]]],[[[2816,3776],[2880,3776],[2880,3840],[2816,3840],[2816,3776]]],[[[2816,3840],[2880,3840],[2880,3904],[2816,3904],[2816,3840]]],[[[2816,3904],[2880,3904],[2880,3968],[2816,3968],[2816,3904]]],[[[2816,10112],[2880,10112],[2880,10176],[2816,10176],[2816,10112]]],[[[2816,10176],[2880,10176],[2880,10240],[2816,10240],[2816,10176]]],[[[2816,10240],[2880,10240],[2880,10304],[2816,10304],[2816,10240]]],[[[2816,10304],[2880,10304],[2880,10368],[2816,10368],[2816,10304]]],[[[2880,10112],[2944,10112],[2944,10176],[2880,10176],[2880,10112]]],[[[2880,10176],[2944,10176],[2944,10240],[2880,10240],[2880,10176]]],[[[2880,10240],[2944,10240],[2944,10304],[2880,10304],[2880,10240]]],[[[2880,10304],[2944,10304],[2944,10368],[2880,10368],[2880,10304]]],[[[2624,3584],[2625,3584],[2626,3584],[2627,3584],[2628,3584],[2628,3585],[2629,3585],[2630,3585],[2630,3586],[2631,3586],[2632,3586],[2632,3587],[2633,3587],[2633,3588],[2634,3588],[2635,3588],[2635,3589],[2636,3589],[2637,3589],[2638,3589],[2638,3590],[2639,3590],[2639,3589],[2640,3589],[2641,3589],[2641,3590],[2642,3590],[2642,3591],[2643,3591],[2644,3591],[2644,3592],[2645,3592],[2646,3592],[2647,3592],[2647,3593],[2648,3593],[2649,3593],[2649,3594],[2650,3594],[2651,3594],[2652,3594],[2652,3595],[2653,3595],[2654,3595],[2655,3595],[2655,3596],[2656,3596],[2656,3595],[2657,3595],[2657,3596],[2658,3596],[2658,3595],[2659,3595],[2659,3596],[2660,3596],[2661,3596],[2661,3597],[2662,3597],[2663,3597],[2664,3597],[2664,3598],[2665,3598],[2666,3598],[2667,3598],[2668,3598],[2668,3599],[2669,3599],[2669,3598],[2670,3598],[2670,3599],[2671,3599],[2672,3599],[2673,3599],[2673,3598],[2674,3598],[2675,3598],[2675,3599],[2676,3599],[2676,3600],[2677,3600],[2678,3600],[2678,3601],[2679,3601],[2679,3602],[2680,3602],[2680,3603],[2681,3603],[2682,3603],[2683,3603],[2684,3603],[2685,3603],[2685,3602],[2686,3602],[2686,3601],[2687,3601],[2687,3600],[2688,3600],[2688,3601],[2688,3602],[2688,3603],[2688,3604],[2688,3605],[2688,3606],[2688,3607],[2688,3608],[2688,3609],[2688,3610],[2688,3611],[2688,3612],[2688,3613],[2688,3614],[2688,3615],[2688,3616],[2688,3617],[2688,3618],[2688,3619],[2688,3620],[2688,3621],[2688,3622],[2688,3623],[2688,3624],[2688,3625],[2688,3626],[2688,3627],[2688,3628],[2688,3629],[2688,3630],[2688,3631],[2688,3632],[2688,3633],[2688,3634],[2688,3635],[2688,3636],[2688,3637],[2688,3638],[2688,3639],[2688,3640],[2688,3641],[2688,3642],[2688,3643],[2688,3644],[2688,3645],[2688,3646],[2688,3647],[2688,3648],[2687,3648],[2686,3648],[2685,3648],[2684,3648],[2683,3648],[2682,3648],[2681,3648],[2680,3648],[2679,3648],[2678,3648],[2677,3648],[2676,3648],[2675,3648],[2674,3648],[2673,3648],[2672,3648],[2671,3648],[2670,3648],[2669,3648],[2668,3648],[2667,3648],[2666,3648],[2665,3648],[2664,3648],[2663,3648],[2662,3648],[2661,3648],[2660,3648],[2659,3648],[2658,3648],[2657,3648],[2656,3648],[2655,3648],[2654,3648],[2653,3648],[2652,3648],[2651,3648],[2650,3648],[2649,3648],[2648,3648],[2647,3648],[2646,3648],[2645,3648],[2644,3648],[2643,3648],[2642,3648],[2641,3648],[2640,3648],[2639,3648],[2638,3648],[2637,3648],[2636,3648],[2635,3648],[2634,3648],[2633,3648],[2632,3648],[2631,3648],[2630,3648],[2629,3648],[2628,3648],[2627,3648],[2626,3648],[2625,3648],[2624,3648],[2624,3647],[2624,3646],[2624,3645],[2624,3644],[2624,3643],[2624,3642],[2624,3641],[2624,3640],[2624,3639],[2624,3638],[2624,3637],[2624,3636],[2624,3635],[2624,3634],[2624,3633],[2624,3632],[2624,3631],[2624,3630],[2624,3629],[2624,3628],[2624,3627],[2624,3626],[2624,3625],[2624,3624],[2624,3623],[2624,3622],[2624,3621],[2624,3620],[2624,3619],[2624,3618],[2624,3617],[2624,3616],[2624,3615],[2624,3614],[2624,3613],[2624,3612],[2624,3611],[2624,3610],[2624,3609],[2624,3608],[2624,3607],[2624,3606],[2624,3605],[2624,3604],[2624,3603],[2624,3602],[2624,3601],[2624,3600],[2624,3599],[2624,3598],[2624,3597],[2624,3596],[2624,3595],[2624,3594],[2624,3593],[2624,3592],[2624,3591],[2624,3590],[2624,3589],[2624,3588],[2624,3587],[2624,3586],[2624,3585],[2624,3584]]],[[[2624,3584],[2624,3585],[2624,3586],[2624,3587],[2624,3588],[2624,3589],[2624,3590],[2624,3591],[2624,3592],[2624,3593],[2624,3594],[2624,3595],[2624,3596],[2624,3597],[2624,3598],[2624,3599],[2624,3600],[2624,3601],[2624,3602],[2624,3603],[2624,3604],[2624,3605],[2624,3606],[2624,3607],[2624,3608],[2624,3609],[2624,3610],[2624,3611],[2624,3612],[2624,3613],[2624,3614],[2624,3615],[2624,3616],[2624,3617],[2624,3618],[2624,3619],[2624,3620],[2624,3621],[2624,3622],[2624,3623],[2624,3624],[2624,3625],[2624,3626],[2624,3627],[2624,3628],[2624,3629],[2624,3630],[2624,3631],[2624,3632],[2624,3633],[2624,3634],[2624,3635],[2624,3636],[2624,3637],[2624,3638],[2624,3639],[2624,3640],[2624,3641],[2624,3642],[2624,3643],[2624,3644],[2624,3645],[2624,3646],[2624,3647],[2624,3648],[2625,3648],[2626,3648],[2627,3648],[2628,3648],[2629,3648],[2630,3648],[2631,3648],[2632,3648],[2633,3648],[2634,3648],[2635,3648],[2636,3648],[2637,3648],[2638,3648],[2639,3648],[2640,3648],[2641,3648],[2642,3648],[2643,3648],[2644,3648],[2645,3648],[2646,3648],[2647,3648],[2648,3648],[2649,3648],[2650,3648],[2651,3648],[2652,3648],[2653,3648],[2654,3648],[2655,3648],[2656,3648],[2657,3648],[2658,3648],[2659,3648],[2660,3648],[2661,3648],[2662,3648],[2663,3648],[2664,3648],[2665,3648],[2666,3648],[2667,3648],[2668,3648],[2669,3648],[2670,3648],[2671,3648],[2672,3648],[2673,3648],[2674,3648],[2675,3648],[2676,3648],[2677,3648],[2678,3648],[2679,3648],[2680,3648],[2681,3648],[2682,3648],[2683,3648],[2684,3648],[2685,3648],[2686,3648],[2687,3648],[2688,3648],[2688,3647],[2688,3646],[2688,3645],[2688,3644],[2688,3643],[2688,3642],[2688,3641],[2688,3640],[2688,3639],[2688,3638],[2688,3637],[2688,3636],[2688,3635],[2688,3634],[2688,3633],[2688,3632],[2688,3631],[2688,3630],[2688,3629],[2688,3628],[2688,3627],[2688,3626],[2688,3625],[2688,3624],[2688,3623],[2688,3622],[2688,3621],[2688,3620],[2688,3619],[2688,3618],[2688,3617],[2688,3616],[2688,3615],[2688,3614],[2688,3613],[2688,3612],[2688,3611],[2688,3610],[2688,3609],[2688,3608],[2688,3607],[2688,3606],[2688,3605],[2688,3604],[2688,3603],[2688,3602],[2688,3601],[2688,3600],[2687,3600],[2687,3601],[2686,3601],[2686,3602],[2685,3602],[2685,3603],[2684,3603],[2683,3603],[2682,3603],[2681,3603],[2680,3603],[2680,3602],[2679,3602],[2679,3601],[2678,3601],[2678,3600],[2677,3600],[2676,3600],[2676,3599],[2675,3599],[2675,3598],[2674,3598],[2673,3598],[2673,3599],[2672,3599],[2671,3599],[2670,3599],[2670,3598],[2669,3598],[2669,3599],[2668,3599],[2668,3598],[2667,3598],[2666,3598],[2665,3598],[2664,3598],[2664,3597],[2663,3597],[2662,3597],[2661,3597],[2661,3596],[2660,3596],[2659,3596],[2659,3595],[2658,3595],[2658,3596],[2657,3596],[2657,3595],[2656,3595],[2656,3596],[2655,3596],[2655,3595],[2654,3595],[2653,3595],[2652,3595],[2652,3594],[2651,3594],[2650,3594],[2649,3594],[2649,3593],[2648,3593],[2647,3593],[2647,3592],[2646,3592],[2645,3592],[2644,3592],[2644,3591],[2643,3591],[2642,3591],[2642,3590],[2641,3590],[2641,3589],[2640,3589],[2639,3589],[2639,3590],[2638,3590],[2638,3589],[2637,3589],[2636,3589],[2635,3589],[2635,3588],[2634,3588],[2633,3588],[2633,3587],[2632,3587],[2632,3586],[2631,3586],[2630,3586],[2630,3585],[2629,3585],[2628,3585],[2628,3584],[2627,3584],[2626,3584],[2625,3584],[2624,3584]]],[[[2741,3587],[2742,3587],[2743,3587],[2744,3587],[2745,3587],[2746,3587],[2746,3588],[2747,3588],[2748,3588],[2749,3588],[2749,3589],[2750,3589],[2750,3588],[2751,3588],[2751,3589],[2752,3589],[2752,3590],[2752,3591],[2752,3592],[2752,3593],[2752,3594],[2752,3595],[2752,3596],[2752,3597],[2752,3598],[2752,3599],[2752,3600],[2752,3601],[2752,3602],[2752,3603],[2752,3604],[2752,3605],[2752,3606],[2752,3607],[2752,3608],[2752,3609],[2752,3610],[2752,3611],[2752,3612],[2752,3613],[2752,3614],[2752,3615],[2752,3616],[2752,3617],[2752,3618],[2752,3619],[2752,3620],[2752,3621],[2752,3622],[2752,3623],[2752,3624],[2752,3625],[2752,3626],[2752,3627],[2752,3628],[2752,3629],[2752,3630],[2752,3631],[2752,3632],[2752,3633],[2752,3634],[2752,3635],[2752,3636],[2752,3637],[2752,3638],[2752,3639],[2752,3640],[2752,3641],[2752,3642],[2752,3643],[2752,3644],[2752,3645],[2752,3646],[2752,3647],[2752,3648],[2751,3648],[2750,3648],[2749,3648],[2748,3648],[2747,3648],[2746,3648],[2745,3648],[2744,3648],[2743,3648],[2742,3648],[2741,3648],[2740,3648],[2739,3648],[2738,3648],[2737,3648],[2736,3648],[2735,3648],[2734,3648],[2733,3648],[2732,3648],[2731,3648],[2730,3648],[2729,3648],[2728,3648],[2727,3648],[2726,3648],[2725,3648],[2724,3648],[2723,3648],[2722,3648],[2721,3648],[2720,3648],[2719,3648],[2718,3648],[2717,3648],[2716,3648],[2715,3648],[2714,3648],[2713,3648],[2712,3648],[2711,3648],[2710,3648],[2709,3648],[2708,3648],[2707,3648],[2706,3648],[2705,3648],[2704,3648],[2703,3648],[2702,3648],[2701,3648],[2700,3648],[2699,3648],[2698,3648],[2697,3648],[2696,3648],[2695,3648],[2694,3648],[2693,3648],[2692,3648],[2691,3648],[2690,3648],[2689,3648],[2688,3648],[2688,3647],[2688,3646],[2688,3645],[2688,3644],[2688,3643],[2688,3642],[2688,3641],[2688,3640],[2688,3639],[2688,3638],[2688,3637],[2688,3636],[2688,3635],[2688,3634],[2688,3633],[2688,3632],[2688,3631],[2688,3630],[2688,3629],[2688,3628],[2688,3627],[2688,3626],[2688,3625],[2688,3624],[2688,3623],[2688,3622],[2688,3621],[2688,3620],[2688,3619],[2688,3618],[2688,3617],[2688,3616],[2688,3615],[2688,3614],[2688,3613],[2688,3612],[2688,3611],[2688,3610],[2688,3609],[2688,3608],[2688,3607],[2688,3606],[2688,3605],[2688,3604],[2688,3603],[2688,3602],[2688,3601],[2688,3600],[2688,3599],[2688,3598],[2688,3597],[2689,3597],[2690,3597],[2690,3596],[2691,3596],[2692,3596],[2692,3597],[2693,3597],[2693,3596],[2694,3596],[2695,3596],[2696,3596],[2696,3597],[2697,3597],[2697,3596],[2698,3596],[2699,3596],[2700,3596],[2700,3595],[2701,3595],[2702,3595],[2702,3596],[2703,3596],[2704,3596],[2704,3595],[2705,3595],[2706,3595],[2707,3595],[2707,3594],[2708,3594],[2708,3595],[2709,3595],[2710,3595],[2711,3595],[2711,3596],[2712,3596],[2712,3595],[2713,3595],[2714,3595],[2715,3595],[2716,3595],[2716,3596],[2717,3596],[2717,3595],[2718,3595],[2719,3595],[2719,3596],[2720,3596],[2720,3595],[2721,3595],[2722,3595],[2723,3595],[2723,3594],[2724,3594],[2725,3594],[2725,3593],[2726,3593],[2727,3593],[2727,3592],[2728,3592],[2729,3592],[2730,3592],[2730,3591],[2731,3591],[2732,3591],[2733,3591],[2734,3591],[2735,3591],[2736,3591],[2737,3591],[2738,3591],[2738,3590],[2739,3590],[2739,3589],[2740,3589],[2740,3588],[2741,3588],[2741,3587]]],[[[2741,3587],[2741,3588],[2740,3588],[2740,3589],[2739,3589],[2739,3590],[2738,3590],[2738,3591],[2737,3591],[2736,3591],[2735,3591],[2734,3591],[2733,3591],[2732,3591],[2731,3591],[2730,3591],[2730,3592],[2729,3592],[2728,3592],[2727,3592],[2727,3593],[2726,3593],[2725,3593],[2725,3594],[2724,3594],[2723,3594],[2723,3595],[2722,3595],[2721,3595],[2720,3595],[2720,3596],[2719,3596],[2719,3595],[2718,3595],[2717,3595],[2717,3596],[2716,3596],[2716,3595],[2715,3595],[2714,3595],[2713,3595],[2712,3595],[2712,3596],[2711,3596],[2711,3595],[2710,3595],[2709,3595],[2708,3595],[2708,3594],[2707,3594],[2707,3595],[2706,3595],[2705,3595],[2704,3595],[2704,3596],[2703,3596],[2702,3596],[2702,3595],[2701,3595],[2700,3595],[2700,3596],[2699,3596],[2698,3596],[2697,3596],[2697,3597],[2696,3597],[2696,3596],[2695,3596],[2694,3596],[2693,3596],[2693,3597],[2692,3597],[2692,3596],[2691,3596],[2690,3596],[2690,3597],[2689,3597],[2688,3597],[2688,3598],[2688,3599],[2688,3600],[2688,3601],[2688,3602],[2688,3603],[2688,3604],[2688,3605],[2688,3606],[2688,3607],[2688,3608],[2688,3609],[2688,3610],[2688,3611],[2688,3612],[2688,3613],[2688,3614],[2688,3615],[2688,3616],[2688,3617],[2688,3618],[2688,3619],[2688,3620],[2688,3621],[2688,3622],[2688,3623],[2688,3624],[2688,3625],[2688,3626],[2688,3627],[2688,3628],[2688,3629],[2688,3630],[2688,3631],[2688,3632],[2688,3633],[2688,3634],[2688,3635],[2688,3636],[2688,3637],[2688,3638],[2688,3639],[2688,3640],[2688,3641],[2688,3642],[2688,3643],[2688,3644],[2688,3645],[2688,3646],[2688,3647],[2688,3648],[2689,3648],[2690,3648],[2691,3648],[2692,3648],[2693,3648],[2694,3648],[2695,3648],[2696,3648],[2697,3648],[2698,3648],[2699,3648],[2700,3648],[2701,3648],[2702,3648],[2703,3648],[2704,3648],[2705,3648],[2706,3648],[2707,3648],[2708,3648],[2709,3648],[2710,3648],[2711,3648],[2712,3648],[2713,3648],[2714,3648],[2715,3648],[2716,3648],[2717,3648],[2718,3648],[2719,3648],[2720,3648],[2721,3648],[2722,3648],[2723,3648],[2724,3648],[2725,3648],[2726,3648],[2727,3648],[2728,3648],[2729,3648],[2730,3648],[2731,3648],[2732,3648],[2733,3648],[2734,3648],[2735,3648],[2736,3648],[2737,3648],[2738,3648],[2739,3648],[2740,3648],[2741,3648],[2742,3648],[2743,3648],[2744,3648],[2745,3648],[2746,3648],[2747,3648],[2748,3648],[2749,3648],[2750,3648],[2751,3648],[2752,3648],[2752,3647],[2752,3646],[2752,3645],[2752,3644],[2752,3643],[2752,3642],[2752,3641],[2752,3640],[2752,3639],[2752,3638],[2752,3637],[2752,3636],[2752,3635],[2752,3634],[2752,3633],[2752,3632],[2752,3631],[2752,3630],[2752,3629],[2752,3628],[2752,3627],[2752,3626],[2752,3625],[2752,3624],[2752,3623],[2752,3622],[2752,3621],[2752,3620],[2752,3619],[2752,3618],[2752,3617],[2752,3616],[2752,3615],[2752,3614],[2752,3613],[2752,3612],[2752,3611],[2752,3610],[2752,3609],[2752,3608],[2752,3607],[2752,3606],[2752,3605],[2752,3604],[2752,3603],[2752,3602],[2752,3601],[2752,3600],[2752,3599],[2752,3598],[2752,3597],[2752,3596],[2752,3595],[2752,3594],[2752,3593],[2752,3592],[2752,3591],[2752,3590],[2752,3589],[2751,3589],[2751,3588],[2750,3588],[2750,3589],[2749,3589],[2749,3588],[2748,3588],[2747,3588],[2746,3588],[2746,3587],[2745,3587],[2744,3587],[2743,3587],[2742,3587],[2741,3587]]],[[[2760,3584],[2761,3584],[2762,3584],[2763,3584],[2764,3584],[2765,3584],[2766,3584],[2767,3584],[2768,3584],[2769,3584],[2770,3584],[2771,3584],[2772,3584],[2773,3584],[2774,3584],[2775,3584],[2776,3584],[2777,3584],[2778,3584],[2779,3584],[2780,3584],[2781,3584],[2782,3584],[2783,3584],[2784,3584],[2785,3584],[2786,3584],[2787,3584],[2788,3584],[2789,3584],[2790,3584],[2791,3584],[2792,3584],[2793,3584],[2794,3584],[2795,3584],[2796,3584],[2797,3584],[2798,3584],[2799,3584],[2800,3584],[2801,3584],[2802,3584],[2803,3584],[2804,3584],[2805,3584],[2806,3584],[2807,3584],[2808,3584],[2809,3584],[2810,3584],[2811,3584],[2812,3584],[2813,3584],[2814,3584],[2815,3584],[2816,3584],[2816,3585],[2816,3586],[2816,3587],[2816,3588],[2816,3589],[2816,3590],[2816,3591],[2816,3592],[2816,3593],[2816,3594],[2816,3595],[2816,3596],[2816,3597],[2816,3598],[2816,3599],[2816,3600],[2816,3601],[2816,3602],[2816,3603],[2816,3604],[2816,3605],[2816,3606],[2816,3607],[2816,3608],[2816,3609],[2816,3610],[2816,3611],[2816,3612],[2816,3613],[2816,3614],[2816,3615],[2816,3616],[2816,3617],[2816,3618],[2816,3619],[2816,3620],[2816,3621],[2816,3622],[2816,3623],[2816,3624],[2816,3625],[2816,3626],[2816,3627],[2816,3628],[2816,3629],[2816,3630],[2816,3631],[2816,3632],[2816,3633],[2816,3634],[2816,3635],[2816,3636],[2816,3637],[2816,3638],[2816,3639],[2816,3640],[2816,3641],[2816,3642],[2816,3643],[2816,3644],[2816,3645],[2816,3646],[2816,3647],[2816,3648],[2815,3648],[2814,3648],[2813,3648],[2812,3648],[2811,3648],[2810,3648],[2809,3648],[2808,3648],[2807,3648],[2806,3648],[2805,3648],[2804,3648],[2803,3648],[2802,3648],[2801,3648],[2800,3648],[2799,3648],[2798,3648],[2797,3648],[2796,3648],[2795,3648],[2794,3648],[2793,3648],[2792,3648],[2791,3648],[2790,3648],[2789,3648],[2788,3648],[2787,3648],[2786,3648],[2785,3648],[2784,3648],[2783,3648],[2782,3648],[2781,3648],[2780,3648],[2779,3648],[2778,3648],[2777,3648],[2776,3648],[2775,3648],[2774,3648],[2773,3648],[2772,3648],[2771,3648],[2770,3648],[2769,3648],[2768,3648],[2767,3648],[2766,3648],[2765,3648],[2764,3648],[2763,3648],[2762,3648],[2761,3648],[2760,3648],[2759,3648],[2758,3648],[2757,3648],[2756,3648],[2755,3648],[2754,3648],[2753,3648],[2752,3648],[2752,3647],[2752,3646],[2752,3645],[2752,3644],[2752,3643],[2752,3642],[2752,3641],[2752,3640],[2752,3639],[2752,3638],[2752,3637],[2752,3636],[2752,3635],[2752,3634],[2752,3633],[2752,3632],[2752,3631],[2752,3630],[2752,3629],[2752,3628],[2752,3627],[2752,3626],[2752,3625],[2752,3624],[2752,3623],[2752,3622],[2752,3621],[2752,3620],[2752,3619],[2752,3618],[2752,3617],[2752,3616],[2752,3615],[2752,3614],[2752,3613],[2752,3612],[2752,3611],[2752,3610],[2752,3609],[2752,3608],[2752,3607],[2752,3606],[2752,3605],[2752,3604],[2752,3603],[2752,3602],[2752,3601],[2752,3600],[2752,3599],[2752,3598],[2752,3597],[2752,3596],[2752,3595],[2752,3594],[2752,3593],[2752,3592],[2752,3591],[2752,3590],[2753,3590],[2754,3590],[2755,3590],[2756,3590],[2757,3590],[2757,3589],[2758,3589],[2758,3588],[2759,3588],[2759,3587],[2760,3587],[2760,3586],[2760,3585],[2760,3584]]],[[[2760,3584],[2760,3585],[2760,3586],[2760,3587],[2759,3587],[2759,3588],[2758,3588],[2758,3589],[2757,3589],[2757,3590],[2756,3590],[2755,3590],[2754,3590],[2753,3590],[2752,3590],[2752,3591],[2752,3592],[2752,3593],[2752,3594],[2752,3595],[2752,3596],[2752,3597],[2752,3598],[2752,3599],[2752,3600],[2752,3601],[2752,3602],[2752,3603],[2752,3604],[2752,3605],[2752,3606],[2752,3607],[2752,3608],[2752,3609],[2752,3610],[2752,3611],[2752,3612],[2752,3613],[2752,3614],[2752,3615],[2752,3616],[2752,3617],[2752,3618],[2752,3619],[2752,3620],[2752,3621],[2752,3622],[2752,3623],[2752,3624],[2752,3625],[2752,3626],[2752,3627],[2752,3628],[2752,3629],[2752,3630],[2752,3631],[2752,3632],[2752,3633],[2752,3634],[2752,3635],[2752,3636],[2752,3637],[2752,3638],[2752,3639],[2752,3640],[2752,3641],[2752,3642],[2752,3643],[2752,3644],[2752,3645],[2752,3646],[2752,3647],[2752,3648],[2753,3648],[2754,3648],[2755,3648],[2756,3648],[2757,3648],[2758,3648],[2759,3648],[2760,3648],[2761,3648],[2762,3648],[2763,3648],[2764,3648],[2765,3648],[2766,3648],[2767,3648],[2768,3648],[2769,3648],[2770,3648],[2771,3648],[2772,3648],[2773,3648],[2774,3648],[2775,3648],[2776,3648],[2777,3648],[2778,3648],[2779,3648],[2780,3648],[2781,3648],[2782,3648],[2783,3648],[2784,3648],[2785,3648],[2786,3648],[2787,3648],[2788,3648],[2789,3648],[2790,3648],[2791,3648],[2792,3648],[2793,3648],[2794,3648],[2795,3648],[2796,3648],[2797,3648],[2798,3648],[2799,3648],[2800,3648],[2801,3648],[2802,3648],[2803,3648],[2804,3648],[2805,3648],[2806,3648],[2807,3648],[2808,3648],[2809,3648],[2810,3648],[2811,3648],[2812,3648],[2813,3648],[2814,3648],[2815,3648],[2816,3648],[2816,3647],[2816,3646],[2816,3645],[2816,3644],[2816,3643],[2816,3642],[2816,3641],[2816,3640],[2816,3639],[2816,3638],[2816,3637],[2816,3636],[2816,3635],[2816,3634],[2816,3633],[2816,3632],[2816,3631],[2816,3630],[2816,3629],[2816,3628],[2816,3627],[2816,3626],[2816,3625],[2816,3624],[2816,3623],[2816,3622],[2816,3621],[2816,3620],[2816,3619],[2816,3618],[2816,3617],[2816,3616],[2816,3615],[2816,3614],[2816,3613],[2816,3612],[2816,3611],[2816,3610],[2816,3609],[2816,3608],[2816,3607],[2816,3606],[2816,3605],[2816,3604],[2816,3603],[2816,3602],[2816,3601],[2816,3600],[2816,3599],[2816,3598],[2816,3597],[2816,3596],[2816,3595],[2816,3594],[2816,3593],[2816,3592],[2816,3591],[2816,3590],[2816,3589],[2816,3588],[2816,3587],[2816,3586],[2816,3585],[2816,3584],[2815,3584],[2814,3584],[2813,3584],[2812,3584],[2811,3584],[2810,3584],[2809,3584],[2808,3584],[2807,3584],[2806,3584],[2805,3584],[2804,3584],[2803,3584],[2802,3584],[2801,3584],[2800,3584],[2799,3584],[2798,3584],[2797,3584],[2796,3584],[2795,3584],[2794,3584],[2793,3584],[2792,3584],[2791,3584],[2790,3584],[2789,3584],[2788,3584],[2787,3584],[2786,3584],[2785,3584],[2784,3584],[2783,3584],[2782,3584],[2781,3584],[2780,3584],[2779,3584],[2778,3584],[2777,3584],[2776,3584],[2775,3584],[2774,3584],[2773,3584],[2772,3584],[2771,3584],[2770,3584],[2769,3584],[2768,3584],[2767,3584],[2766,3584],[2765,3584],[2764,3584],[2763,3584],[2762,3584],[2761,3584],[2760,3584]]]]}},{"type":"Feature","properties":{"areaId":11,"name":"Wilderness","tileCount":416211,"partCount":106},"geometry":{"type":"MultiPolygon","coordinates":[[[[2496,4672],[2560,4672],[2560,4736],[2496,4736],[2496,4672]]],[[[2496,4736],[2560,4736],[2560,4800],[2496,4800],[2496,4736]]],[[[2560,4672],[2624,4672],[2624,4736],[2560,4736],[2560,4672]]],[[[2560,4736],[2624,4736],[2624,4800],[2560,4800],[2560,4736]]],[[[2944,3584],[3008,3584],[3008,3648],[2944,3648],[2944,3584]]],[[[2944,3648],[3008,3648],[3008,3712],[2944,3712],[2944,3648]]],[[[2944,3712],[3008,3712],[3008,3776],[2944,3776],[2944,3712]]],[[[2944,3776],[3008,3776],[3008,3840],[2944,3840],[2944,3776]]],[[[2944,3840],[3008,3840],[3008,3904],[2944,3904],[2944,3840]]],[[[2944,3904],[3008,3904],[3008,3968],[2944,3968],[2944,3904]]],[[[2944,9920],[3008,9920],[3008,9984],[2944,9984],[2944,9920]]],[[[2944,9984],[3008,9984],[3008,10048],[2944,10048],[2944,9984]]],[[[2944,10048],[3008,10048],[3008,10112],[2944,10112],[2944,10048]]],[[[2944,10112],[3008,10112],[3008,10176],[2944,10176],[2944,10112]]],[[[2944,10176],[3008,10176],[3008,10240],[2944,10240],[2944,10176]]],[[[2944,10240],[3008,10240],[3008,10304],[2944,10304],[2944,10240]]],[[[2944,10304],[3008,10304],[3008,10368],[2944,10368],[2944,10304]]],[[[3008,3584],[3072,3584],[3072,3648],[3008,3648],[3008,3584]]],[[[3008,3648],[3072,3648],[3072,3712],[3008,3712],[3008,3648]]],[[[3008,3712],[3072,3712],[3072,3776],[3008,3776],[3008,3712]]],[[[3008,3776],[3072,3776],[3072,3840],[3008,3840],[3008,3776]]],[[[3008,3840],[3072,3840],[3072,3904],[3008,3904],[3008,3840]]],[[[3008,3904],[3072,3904],[3072,3968],[3008,3968],[3008,3904]]],[[[3008,9920],[3072,9920],[3072,9984],[3008,9984],[3008,9920]]],[[[3008,9984],[3072,9984],[3072,10048],[3008,10048],[3008,9984]]],[[[3008,10048],[3072,10048],[3072,10112],[3008,10112],[3008,10048]]],[[[3008,10112],[3072,10112],[3072,10176],[3008,10176],[3008,10112]]],[[[3008,10176],[3072,10176],[3072,10240],[3008,10240],[3008,10176]]],[[[3008,10240],[3072,10240],[3072,10304],[3008,10304],[3008,10240]]],[[[3008,10304],[3072,10304],[3072,10368],[3008,10368],[3008,10304]]],[[[3072,3520],[3136,3520],[3136,3584],[3072,3584],[3072,3520]]],[[[3072,3584],[3136,3584],[3136,3648],[3072,3648],[3072,3584]]],[[[3072,3648],[3136,3648],[3136,3712],[3072,3712],[3072,3648]]],[[[3072,3712],[3136,3712],[3136,3776],[3072,3776],[3072,3712]]],[[[3072,3776],[3136,3776],[3136,3840],[3072,3840],[3072,3776]]],[[[3072,3840],[3136,3840],[3136,3904],[3072,3904],[3072,3840]]],[[[3072,3904],[3136,3904],[3136,3968],[3072,3968],[3072,3904]]],[[[3072,9920],[3136,9920],[3136,9984],[3072,9984],[3072,9920]]],[[[3072,9984],[3136,9984],[3136,10048],[3072,10048],[3072,9984]]],[[[3072,10048],[3136,10048],[3136,10112],[3072,10112],[3072,10048]]],[[[3072,10112],[3136,10112],[3136,10176],[3072,10176],[3072,10112]]],[[[3072,10176],[3136,10176],[3136,10240],[3072,10240],[3072,10176]]],[[[3072,10240],[3136,10240],[3136,10304],[3072,10304],[3072,10240]]],[[[3072,10304],[3136,10304],[3136,10368],[3072,10368],[3072,10304]]],[[[3136,3520],[3200,3520],[3200,3584],[3136,3584],[3136,3520]]],[[[3136,3584],[3200,3584],[3200,3648],[3136,3648],[3136,3584]]],[[[3136,3648],[3200,3648],[3200,3712],[3136,3712],[3136,3648]]],[[[3136,3712],[3200,3712],[3200,3776],[3136,3776],[3136,3712]]],[[[3136,3776],[3200,3776],[3200,3840],[3136,3840],[3136,3776]]],[[[3136,3840],[3200,3840],[3200,3904],[3136,3904],[3136,3840]]],[[[3136,3904],[3200,3904],[3200,3968],[3136,3968],[3136,3904]]],[[[3136,9920],[3200,9920],[3200,9984],[3136,9984],[3136,9920]]],[[[3136,9984],[3200,9984],[3200,10048],[3136,10048],[3136,9984]]],[[[3136,10048],[3200,10048],[3200,10112],[3136,10112],[3136,10048]]],[[[3136,10112],[3200,10112],[3200,10176],[3136,10176],[3136,10112]]],[[[3136,10176],[3200,10176],[3200,10240],[3136,10240],[3136,10176]]],[[[3136,10240],[3200,10240],[3200,10304],[3136,10304],[3136,10240]]],[[[3136,10304],[3200,10304],[3200,10368],[3136,10368],[3136,10304]]],[[[3200,3520],[3264,3520],[3264,3584],[3200,3584],[3200,3520]]],[[[3200,3584],[3264,3584],[3264,3648],[3200,3648],[3200,3584]]],[[[3200,3648],[3264,3648],[3264,3712],[3200,3712],[3200,3648]]],[[[3200,3712],[3264,3712],[3264,3776],[3200,3776],[3200,3712]]],[[[3200,3776],[3264,3776],[3264,3840],[3200,3840],[3200,3776]]],[[[3200,3840],[3264,3840],[3264,3904],[3200,3904],[3200,3840]]],[[[3200,3904],[3264,3904],[3264,3968],[3200,3968],[3200,3904]]],[[[3200,9920],[3264,9920],[3264,9984],[3200,9984],[3200,9920]]],[[[3200,9984],[3264,9984],[3264,10048],[3200,10048],[3200,9984]]],[[[3200,10048],[3264,10048],[3264,10112],[3200,10112],[3200,10048]]],[[[3200,10112],[3264,10112],[3264,10176],[3200,10176],[3200,10112]]],[[[3200,10176],[3264,10176],[3264,10240],[3200,10240],[3200,10176]]],[[[3200,10240],[3264,10240],[3264,10304],[3200,10304],[3200,10240]]],[[[3200,10304],[3264,10304],[3264,10368],[3200,10368],[3200,10304]]],[[[3264,3520],[3328,3520],[3328,3584],[3264,3584],[3264,3520]]],[[[3264,3584],[3328,3584],[3328,3648],[3264,3648],[3264,3584]]],[[[3264,3648],[3328,3648],[3328,3712],[3264,3712],[3264,3648]]],[[[3264,3712],[3328,3712],[3328,3776],[3264,3776],[3264,3712]]],[[[3264,3776],[3328,3776],[3328,3840],[3264,3840],[3264,3776]]],[[[3264,3840],[3328,3840],[3328,3904],[3264,3904],[3264,3840]]],[[[3264,3904],[3328,3904],[3328,3968],[3264,3968],[3264,3904]]],[[[3264,9920],[3328,9920],[3328,9984],[3264,9984],[3264,9920]]],[[[3264,9984],[3328,9984],[3328,10048],[3264,10048],[3264,9984]]],[[[3264,10048],[3328,10048],[3328,10112],[3264,10112],[3264,10048]]],[[[3264,10112],[3328,10112],[3328,10176],[3264,10176],[3264,10112]]],[[[3264,10176],[3328,10176],[3328,10240],[3264,10240],[3264,10176]]],[[[3264,10240],[3328,10240],[3328,10304],[3264,10304],[3264,10240]]],[[[3264,10304],[3328,10304],[3328,10368],[3264,10368],[3264,10304]]],[[[3328,3648],[3392,3648],[3392,3712],[3328,3712],[3328,3648]]],[[[3328,3712],[3392,3712],[3392,3776],[3328,3776],[3328,3712]]],[[[3328,3776],[3392,3776],[3392,3840],[3328,3840],[3328,3776]]],[[[3328,3840],[3392,3840],[3392,3904],[3328,3904],[3328,3840]]],[[[3328,3904],[3392,3904],[3392,3968],[3328,3968],[3328,3904]]],[[[3328,9920],[3392,9920],[3392,9984],[3328,9984],[3328,9920]]],[[[3328,9984],[3392,9984],[3392,10048],[3328,10048],[3328,9984]]],[[[3328,10048],[3392,10048],[3392,10112],[3328,10112],[3328,10048]]],[[[3328,10112],[3392,10112],[3392,10176],[3328,10176],[3328,10112]]],[[[3328,10176],[3392,10176],[3392,10240],[3328,10240],[3328,10176]]],[[[3328,10240],[3392,10240],[3392,10304],[3328,10304],[3328,10240]]],[[[3328,10304],[3392,10304],[3392,10368],[3328,10368],[3328,10304]]],[[[2944,3520],[2945,3520],[2946,3520],[2947,3520],[2948,3520],[2949,3520],[2950,3520],[2951,3520],[2952,3520],[2953,3520],[2954,3520],[2955,3520],[2956,3520],[2957,3520],[2958,3520],[2959,3520],[2960,3520],[2961,3520],[2962,3520],[2963,3520],[2964,3520],[2965,3520],[2966,3520],[2967,3520],[2968,3520],[2969,3520],[2970,3520],[2971,3520],[2972,3520],[2973,3520],[2974,3520],[2975,3520],[2976,3520],[2977,3520],[2978,3520],[2979,3520],[2980,3520],[2981,3520],[2982,3520],[2983,3520],[2984,3520],[2985,3520],[2986,3520],[2987,3520],[2988,3520],[2989,3520],[2990,3520],[2991,3520],[2992,3520],[2993,3520],[2994,3520],[2995,3520],[2995,3521],[2996,3521],[2996,3522],[2996,3523],[2997,3523],[2997,3524],[2998,3524],[2998,3525],[2999,3525],[2999,3526],[3000,3526],[3000,3527],[3000,3528],[3000,3529],[3001,3529],[3001,3530],[3001,3531],[3001,3532],[3002,3532],[3002,3533],[3002,3534],[3002,3535],[3003,3535],[3003,3536],[3003,3537],[3004,3537],[3004,3538],[3004,3539],[3005,3539],[3005,3540],[3006,3540],[3006,3541],[3007,3541],[3007,3542],[3008,3542],[3008,3543],[3008,3544],[3008,3545],[3008,3546],[3008,3547],[3008,3548],[3008,3549],[3008,3550],[3008,3551],[3008,3552],[3008,3553],[3008,3554],[3008,3555],[3008,3556],[3008,3557],[3008,3558],[3008,3559],[3008,3560],[3008,3561],[3008,3562],[3008,3563],[3008,3564],[3008,3565],[3008,3566],[3008,3567],[3008,3568],[3008,3569],[3008,3570],[3008,3571],[3008,3572],[3008,3573],[3008,3574],[3008,3575],[3008,3576],[3008,3577],[3008,3578],[3008,3579],[3008,3580],[3008,3581],[3008,3582],[3008,3583],[3008,3584],[3007,3584],[3006,3584],[3005,3584],[3004,3584],[3003,3584],[3002,3584],[3001,3584],[3000,3584],[2999,3584],[2998,3584],[2997,3584],[2996,3584],[2995,3584],[2994,3584],[2993,3584],[2992,3584],[2991,3584],[2990,3584],[2989,3584],[2988,3584],[2987,3584],[2986,3584],[2985,3584],[2984,3584],[2983,3584],[2982,3584],[2981,3584],[2980,3584],[2979,3584],[2978,3584],[2977,3584],[2976,3584],[2975,3584],[2974,3584],[2973,3584],[2972,3584],[2971,3584],[2970,3584],[2969,3584],[2968,3584],[2967,3584],[2966,3584],[2965,3584],[2964,3584],[2963,3584],[2962,3584],[2961,3584],[2960,3584],[2959,3584],[2958,3584],[2957,3584],[2956,3584],[2955,3584],[2954,3584],[2953,3584],[2952,3584],[2951,3584],[2950,3584],[2949,3584],[2948,3584],[2947,3584],[2946,3584],[2945,3584],[2944,3584],[2944,3583],[2944,3582],[2944,3581],[2944,3580],[2944,3579],[2944,3578],[2944,3577],[2944,3576],[2944,3575],[2944,3574],[2944,3573],[2944,3572],[2944,3571],[2944,3570],[2944,3569],[2944,3568],[2944,3567],[2944,3566],[2944,3565],[2944,3564],[2944,3563],[2944,3562],[2944,3561],[2944,3560],[2944,3559],[2944,3558],[2944,3557],[2944,3556],[2944,3555],[2944,3554],[2944,3553],[2944,3552],[2944,3551],[2944,3550],[2944,3549],[2944,3548],[2944,3547],[2944,3546],[2944,3545],[2944,3544],[2944,3543],[2944,3542],[2944,3541],[2944,3540],[2944,3539],[2944,3538],[2944,3537],[2944,3536],[2944,3535],[2944,3534],[2944,3533],[2944,3532],[2944,3531],[2944,3530],[2944,3529],[2944,3528],[2944,3527],[2944,3526],[2944,3525],[2944,3524],[2944,3523],[2944,3522],[2944,3521],[2944,3520]]],[[[2944,3520],[2944,3521],[2944,3522],[2944,3523],[2944,3524],[2944,3525],[2944,3526],[2944,3527],[2944,3528],[2944,3529],[2944,3530],[2944,3531],[2944,3532],[2944,3533],[2944,3534],[2944,3535],[2944,3536],[2944,3537],[2944,3538],[2944,3539],[2944,3540],[2944,3541],[2944,3542],[2944,3543],[2944,3544],[2944,3545],[2944,3546],[2944,3547],[2944,3548],[2944,3549],[2944,3550],[2944,3551],[2944,3552],[2944,3553],[2944,3554],[2944,3555],[2944,3556],[2944,3557],[2944,3558],[2944,3559],[2944,3560],[2944,3561],[2944,3562],[2944,3563],[2944,3564],[2944,3565],[2944,3566],[2944,3567],[2944,3568],[2944,3569],[2944,3570],[2944,3571],[2944,3572],[2944,3573],[2944,3574],[2944,3575],[2944,3576],[2944,3577],[2944,3578],[2944,3579],[2944,3580],[2944,3581],[2944,3582],[2944,3583],[2944,3584],[2945,3584],[2946,3584],[2947,3584],[2948,3584],[2949,3584],[2950,3584],[2951,3584],[2952,3584],[2953,3584],[2954,3584],[2955,3584],[2956,3584],[2957,3584],[2958,3584],[2959,3584],[2960,3584],[2961,3584],[2962,3584],[2963,3584],[2964,3584],[2965,3584],[2966,3584],[2967,3584],[2968,3584],[2969,3584],[2970,3584],[2971,3584],[2972,3584],[2973,3584],[2974,3584],[2975,3584],[2976,3584],[2977,3584],[2978,3584],[2979,3584],[2980,3584],[2981,3584],[2982,3584],[2983,3584],[2984,3584],[2985,3584],[2986,3584],[2987,3584],[2988,3584],[2989,3584],[2990,3584],[2991,3584],[2992,3584],[2993,3584],[2994,3584],[2995,3584],[2996,3584],[2997,3584],[2998,3584],[2999,3584],[3000,3584],[3001,3584],[3002,3584],[3003,3584],[3004,3584],[3005,3584],[3006,3584],[3007,3584],[3008,3584],[3008,3583],[3008,3582],[3008,3581],[3008,3580],[3008,3579],[3008,3578],[3008,3577],[3008,3576],[3008,3575],[3008,3574],[3008,3573],[3008,3572],[3008,3571],[3008,3570],[3008,3569],[3008,3568],[3008,3567],[3008,3566],[3008,3565],[3008,3564],[3008,3563],[3008,3562],[3008,3561],[3008,3560],[3008,3559],[3008,3558],[3008,3557],[3008,3556],[3008,3555],[3008,3554],[3008,3553],[3008,3552],[3008,3551],[3008,3550],[3008,3549],[3008,3548],[3008,3547],[3008,3546],[3008,3545],[3008,3544],[3008,3543],[3008,3542],[3007,3542],[3007,3541],[3006,3541],[3006,3540],[3005,3540],[3005,3539],[3004,3539],[3004,3538],[3004,3537],[3003,3537],[3003,3536],[3003,3535],[3002,3535],[3002,3534],[3002,3533],[3002,3532],[3001,3532],[3001,3531],[3001,3530],[3001,3529],[3000,3529],[3000,3528],[3000,3527],[3000,3526],[2999,3526],[2999,3525],[2998,3525],[2998,3524],[2997,3524],[2997,3523],[2996,3523],[2996,3522],[2996,3521],[2995,3521],[2995,3520],[2994,3520],[2993,3520],[2992,3520],[2991,3520],[2990,3520],[2989,3520],[2988,3520],[2987,3520],[2986,3520],[2985,3520],[2984,3520],[2983,3520],[2982,3520],[2981,3520],[2980,3520],[2979,3520],[2978,3520],[2977,3520],[2976,3520],[2975,3520],[2974,3520],[2973,3520],[2972,3520],[2971,3520],[2970,3520],[2969,3520],[2968,3520],[2967,3520],[2966,3520],[2965,3520],[2964,3520],[2963,3520],[2962,3520],[2961,3520],[2960,3520],[2959,3520],[2958,3520],[2957,3520],[2956,3520],[2955,3520],[2954,3520],[2953,3520],[2952,3520],[2951,3520],[2950,3520],[2949,3520],[2948,3520],[2947,3520],[2946,3520],[2945,3520],[2944,3520]]],[[[3044,3520],[3045,3520],[3046,3520],[3047,3520],[3048,3520],[3049,3520],[3050,3520],[3051,3520],[3052,3520],[3053,3520],[3054,3520],[3055,3520],[3056,3520],[3057,3520],[3058,3520],[3059,3520],[3060,3520],[3061,3520],[3062,3520],[3063,3520],[3064,3520],[3065,3520],[3066,3520],[3067,3520],[3068,3520],[3069,3520],[3070,3520],[3071,3520],[3072,3520],[3072,3521],[3072,3522],[3072,3523],[3072,3524],[3072,3525],[3072,3526],[3072,3527],[3072,3528],[3072,3529],[3072,3530],[3072,3531],[3072,3532],[3072,3533],[3072,3534],[3072,3535],[3072,3536],[3072,3537],[3072,3538],[3072,3539],[3072,3540],[3072,3541],[3072,3542],[3072,3543],[3072,3544],[3072,3545],[3072,3546],[3072,3547],[3072,3548],[3072,3549],[3072,3550],[3072,3551],[3072,3552],[3072,3553],[3072,3554],[3072,3555],[3072,3556],[3072,3557],[3072,3558],[3072,3559],[3072,3560],[3072,3561],[3072,3562],[3072,3563],[3072,3564],[3072,3565],[3072,3566],[3072,3567],[3072,3568],[3072,3569],[3072,3570],[3072,3571],[3072,3572],[3072,3573],[3072,3574],[3072,3575],[3072,3576],[3072,3577],[3072,3578],[3072,3579],[3072,3580],[3072,3581],[3072,3582],[3072,3583],[3072,3584],[3071,3584],[3070,3584],[3069,3584],[3068,3584],[3067,3584],[3066,3584],[3065,3584],[3064,3584],[3063,3584],[3062,3584],[3061,3584],[3060,3584],[3059,3584],[3058,3584],[3057,3584],[3056,3584],[3055,3584],[3054,3584],[3053,3584],[3052,3584],[3051,3584],[3050,3584],[3049,3584],[3048,3584],[3047,3584],[3046,3584],[3045,3584],[3044,3584],[3043,3584],[3042,3584],[3041,3584],[3040,3584],[3039,3584],[3038,3584],[3037,3584],[3036,3584],[3035,3584],[3034,3584],[3033,3584],[3032,3584],[3031,3584],[3030,3584],[3029,3584],[3028,3584],[3027,3584],[3026,3584],[3025,3584],[3024,3584],[3023,3584],[3022,3584],[3021,3584],[3020,3584],[3019,3584],[3018,3584],[3017,3584],[3016,3584],[3015,3584],[3014,3584],[3013,3584],[3012,3584],[3011,3584],[3010,3584],[3009,3584],[3008,3584],[3008,3583],[3008,3582],[3008,3581],[3008,3580],[3008,3579],[3008,3578],[3008,3577],[3008,3576],[3008,3575],[3008,3574],[3008,3573],[3008,3572],[3008,3571],[3008,3570],[3008,3569],[3008,3568],[3008,3567],[3008,3566],[3008,3565],[3008,3564],[3008,3563],[3008,3562],[3008,3561],[3008,3560],[3008,3559],[3008,3558],[3008,3557],[3008,3556],[3008,3555],[3008,3554],[3008,3553],[3008,3552],[3008,3551],[3008,3550],[3008,3549],[3008,3548],[3008,3547],[3008,3546],[3008,3545],[3008,3544],[3008,3543],[3008,3542],[3009,3542],[3009,3543],[3010,3543],[3011,3543],[3011,3544],[3012,3544],[3013,3544],[3014,3544],[3015,3544],[3016,3544],[3016,3545],[3017,3545],[3017,3544],[3018,3544],[3019,3544],[3020,3544],[3021,3544],[3022,3544],[3022,3543],[3023,3543],[3024,3543],[3024,3542],[3025,3542],[3026,3542],[3026,3541],[3027,3541],[3027,3540],[3028,3540],[3028,3539],[3029,3539],[3029,3538],[3029,3537],[3030,3537],[3030,3536],[3030,3535],[3031,3535],[3031,3534],[3031,3533],[3031,3532],[3031,3531],[3031,3530],[3032,3530],[3032,3529],[3033,3529],[3034,3529],[3034,3528],[3035,3528],[3036,3528],[3036,3527],[3037,3527],[3037,3526],[3038,3526],[3039,3526],[3039,3525],[3040,3525],[3040,3524],[3041,3524],[3041,3523],[3042,3523],[3042,3522],[3043,3522],[3043,3521],[3044,3521],[3044,3520]]],[[[3044,3520],[3044,3521],[3043,3521],[3043,3522],[3042,3522],[3042,3523],[3041,3523],[3041,3524],[3040,3524],[3040,3525],[3039,3525],[3039,3526],[3038,3526],[3037,3526],[3037,3527],[3036,3527],[3036,3528],[3035,3528],[3034,3528],[3034,3529],[3033,3529],[3032,3529],[3032,3530],[3031,3530],[3031,3531],[3031,3532],[3031,3533],[3031,3534],[3031,3535],[3030,3535],[3030,3536],[3030,3537],[3029,3537],[3029,3538],[3029,3539],[3028,3539],[3028,3540],[3027,3540],[3027,3541],[3026,3541],[3026,3542],[3025,3542],[3024,3542],[3024,3543],[3023,3543],[3022,3543],[3022,3544],[3021,3544],[3020,3544],[3019,3544],[3018,3544],[3017,3544],[3017,3545],[3016,3545],[3016,3544],[3015,3544],[3014,3544],[3013,3544],[3012,3544],[3011,3544],[3011,3543],[3010,3543],[3009,3543],[3009,3542],[3008,3542],[3008,3543],[3008,3544],[3008,3545],[3008,3546],[3008,3547],[3008,3548],[3008,3549],[3008,3550],[3008,3551],[3008,3552],[3008,3553],[3008,3554],[3008,3555],[3008,3556],[3008,3557],[3008,3558],[3008,3559],[3008,3560],[3008,3561],[3008,3562],[3008,3563],[3008,3564],[3008,3565],[3008,3566],[3008,3567],[3008,3568],[3008,3569],[3008,3570],[3008,3571],[3008,3572],[3008,3573],[3008,3574],[3008,3575],[3008,3576],[3008,3577],[3008,3578],[3008,3579],[3008,3580],[3008,3581],[3008,3582],[3008,3583],[3008,3584],[3009,3584],[3010,3584],[3011,3584],[3012,3584],[3013,3584],[3014,3584],[3015,3584],[3016,3584],[3017,3584],[3018,3584],[3019,3584],[3020,3584],[3021,3584],[3022,3584],[3023,3584],[3024,3584],[3025,3584],[3026,3584],[3027,3584],[3028,3584],[3029,3584],[3030,3584],[3031,3584],[3032,3584],[3033,3584],[3034,3584],[3035,3584],[3036,3584],[3037,3584],[3038,3584],[3039,3584],[3040,3584],[3041,3584],[3042,3584],[3043,3584],[3044,3584],[3045,3584],[3046,3584],[3047,3584],[3048,3584],[3049,3584],[3050,3584],[3051,3584],[3052,3584],[3053,3584],[3054,3584],[3055,3584],[3056,3584],[3057,3584],[3058,3584],[3059,3584],[3060,3584],[3061,3584],[3062,3584],[3063,3584],[3064,3584],[3065,3584],[3066,3584],[3067,3584],[3068,3584],[3069,3584],[3070,3584],[3071,3584],[3072,3584],[3072,3583],[3072,3582],[3072,3581],[3072,3580],[3072,3579],[3072,3578],[3072,3577],[3072,3576],[3072,3575],[3072,3574],[3072,3573],[3072,3572],[3072,3571],[3072,3570],[3072,3569],[3072,3568],[3072,3567],[3072,3566],[3072,3565],[3072,3564],[3072,3563],[3072,3562],[3072,3561],[3072,3560],[3072,3559],[3072,3558],[3072,3557],[3072,3556],[3072,3555],[3072,3554],[3072,3553],[3072,3552],[3072,3551],[3072,3550],[3072,3549],[3072,3548],[3072,3547],[3072,3546],[3072,3545],[3072,3544],[3072,3543],[3072,3542],[3072,3541],[3072,3540],[3072,3539],[3072,3538],[3072,3537],[3072,3536],[3072,3535],[3072,3534],[3072,3533],[3072,3532],[3072,3531],[3072,3530],[3072,3529],[3072,3528],[3072,3527],[3072,3526],[3072,3525],[3072,3524],[3072,3523],[3072,3522],[3072,3521],[3072,3520],[3071,3520],[3070,3520],[3069,3520],[3068,3520],[3067,3520],[3066,3520],[3065,3520],[3064,3520],[3063,3520],[3062,3520],[3061,3520],[3060,3520],[3059,3520],[3058,3520],[3057,3520],[3056,3520],[3055,3520],[3054,3520],[3053,3520],[3052,3520],[3051,3520],[3050,3520],[3049,3520],[3048,3520],[3047,3520],[3046,3520],[3045,3520],[3044,3520]]],[[[3328,3520],[3329,3520],[3330,3520],[3331,3520],[3332,3520],[3333,3520],[3334,3520],[3335,3520],[3336,3520],[3337,3520],[3338,3520],[3339,3520],[3340,3520],[3341,3520],[3342,3520],[3343,3520],[3344,3520],[3345,3520],[3346,3520],[3347,3520],[3348,3520],[3349,3520],[3350,3520],[3351,3520],[3352,3520],[3353,3520],[3354,3520],[3355,3520],[3356,3520],[3357,3520],[3358,3520],[3359,3520],[3360,3520],[3361,3520],[3362,3520],[3363,3520],[3364,3520],[3365,3520],[3366,3520],[3367,3520],[3368,3520],[3369,3520],[3370,3520],[3371,3520],[3372,3520],[3373,3520],[3374,3520],[3375,3520],[3376,3520],[3377,3520],[3378,3520],[3379,3520],[3379,3521],[3379,3522],[3380,3522],[3380,3523],[3380,3524],[3380,3525],[3380,3526],[3380,3527],[3381,3527],[3381,3528],[3381,3529],[3381,3530],[3381,3531],[3381,3532],[3381,3533],[3381,3534],[3381,3535],[3380,3535],[3380,3536],[3381,3536],[3381,3537],[3381,3538],[3381,3539],[3381,3540],[3381,3541],[3382,3541],[3382,3542],[3382,3543],[3383,3543],[3383,3544],[3383,3545],[3383,3546],[3384,3546],[3384,3547],[3384,3548],[3383,3548],[3383,3549],[3384,3549],[3384,3550],[3384,3551],[3383,3551],[3383,3552],[3383,3553],[3382,3553],[3382,3554],[3382,3555],[3382,3556],[3382,3557],[3382,3558],[3381,3558],[3381,3559],[3382,3559],[3382,3560],[3382,3561],[3382,3562],[3382,3563],[3382,3564],[3382,3565],[3382,3566],[3381,3566],[3381,3567],[3382,3567],[3382,3568],[3382,3569],[3382,3570],[3382,3571],[3382,3572],[3383,3572],[3383,3573],[3383,3574],[3384,3574],[3384,3575],[3384,3576],[3383,3576],[3383,3577],[3383,3578],[3383,3579],[3383,3580],[3383,3581],[3382,3581],[3382,3582],[3383,3582],[3383,3583],[3383,3584],[3382,3584],[3381,3584],[3380,3584],[3379,3584],[3378,3584],[3377,3584],[3376,3584],[3375,3584],[3374,3584],[3373,3584],[3372,3584],[3371,3584],[3370,3584],[3369,3584],[3368,3584],[3367,3584],[3366,3584],[3365,3584],[3364,3584],[3363,3584],[3362,3584],[3361,3584],[3360,3584],[3359,3584],[3358,3584],[3357,3584],[3356,3584],[3355,3584],[3354,3584],[3353,3584],[3352,3584],[3351,3584],[3350,3584],[3349,3584],[3348,3584],[3347,3584],[3346,3584],[3345,3584],[3344,3584],[3343,3584],[3342,3584],[3341,3584],[3340,3584],[3339,3584],[3338,3584],[3337,3584],[3336,3584],[3335,3584],[3334,3584],[3333,3584],[3332,3584],[3331,3584],[3330,3584],[3329,3584],[3328,3584],[3328,3583],[3328,3582],[3328,3581],[3328,3580],[3328,3579],[3328,3578],[3328,3577],[3328,3576],[3328,3575],[3328,3574],[3328,3573],[3328,3572],[3328,3571],[3328,3570],[3328,3569],[3328,3568],[3328,3567],[3328,3566],[3328,3565],[3328,3564],[3328,3563],[3328,3562],[3328,3561],[3328,3560],[3328,3559],[3328,3558],[3328,3557],[3328,3556],[3328,3555],[3328,3554],[3328,3553],[3328,3552],[3328,3551],[3328,3550],[3328,3549],[3328,3548],[3328,3547],[3328,3546],[3328,3545],[3328,3544],[3328,3543],[3328,3542],[3328,3541],[3328,3540],[3328,3539],[3328,3538],[3328,3537],[3328,3536],[3328,3535],[3328,3534],[3328,3533],[3328,3532],[3328,3531],[3328,3530],[3328,3529],[3328,3528],[3328,3527],[3328,3526],[3328,3525],[3328,3524],[3328,3523],[3328,3522],[3328,3521],[3328,3520]]],[[[3328,3520],[3328,3521],[3328,3522],[3328,3523],[3328,3524],[3328,3525],[3328,3526],[3328,3527],[3328,3528],[3328,3529],[3328,3530],[3328,3531],[3328,3532],[3328,3533],[3328,3534],[3328,3535],[3328,3536],[3328,3537],[3328,3538],[3328,3539],[3328,3540],[3328,3541],[3328,3542],[3328,3543],[3328,3544],[3328,3545],[3328,3546],[3328,3547],[3328,3548],[3328,3549],[3328,3550],[3328,3551],[3328,3552],[3328,3553],[3328,3554],[3328,3555],[3328,3556],[3328,3557],[3328,3558],[3328,3559],[3328,3560],[3328,3561],[3328,3562],[3328,3563],[3328,3564],[3328,3565],[3328,3566],[3328,3567],[3328,3568],[3328,3569],[3328,3570],[3328,3571],[3328,3572],[3328,3573],[3328,3574],[3328,3575],[3328,3576],[3328,3577],[3328,3578],[3328,3579],[3328,3580],[3328,3581],[3328,3582],[3328,3583],[3328,3584],[3329,3584],[3330,3584],[3331,3584],[3332,3584],[3333,3584],[3334,3584],[3335,3584],[3336,3584],[3337,3584],[3338,3584],[3339,3584],[3340,3584],[3341,3584],[3342,3584],[3343,3584],[3344,3584],[3345,3584],[3346,3584],[3347,3584],[3348,3584],[3349,3584],[3350,3584],[3351,3584],[3352,3584],[3353,3584],[3354,3584],[3355,3584],[3356,3584],[3357,3584],[3358,3584],[3359,3584],[3360,3584],[3361,3584],[3362,3584],[3363,3584],[3364,3584],[3365,3584],[3366,3584],[3367,3584],[3368,3584],[3369,3584],[3370,3584],[3371,3584],[3372,3584],[3373,3584],[3374,3584],[3375,3584],[3376,3584],[3377,3584],[3378,3584],[3379,3584],[3380,3584],[3381,3584],[3382,3584],[3383,3584],[3383,3583],[3383,3582],[3382,3582],[3382,3581],[3383,3581],[3383,3580],[3383,3579],[3383,3578],[3383,3577],[3383,3576],[3384,3576],[3384,3575],[3384,3574],[3383,3574],[3383,3573],[3383,3572],[3382,3572],[3382,3571],[3382,3570],[3382,3569],[3382,3568],[3382,3567],[3381,3567],[3381,3566],[3382,3566],[3382,3565],[3382,3564],[3382,3563],[3382,3562],[3382,3561],[3382,3560],[3382,3559],[3381,3559],[3381,3558],[3382,3558],[3382,3557],[3382,3556],[3382,3555],[3382,3554],[3382,3553],[3383,3553],[3383,3552],[3383,3551],[3384,3551],[3384,3550],[3384,3549],[3383,3549],[3383,3548],[3384,3548],[3384,3547],[3384,3546],[3383,3546],[3383,3545],[3383,3544],[3383,3543],[3382,3543],[3382,3542],[3382,3541],[3381,3541],[3381,3540],[3381,3539],[3381,3538],[3381,3537],[3381,3536],[3380,3536],[3380,3535],[3381,3535],[3381,3534],[3381,3533],[3381,3532],[3381,3531],[3381,3530],[3381,3529],[3381,3528],[3381,3527],[3380,3527],[3380,3526],[3380,3525],[3380,3524],[3380,3523],[3380,3522],[3379,3522],[3379,3521],[3379,3520],[3378,3520],[3377,3520],[3376,3520],[3375,3520],[3374,3520],[3373,3520],[3372,3520],[3371,3520],[3370,3520],[3369,3520],[3368,3520],[3367,3520],[3366,3520],[3365,3520],[3364,3520],[3363,3520],[3362,3520],[3361,3520],[3360,3520],[3359,3520],[3358,3520],[3357,3520],[3356,3520],[3355,3520],[3354,3520],[3353,3520],[3352,3520],[3351,3520],[3350,3520],[3349,3520],[3348,3520],[3347,3520],[3346,3520],[3345,3520],[3344,3520],[3343,3520],[3342,3520],[3341,3520],[3340,3520],[3339,3520],[3338,3520],[3337,3520],[3336,3520],[3335,3520],[3334,3520],[3333,3520],[3332,3520],[3331,3520],[3330,3520],[3329,3520],[3328,3520]]],[[[3328,3584],[3329,3584],[3330,3584],[3331,3584],[3332,3584],[3333,3584],[3334,3584],[3335,3584],[3336,3584],[3337,3584],[3338,3584],[3339,3584],[3340,3584],[3341,3584],[3342,3584],[3343,3584],[3344,3584],[3345,3584],[3346,3584],[3347,3584],[3348,3584],[3349,3584],[3350,3584],[3351,3584],[3352,3584],[3353,3584],[3354,3584],[3355,3584],[3356,3584],[3357,3584],[3358,3584],[3359,3584],[3360,3584],[3361,3584],[3362,3584],[3363,3584],[3364,3584],[3365,3584],[3366,3584],[3367,3584],[3368,3584],[3369,3584],[3370,3584],[3371,3584],[3372,3584],[3373,3584],[3374,3584],[3375,3584],[3376,3584],[3377,3584],[3378,3584],[3379,3584],[3380,3584],[3381,3584],[3382,3584],[3383,3584],[3383,3585],[3383,3586],[3383,3587],[3384,3587],[3384,3588],[3384,3589],[3384,3590],[3384,3591],[3384,3592],[3383,3592],[3383,3593],[3384,3593],[3384,3594],[3384,3595],[3384,3596],[3383,3596],[3383,3597],[3384,3597],[3384,3598],[3384,3599],[3384,3600],[3384,3601],[3384,3602],[3385,3602],[3385,3603],[3385,3604],[3386,3604],[3386,3605],[3386,3606],[3387,3606],[3387,3607],[3388,3607],[3388,3608],[3389,3608],[3389,3609],[3390,3609],[3391,3609],[3391,3610],[3392,3610],[3392,3611],[3392,3612],[3392,3613],[3392,3614],[3392,3615],[3392,3616],[3392,3617],[3392,3618],[3392,3619],[3392,3620],[3392,3621],[3392,3622],[3392,3623],[3392,3624],[3392,3625],[3392,3626],[3392,3627],[3392,3628],[3392,3629],[3392,3630],[3392,3631],[3392,3632],[3392,3633],[3392,3634],[3392,3635],[3392,3636],[3392,3637],[3392,3638],[3392,3639],[3392,3640],[3392,3641],[3392,3642],[3392,3643],[3392,3644],[3392,3645],[3392,3646],[3392,3647],[3392,3648],[3391,3648],[3390,3648],[3389,3648],[3388,3648],[3387,3648],[3386,3648],[3385,3648],[3384,3648],[3383,3648],[3382,3648],[3381,3648],[3380,3648],[3379,3648],[3378,3648],[3377,3648],[3376,3648],[3375,3648],[3374,3648],[3373,3648],[3372,3648],[3371,3648],[3370,3648],[3369,3648],[3368,3648],[3367,3648],[3366,3648],[3365,3648],[3364,3648],[3363,3648],[3362,3648],[3361,3648],[3360,3648],[3359,3648],[3358,3648],[3357,3648],[3356,3648],[3355,3648],[3354,3648],[3353,3648],[3352,3648],[3351,3648],[3350,3648],[3349,3648],[3348,3648],[3347,3648],[3346,3648],[3345,3648],[3344,3648],[3343,3648],[3342,3648],[3341,3648],[3340,3648],[3339,3648],[3338,3648],[3337,3648],[3336,3648],[3335,3648],[3334,3648],[3333,3648],[3332,3648],[3331,3648],[3330,3648],[3329,3648],[3328,3648],[3328,3647],[3328,3646],[3328,3645],[3328,3644],[3328,3643],[3328,3642],[3328,3641],[3328,3640],[3328,3639],[3328,3638],[3328,3637],[3328,3636],[3328,3635],[3328,3634],[3328,3633],[3328,3632],[3328,3631],[3328,3630],[3328,3629],[3328,3628],[3328,3627],[3328,3626],[3328,3625],[3328,3624],[3328,3623],[3328,3622],[3328,3621],[3328,3620],[3328,3619],[3328,3618],[3328,3617],[3328,3616],[3328,3615],[3328,3614],[3328,3613],[3328,3612],[3328,3611],[3328,3610],[3328,3609],[3328,3608],[3328,3607],[3328,3606],[3328,3605],[3328,3604],[3328,3603],[3328,3602],[3328,3601],[3328,3600],[3328,3599],[3328,3598],[3328,3597],[3328,3596],[3328,3595],[3328,3594],[3328,3593],[3328,3592],[3328,3591],[3328,3590],[3328,3589],[3328,3588],[3328,3587],[3328,3586],[3328,3585],[3328,3584]]],[[[3328,3584],[3328,3585],[3328,3586],[3328,3587],[3328,3588],[3328,3589],[3328,3590],[3328,3591],[3328,3592],[3328,3593],[3328,3594],[3328,3595],[3328,3596],[3328,3597],[3328,3598],[3328,3599],[3328,3600],[3328,3601],[3328,3602],[3328,3603],[3328,3604],[3328,3605],[3328,3606],[3328,3607],[3328,3608],[3328,3609],[3328,3610],[3328,3611],[3328,3612],[3328,3613],[3328,3614],[3328,3615],[3328,3616],[3328,3617],[3328,3618],[3328,3619],[3328,3620],[3328,3621],[3328,3622],[3328,3623],[3328,3624],[3328,3625],[3328,3626],[3328,3627],[3328,3628],[3328,3629],[3328,3630],[3328,3631],[3328,3632],[3328,3633],[3328,3634],[3328,3635],[3328,3636],[3328,3637],[3328,3638],[3328,3639],[3328,3640],[3328,3641],[3328,3642],[3328,3643],[3328,3644],[3328,3645],[3328,3646],[3328,3647],[3328,3648],[3329,3648],[3330,3648],[3331,3648],[3332,3648],[3333,3648],[3334,3648],[3335,3648],[3336,3648],[3337,3648],[3338,3648],[3339,3648],[3340,3648],[3341,3648],[3342,3648],[3343,3648],[3344,3648],[3345,3648],[3346,3648],[3347,3648],[3348,3648],[3349,3648],[3350,3648],[3351,3648],[3352,3648],[3353,3648],[3354,3648],[3355,3648],[3356,3648],[3357,3648],[3358,3648],[3359,3648],[3360,3648],[3361,3648],[3362,3648],[3363,3648],[3364,3648],[3365,3648],[3366,3648],[3367,3648],[3368,3648],[3369,3648],[3370,3648],[3371,3648],[3372,3648],[3373,3648],[3374,3648],[3375,3648],[3376,3648],[3377,3648],[3378,3648],[3379,3648],[3380,3648],[3381,3648],[3382,3648],[3383,3648],[3384,3648],[3385,3648],[3386,3648],[3387,3648],[3388,3648],[3389,3648],[3390,3648],[3391,3648],[3392,3648],[3392,3647],[3392,3646],[3392,3645],[3392,3644],[3392,3643],[3392,3642],[3392,3641],[3392,3640],[3392,3639],[3392,3638],[3392,3637],[3392,3636],[3392,3635],[3392,3634],[3392,3633],[3392,3632],[3392,3631],[3392,3630],[3392,3629],[3392,3628],[3392,3627],[3392,3626],[3392,3625],[3392,3624],[3392,3623],[3392,3622],[3392,3621],[3392,3620],[3392,3619],[3392,3618],[3392,3617],[3392,3616],[3392,3615],[3392,3614],[3392,3613],[3392,3612],[3392,3611],[3392,3610],[3391,3610],[3391,3609],[3390,3609],[3389,3609],[3389,3608],[3388,3608],[3388,3607],[3387,3607],[3387,3606],[3386,3606],[3386,3605],[3386,3604],[3385,3604],[3385,3603],[3385,3602],[3384,3602],[3384,3601],[3384,3600],[3384,3599],[3384,3598],[3384,3597],[3383,3597],[3383,3596],[3384,3596],[3384,3595],[3384,3594],[3384,3593],[3383,3593],[3383,3592],[3384,3592],[3384,3591],[3384,3590],[3384,3589],[3384,3588],[3384,3587],[3383,3587],[3383,3586],[3383,3585],[3383,3584],[3382,3584],[3381,3584],[3380,3584],[3379,3584],[3378,3584],[3377,3584],[3376,3584],[3375,3584],[3374,3584],[3373,3584],[3372,3584],[3371,3584],[3370,3584],[3369,3584],[3368,3584],[3367,3584],[3366,3584],[3365,3584],[3364,3584],[3363,3584],[3362,3584],[3361,3584],[3360,3584],[3359,3584],[3358,3584],[3357,3584],[3356,3584],[3355,3584],[3354,3584],[3353,3584],[3352,3584],[3351,3584],[3350,3584],[3349,3584],[3348,3584],[3347,3584],[3346,3584],[3345,3584],[3344,3584],[3343,3584],[3342,3584],[3341,3584],[3340,3584],[3339,3584],[3338,3584],[3337,3584],[3336,3584],[3335,3584],[3334,3584],[3333,3584],[3332,3584],[3331,3584],[3330,3584],[3329,3584],[3328,3584]]]]}},{"type":"Feature","properties":{"areaId":20,"name":"Kourend","tileCount":989952,"partCount":246},"geometry":{"type":"MultiPolygon","coordinates":[[[[1024,3392],[1088,3392],[1088,3456],[1024,3456],[1024,3392]]],[[[1024,3456],[1088,3456],[1088,3520],[1024,3520],[1024,3456]]],[[[1024,3520],[1088,3520],[1088,3584],[1024,3584],[1024,3520]]],[[[1024,3584],[1088,3584],[1088,3648],[1024,3648],[1024,3584]]],[[[1024,3648],[1088,3648],[1088,3712],[1024,3712],[1024,3648]]],[[[1024,3712],[1088,3712],[1088,3776],[1024,3776],[1024,3712]]],[[[1024,3776],[1088,3776],[1088,3840],[1024,3840],[1024,3776]]],[[[1024,3840],[1088,3840],[1088,3904],[1024,3904],[1024,3840]]],[[[1024,3904],[1088,3904],[1088,3968],[1024,3968],[1024,3904]]],[[[1024,3968],[1088,3968],[1088,4032],[1024,4032],[1024,3968]]],[[[1024,9920],[1088,9920],[1088,9984],[1024,9984],[1024,9920]]],[[[1024,9984],[1088,9984],[1088,10048],[1024,10048],[1024,9984]]],[[[1024,10048],[1088,10048],[1088,10112],[1024,10112],[1024,10048]]],[[[1024,10112],[1088,10112],[1088,10176],[1024,10176],[1024,10112]]],[[[1024,10176],[1088,10176],[1088,10240],[1024,10240],[1024,10176]]],[[[1024,10240],[1088,10240],[1088,10304],[1024,10304],[1024,10240]]],[[[1024,10304],[1088,10304],[1088,10368],[1024,10368],[1024,10304]]],[[[1088,3456],[1152,3456],[1152,3520],[1088,3520],[1088,3456]]],[[[1088,3520],[1152,3520],[1152,3584],[1088,3584],[1088,3520]]],[[[1088,3584],[1152,3584],[1152,3648],[1088,3648],[1088,3584]]],[[[1088,3648],[1152,3648],[1152,3712],[1088,3712],[1088,3648]]],[[[1088,3712],[1152,3712],[1152,3776],[1088,3776],[1088,3712]]],[[[1088,3776],[1152,3776],[1152,3840],[1088,3840],[1088,3776]]],[[[1088,3840],[1152,3840],[1152,3904],[1088,3904],[1088,3840]]],[[[1088,3904],[1152,3904],[1152,3968],[1088,3968],[1088,3904]]],[[[1088,3968],[1152,3968],[1152,4032],[1088,4032],[1088,3968]]],[[[1088,9920],[1152,9920],[1152,9984],[1088,9984],[1088,9920]]],[[[1088,9984],[1152,9984],[1152,10048],[1088,10048],[1088,9984]]],[[[1088,10048],[1152,10048],[1152,10112],[1088,10112],[1088,10048]]],[[[1088,10112],[1152,10112],[1152,10176],[1088,10176],[1088,10112]]],[[[1088,10176],[1152,10176],[1152,10240],[1088,10240],[1088,10176]]],[[[1088,10240],[1152,10240],[1152,10304],[1088,10304],[1088,10240]]],[[[1088,10304],[1152,10304],[1152,10368],[1088,10368],[1088,10304]]],[[[1152,3520],[1216,3520],[1216,3584],[1152,3584],[1152,3520]]],[[[1152,3584],[1216,3584],[1216,3648],[1152,3648],[1152,3584]]],[[[1152,3648],[1216,3648],[1216,3712],[1152,3712],[1152,3648]]],[[[1152,3712],[1216,3712],[1216,3776],[1152,3776],[1152,3712]]],[[[1152,3776],[1216,3776],[1216,3840],[1152,3840],[1152,3776]]],[[[1152,3840],[1216,3840],[1216,3904],[1152,3904],[1152,3840]]],[[[1152,3904],[1216,3904],[1216,3968],[1152,3968],[1152,3904]]],[[[1152,3968],[1216,3968],[1216,4032],[1152,4032],[1152,3968]]],[[[1152,9920],[1216,9920],[1216,9984],[1152,9984],[1152,9920]]],[[[1152,9984],[1216,9984],[1216,10048],[1152,10048],[1152,9984]]],[[[1152,10048],[1216,10048],[1216,10112],[1152,10112],[1152,10048]]],[[[1152,10112],[1216,10112],[1216,10176],[1152,10176],[1152,10112]]],[[[1152,10176],[1216,10176],[1216,10240],[1152,10240],[1152,10176]]],[[[1152,10240],[1216,10240],[1216,10304],[1152,10304],[1152,10240]]],[[[1152,10304],[1216,10304],[1216,10368],[1152,10368],[1152,10304]]],[[[1216,3520],[1280,3520],[1280,3584],[1216,3584],[1216,3520]]],[[[1216,3584],[1280,3584],[1280,3648],[1216,3648],[1216,3584]]],[[[1216,3648],[1280,3648],[1280,3712],[1216,3712],[1216,3648]]],[[[1216,3712],[1280,3712],[1280,3776],[1216,3776],[1216,3712]]],[[[1216,3776],[1280,3776],[1280,3840],[1216,3840],[1216,3776]]],[[[1216,3840],[1280,3840],[1280,3904],[1216,3904],[1216,3840]]],[[[1216,3904],[1280,3904],[1280,3968],[1216,3968],[1216,3904]]],[[[1216,3968],[1280,3968],[1280,4032],[1216,4032],[1216,3968]]],[[[1216,9920],[1280,9920],[1280,9984],[1216,9984],[1216,9920]]],[[[1216,9984],[1280,9984],[1280,10048],[1216,10048],[1216,9984]]],[[[1216,10048],[1280,10048],[1280,10112],[1216,10112],[1216,10048]]],[[[1216,10112],[1280,10112],[1280,10176],[1216,10176],[1216,10112]]],[[[1216,10176],[1280,10176],[1280,10240],[1216,10240],[1216,10176]]],[[[1216,10240],[1280,10240],[1280,10304],[1216,10304],[1216,10240]]],[[[1216,10304],[1280,10304],[1280,10368],[1216,10368],[1216,10304]]],[[[1280,3520],[1344,3520],[1344,3584],[1280,3584],[1280,3520]]],[[[1280,3584],[1344,3584],[1344,3648],[1280,3648],[1280,3584]]],[[[1280,3648],[1344,3648],[1344,3712],[1280,3712],[1280,3648]]],[[[1280,3712],[1344,3712],[1344,3776],[1280,3776],[1280,3712]]],[[[1280,3776],[1344,3776],[1344,3840],[1280,3840],[1280,3776]]],[[[1280,3840],[1344,3840],[1344,3904],[1280,3904],[1280,3840]]],[[[1280,3904],[1344,3904],[1344,3968],[1280,3968],[1280,3904]]],[[[1280,3968],[1344,3968],[1344,4032],[1280,4032],[1280,3968]]],[[[1280,9920],[1344,9920],[1344,9984],[1280,9984],[1280,9920]]],[[[1280,9984],[1344,9984],[1344,10048],[1280,10048],[1280,9984]]],[[[1280,10048],[1344,10048],[1344,10112],[1280,10112],[1280,10048]]],[[[1280,10112],[1344,10112],[1344,10176],[1280,10176],[1280,10112]]],[[[1280,10176],[1344,10176],[1344,10240],[1280,10240],[1280,10176]]],[[[1280,10240],[1344,10240],[1344,10304],[1280,10304],[1280,10240]]],[[[1280,10304],[1344,10304],[1344,10368],[1280,10368],[1280,10304]]],[[[1344,3520],[1408,3520],[1408,3584],[1344,3584],[1344,3520]]],[[[1344,3584],[1408,3584],[1408,3648],[1344,3648],[1344,3584]]],[[[1344,3648],[1408,3648],[1408,3712],[1344,3712],[1344,3648]]],[[[1344,3712],[1408,3712],[1408,3776],[1344,3776],[1344,3712]]],[[[1344,3776],[1408,3776],[1408,3840],[1344,3840],[1344,3776]]],[[[1344,3840],[1408,3840],[1408,3904],[1344,3904],[1344,3840]]],[[[1344,3904],[1408,3904],[1408,3968],[1344,3968],[1344,3904]]],[[[1344,3968],[1408,3968],[1408,4032],[1344,4032],[1344,3968]]],[[[1344,9920],[1408,9920],[1408,9984],[1344,9984],[1344,9920]]],[[[1344,9984],[1408,9984],[1408,10048],[1344,10048],[1344,9984]]],[[[1344,10048],[1408,10048],[1408,10112],[1344,10112],[1344,10048]]],[[[1344,10112],[1408,10112],[1408,10176],[1344,10176],[1344,10112]]],[[[1344,10176],[1408,10176],[1408,10240],[1344,10240],[1344,10176]]],[[[1344,10240],[1408,10240],[1408,10304],[1344,10304],[1344,10240]]],[[[1344,10304],[1408,10304],[1408,10368],[1344,10368],[1344,10304]]],[[[1408,3392],[1472,3392],[1472,3456],[1408,3456],[1408,3392]]],[[[1408,3456],[1472,3456],[1472,3520],[1408,3520],[1408,3456]]],[[[1408,3520],[1472,3520],[1472,3584],[1408,3584],[1408,3520]]],[[[1408,3584],[1472,3584],[1472,3648],[1408,3648],[1408,3584]]],[[[1408,3648],[1472,3648],[1472,3712],[1408,3712],[1408,3648]]],[[[1408,3712],[1472,3712],[1472,3776],[1408,3776],[1408,3712]]],[[[1408,3776],[1472,3776],[1472,3840],[1408,3840],[1408,3776]]],[[[1408,3840],[1472,3840],[1472,3904],[1408,3904],[1408,3840]]],[[[1408,3904],[1472,3904],[1472,3968],[1408,3968],[1408,3904]]],[[[1408,3968],[1472,3968],[1472,4032],[1408,4032],[1408,3968]]],[[[1408,9920],[1472,9920],[1472,9984],[1408,9984],[1408,9920]]],[[[1408,9984],[1472,9984],[1472,10048],[1408,10048],[1408,9984]]],[[[1408,10048],[1472,10048],[1472,10112],[1408,10112],[1408,10048]]],[[[1408,10112],[1472,10112],[1472,10176],[1408,10176],[1408,10112]]],[[[1408,10176],[1472,10176],[1472,10240],[1408,10240],[1408,10176]]],[[[1408,10240],[1472,10240],[1472,10304],[1408,10304],[1408,10240]]],[[[1408,10304],[1472,10304],[1472,10368],[1408,10368],[1408,10304]]],[[[1472,3392],[1536,3392],[1536,3456],[1472,3456],[1472,3392]]],[[[1472,3456],[1536,3456],[1536,3520],[1472,3520],[1472,3456]]],[[[1472,3520],[1536,3520],[1536,3584],[1472,3584],[1472,3520]]],[[[1472,3584],[1536,3584],[1536,3648],[1472,3648],[1472,3584]]],[[[1472,3648],[1536,3648],[1536,3712],[1472,3712],[1472,3648]]],[[[1472,3712],[1536,3712],[1536,3776],[1472,3776],[1472,3712]]],[[[1472,3776],[1536,3776],[1536,3840],[1472,3840],[1472,3776]]],[[[1472,3840],[1536,3840],[1536,3904],[1472,3904],[1472,3840]]],[[[1472,3904],[1536,3904],[1536,3968],[1472,3968],[1472,3904]]],[[[1472,3968],[1536,3968],[1536,4032],[1472,4032],[1472,3968]]],[[[1472,9920],[1536,9920],[1536,9984],[1472,9984],[1472,9920]]],[[[1472,9984],[1536,9984],[1536,10048],[1472,10048],[1472,9984]]],[[[1472,10048],[1536,10048],[1536,10112],[1472,10112],[1472,10048]]],[[[1472,10112],[1536,10112],[1536,10176],[1472,10176],[1472,10112]]],[[[1472,10176],[1536,10176],[1536,10240],[1472,10240],[1472,10176]]],[[[1472,10240],[1536,10240],[1536,10304],[1472,10304],[1472,10240]]],[[[1472,10304],[1536,10304],[1536,10368],[1472,10368],[1472,10304]]],[[[1536,3392],[1600,3392],[1600,3456],[1536,3456],[1536,3392]]],[[[1536,3456],[1600,3456],[1600,3520],[1536,3520],[1536,3456]]],[[[1536,3520],[1600,3520],[1600,3584],[1536,3584],[1536,3520]]],[[[1536,3584],[1600,3584],[1600,3648],[1536,3648],[1536,3584]]],[[[1536,3648],[1600,3648],[1600,3712],[1536,3712],[1536,3648]]],[[[1536,3712],[1600,3712],[1600,3776],[1536,3776],[1536,3712]]],[[[1536,3776],[1600,3776],[1600,3840],[1536,3840],[1536,3776]]],[[[1536,3840],[1600,3840],[1600,3904],[1536,3904],[1536,3840]]],[[[1536,3904],[1600,3904],[1600,3968],[1536,3968],[1536,3904]]],[[[1536,3968],[1600,3968],[1600,4032],[1536,4032],[1536,3968]]],[[[1536,9856],[1600,9856],[1600,9920],[1536,9920],[1536,9856]]],[[[1536,9920],[1600,9920],[1600,9984],[1536,9984],[1536,9920]]],[[[1536,9984],[1600,9984],[1600,10048],[1536,10048],[1536,9984]]],[[[1536,10048],[1600,10048],[1600,10112],[1536,10112],[1536,10048]]],[[[1536,10112],[1600,10112],[1600,10176],[1536,10176],[1536,10112]]],[[[1536,10176],[1600,10176],[1600,10240],[1536,10240],[1536,10176]]],[[[1536,10240],[1600,10240],[1600,10304],[1536,10304],[1536,10240]]],[[[1536,10304],[1600,10304],[1600,10368],[1536,10368],[1536,10304]]],[[[1600,3392],[1664,3392],[1664,3456],[1600,3456],[1600,3392]]],[[[1600,3456],[1664,3456],[1664,3520],[1600,3520],[1600,3456]]],[[[1600,3520],[1664,3520],[1664,3584],[1600,3584],[1600,3520]]],[[[1600,3584],[1664,3584],[1664,3648],[1600,3648],[1600,3584]]],[[[1600,3648],[1664,3648],[1664,3712],[1600,3712],[1600,3648]]],[[[1600,3712],[1664,3712],[1664,3776],[1600,3776],[1600,3712]]],[[[1600,3776],[1664,3776],[1664,3840],[1600,3840],[1600,3776]]],[[[1600,3840],[1664,3840],[1664,3904],[1600,3904],[1600,3840]]],[[[1600,3904],[1664,3904],[1664,3968],[1600,3968],[1600,3904]]],[[[1600,3968],[1664,3968],[1664,4032],[1600,4032],[1600,3968]]],[[[1600,9920],[1664,9920],[1664,9984],[1600,9984],[1600,9920]]],[[[1600,9984],[1664,9984],[1664,10048],[1600,10048],[1600,9984]]],[[[1600,10048],[1664,10048],[1664,10112],[1600,10112],[1600,10048]]],[[[1600,10112],[1664,10112],[1664,10176],[1600,10176],[1600,10112]]],[[[1600,10176],[1664,10176],[1664,10240],[1600,10240],[1600,10176]]],[[[1600,10240],[1664,10240],[1664,10304],[1600,10304],[1600,10240]]],[[[1600,10304],[1664,10304],[1664,10368],[1600,10368],[1600,10304]]],[[[1664,3392],[1728,3392],[1728,3456],[1664,3456],[1664,3392]]],[[[1664,3456],[1728,3456],[1728,3520],[1664,3520],[1664,3456]]],[[[1664,3520],[1728,3520],[1728,3584],[1664,3584],[1664,3520]]],[[[1664,3584],[1728,3584],[1728,3648],[1664,3648],[1664,3584]]],[[[1664,3648],[1728,3648],[1728,3712],[1664,3712],[1664,3648]]],[[[1664,3712],[1728,3712],[1728,3776],[1664,3776],[1664,3712]]],[[[1664,3776],[1728,3776],[1728,3840],[1664,3840],[1664,3776]]],[[[1664,3840],[1728,3840],[1728,3904],[1664,3904],[1664,3840]]],[[[1664,3904],[1728,3904],[1728,3968],[1664,3968],[1664,3904]]],[[[1664,3968],[1728,3968],[1728,4032],[1664,4032],[1664,3968]]],[[[1664,9920],[1728,9920],[1728,9984],[1664,9984],[1664,9920]]],[[[1664,9984],[1728,9984],[1728,10048],[1664,10048],[1664,9984]]],[[[1664,10048],[1728,10048],[1728,10112],[1664,10112],[1664,10048]]],[[[1664,10112],[1728,10112],[1728,10176],[1664,10176],[1664,10112]]],[[[1664,10176],[1728,10176],[1728,10240],[1664,10240],[1664,10176]]],[[[1664,10240],[1728,10240],[1728,10304],[1664,10304],[1664,10240]]],[[[1664,10304],[1728,10304],[1728,10368],[1664,10368],[1664,10304]]],[[[1728,3392],[1792,3392],[1792,3456],[1728,3456],[1728,3392]]],[[[1728,3456],[1792,3456],[1792,3520],[1728,3520],[1728,3456]]],[[[1728,3520],[1792,3520],[1792,3584],[1728,3584],[1728,3520]]],[[[1728,3584],[1792,3584],[1792,3648],[1728,3648],[1728,3584]]],[[[1728,3648],[1792,3648],[1792,3712],[1728,3712],[1728,3648]]],[[[1728,3712],[1792,3712],[1792,3776],[1728,3776],[1728,3712]]],[[[1728,3776],[1792,3776],[1792,3840],[1728,3840],[1728,3776]]],[[[1728,3840],[1792,3840],[1792,3904],[1728,3904],[1728,3840]]],[[[1728,3904],[1792,3904],[1792,3968],[1728,3968],[1728,3904]]],[[[1728,3968],[1792,3968],[1792,4032],[1728,4032],[1728,3968]]],[[[1728,9920],[1792,9920],[1792,9984],[1728,9984],[1728,9920]]],[[[1728,9984],[1792,9984],[1792,10048],[1728,10048],[1728,9984]]],[[[1728,10048],[1792,10048],[1792,10112],[1728,10112],[1728,10048]]],[[[1728,10112],[1792,10112],[1792,10176],[1728,10176],[1728,10112]]],[[[1728,10176],[1792,10176],[1792,10240],[1728,10240],[1728,10176]]],[[[1728,10240],[1792,10240],[1792,10304],[1728,10304],[1728,10240]]],[[[1728,10304],[1792,10304],[1792,10368],[1728,10368],[1728,10304]]],[[[1792,3392],[1856,3392],[1856,3456],[1792,3456],[1792,3392]]],[[[1792,3456],[1856,3456],[1856,3520],[1792,3520],[1792,3456]]],[[[1792,3520],[1856,3520],[1856,3584],[1792,3584],[1792,3520]]],[[[1792,3584],[1856,3584],[1856,3648],[1792,3648],[1792,3584]]],[[[1792,3648],[1856,3648],[1856,3712],[1792,3712],[1792,3648]]],[[[1792,3712],[1856,3712],[1856,3776],[1792,3776],[1792,3712]]],[[[1792,3776],[1856,3776],[1856,3840],[1792,3840],[1792,3776]]],[[[1792,3840],[1856,3840],[1856,3904],[1792,3904],[1792,3840]]],[[[1792,3904],[1856,3904],[1856,3968],[1792,3968],[1792,3904]]],[[[1792,3968],[1856,3968],[1856,4032],[1792,4032],[1792,3968]]],[[[1792,9920],[1856,9920],[1856,9984],[1792,9984],[1792,9920]]],[[[1792,9984],[1856,9984],[1856,10048],[1792,10048],[1792,9984]]],[[[1792,10048],[1856,10048],[1856,10112],[1792,10112],[1792,10048]]],[[[1792,10112],[1856,10112],[1856,10176],[1792,10176],[1792,10112]]],[[[1792,10176],[1856,10176],[1856,10240],[1792,10240],[1792,10176]]],[[[1792,10240],[1856,10240],[1856,10304],[1792,10304],[1792,10240]]],[[[1792,10304],[1856,10304],[1856,10368],[1792,10368],[1792,10304]]],[[[1856,3392],[1920,3392],[1920,3456],[1856,3456],[1856,3392]]],[[[1856,3456],[1920,3456],[1920,3520],[1856,3520],[1856,3456]]],[[[1856,3520],[1920,3520],[1920,3584],[1856,3584],[1856,3520]]],[[[1856,3584],[1920,3584],[1920,3648],[1856,3648],[1856,3584]]],[[[1856,3648],[1920,3648],[1920,3712],[1856,3712],[1856,3648]]],[[[1856,3712],[1920,3712],[1920,3776],[1856,3776],[1856,3712]]],[[[1856,3776],[1920,3776],[1920,3840],[1856,3840],[1856,3776]]],[[[1856,3840],[1920,3840],[1920,3904],[1856,3904],[1856,3840]]],[[[1856,3904],[1920,3904],[1920,3968],[1856,3968],[1856,3904]]],[[[1856,3968],[1920,3968],[1920,4032],[1856,4032],[1856,3968]]],[[[1856,9920],[1920,9920],[1920,9984],[1856,9984],[1856,9920]]],[[[1856,9984],[1920,9984],[1920,10048],[1856,10048],[1856,9984]]],[[[1856,10048],[1920,10048],[1920,10112],[1856,10112],[1856,10048]]],[[[1856,10112],[1920,10112],[1920,10176],[1856,10176],[1856,10112]]],[[[1856,10176],[1920,10176],[1920,10240],[1856,10240],[1856,10176]]],[[[1856,10240],[1920,10240],[1920,10304],[1856,10304],[1856,10240]]],[[[1856,10304],[1920,10304],[1920,10368],[1856,10368],[1856,10304]]],[[[3584,9472],[3648,9472],[3648,9536],[3584,9536],[3584,9472]]],[[[3584,9536],[3648,9536],[3648,9600],[3584,9600],[3584,9536]]],[[[3584,9600],[3648,9600],[3648,9664],[3584,9664],[3584,9600]]],[[[3584,9664],[3648,9664],[3648,9728],[3584,9728],[3584,9664]]],[[[3648,9472],[3712,9472],[3712,9536],[3648,9536],[3648,9472]]],[[[3648,9536],[3712,9536],[3712,9600],[3648,9600],[3648,9536]]],[[[3648,9600],[3712,9600],[3712,9664],[3648,9664],[3648,9600]]],[[[3648,9664],[3712,9664],[3712,9728],[3648,9728],[3648,9664]]],[[[1152,3456],[1153,3456],[1154,3456],[1155,3456],[1156,3456],[1157,3456],[1158,3456],[1159,3456],[1160,3456],[1161,3456],[1162,3456],[1163,3456],[1164,3456],[1165,3456],[1166,3456],[1167,3456],[1168,3456],[1169,3456],[1170,3456],[1171,3456],[1172,3456],[1173,3456],[1174,3456],[1175,3456],[1176,3456],[1177,3456],[1178,3456],[1179,3456],[1180,3456],[1181,3456],[1182,3456],[1183,3456],[1184,3456],[1185,3456],[1186,3456],[1187,3456],[1188,3456],[1189,3456],[1190,3456],[1191,3456],[1192,3456],[1193,3456],[1194,3456],[1195,3456],[1196,3456],[1197,3456],[1198,3456],[1199,3456],[1200,3456],[1201,3456],[1202,3456],[1203,3456],[1203,3457],[1204,3457],[1204,3458],[1205,3458],[1205,3459],[1206,3459],[1207,3459],[1208,3459],[1208,3460],[1209,3460],[1210,3460],[1211,3460],[1212,3460],[1213,3460],[1214,3460],[1215,3460],[1216,3460],[1216,3461],[1216,3462],[1216,3463],[1216,3464],[1216,3465],[1216,3466],[1216,3467],[1216,3468],[1216,3469],[1216,3470],[1216,3471],[1216,3472],[1216,3473],[1216,3474],[1216,3475],[1216,3476],[1216,3477],[1216,3478],[1216,3479],[1216,3480],[1216,3481],[1216,3482],[1216,3483],[1216,3484],[1216,3485],[1216,3486],[1216,3487],[1216,3488],[1216,3489],[1216,3490],[1216,3491],[1216,3492],[1216,3493],[1216,3494],[1216,3495],[1216,3496],[1216,3497],[1216,3498],[1216,3499],[1216,3500],[1216,3501],[1216,3502],[1216,3503],[1216,3504],[1216,3505],[1216,3506],[1216,3507],[1216,3508],[1216,3509],[1216,3510],[1216,3511],[1216,3512],[1216,3513],[1216,3514],[1216,3515],[1216,3516],[1216,3517],[1216,3518],[1216,3519],[1216,3520],[1215,3520],[1214,3520],[1213,3520],[1212,3520],[1211,3520],[1210,3520],[1209,3520],[1208,3520],[1207,3520],[1206,3520],[1205,3520],[1204,3520],[1203,3520],[1202,3520],[1201,3520],[1200,3520],[1199,3520],[1198,3520],[1197,3520],[1196,3520],[1195,3520],[1194,3520],[1193,3520],[1192,3520],[1191,3520],[1190,3520],[1189,3520],[1188,3520],[1187,3520],[1186,3520],[1185,3520],[1184,3520],[1183,3520],[1182,3520],[1181,3520],[1180,3520],[1179,3520],[1178,3520],[1177,3520],[1176,3520],[1175,3520],[1174,3520],[1173,3520],[1172,3520],[1171,3520],[1170,3520],[1169,3520],[1168,3520],[1167,3520],[1166,3520],[1165,3520],[1164,3520],[1163,3520],[1162,3520],[1161,3520],[1160,3520],[1159,3520],[1158,3520],[1157,3520],[1156,3520],[1155,3520],[1154,3520],[1153,3520],[1152,3520],[1152,3519],[1152,3518],[1152,3517],[1152,3516],[1152,3515],[1152,3514],[1152,3513],[1152,3512],[1152,3511],[1152,3510],[1152,3509],[1152,3508],[1152,3507],[1152,3506],[1152,3505],[1152,3504],[1152,3503],[1152,3502],[1152,3501],[1152,3500],[1152,3499],[1152,3498],[1152,3497],[1152,3496],[1152,3495],[1152,3494],[1152,3493],[1152,3492],[1152,3491],[1152,3490],[1152,3489],[1152,3488],[1152,3487],[1152,3486],[1152,3485],[1152,3484],[1152,3483],[1152,3482],[1152,3481],[1152,3480],[1152,3479],[1152,3478],[1152,3477],[1152,3476],[1152,3475],[1152,3474],[1152,3473],[1152,3472],[1152,3471],[1152,3470],[1152,3469],[1152,3468],[1152,3467],[1152,3466],[1152,3465],[1152,3464],[1152,3463],[1152,3462],[1152,3461],[1152,3460],[1152,3459],[1152,3458],[1152,3457],[1152,3456]]],[[[1152,3456],[1152,3457],[1152,3458],[1152,3459],[1152,3460],[1152,3461],[1152,3462],[1152,3463],[1152,3464],[1152,3465],[1152,3466],[1152,3467],[1152,3468],[1152,3469],[1152,3470],[1152,3471],[1152,3472],[1152,3473],[1152,3474],[1152,3475],[1152,3476],[1152,3477],[1152,3478],[1152,3479],[1152,3480],[1152,3481],[1152,3482],[1152,3483],[1152,3484],[1152,3485],[1152,3486],[1152,3487],[1152,3488],[1152,3489],[1152,3490],[1152,3491],[1152,3492],[1152,3493],[1152,3494],[1152,3495],[1152,3496],[1152,3497],[1152,3498],[1152,3499],[1152,3500],[1152,3501],[1152,3502],[1152,3503],[1152,3504],[1152,3505],[1152,3506],[1152,3507],[1152,3508],[1152,3509],[1152,3510],[1152,3511],[1152,3512],[1152,3513],[1152,3514],[1152,3515],[1152,3516],[1152,3517],[1152,3518],[1152,3519],[1152,3520],[1153,3520],[1154,3520],[1155,3520],[1156,3520],[1157,3520],[1158,3520],[1159,3520],[1160,3520],[1161,3520],[1162,3520],[1163,3520],[1164,3520],[1165,3520],[1166,3520],[1167,3520],[1168,3520],[1169,3520],[1170,3520],[1171,3520],[1172,3520],[1173,3520],[1174,3520],[1175,3520],[1176,3520],[1177,3520],[1178,3520],[1179,3520],[1180,3520],[1181,3520],[1182,3520],[1183,3520],[1184,3520],[1185,3520],[1186,3520],[1187,3520],[1188,3520],[1189,3520],[1190,3520],[1191,3520],[1192,3520],[1193,3520],[1194,3520],[1195,3520],[1196,3520],[1197,3520],[1198,3520],[1199,3520],[1200,3520],[1201,3520],[1202,3520],[1203,3520],[1204,3520],[1205,3520],[1206,3520],[1207,3520],[1208,3520],[1209,3520],[1210,3520],[1211,3520],[1212,3520],[1213,3520],[1214,3520],[1215,3520],[1216,3520],[1216,3519],[1216,3518],[1216,3517],[1216,3516],[1216,3515],[1216,3514],[1216,3513],[1216,3512],[1216,3511],[1216,3510],[1216,3509],[1216,3508],[1216,3507],[1216,3506],[1216,3505],[1216,3504],[1216,3503],[1216,3502],[1216,3501],[1216,3500],[1216,3499],[1216,3498],[1216,3497],[1216,3496],[1216,3495],[1216,3494],[1216,3493],[1216,3492],[1216,3491],[1216,3490],[1216,3489],[1216,3488],[1216,3487],[1216,3486],[1216,3485],[1216,3484],[1216,3483],[1216,3482],[1216,3481],[1216,3480],[1216,3479],[1216,3478],[1216,3477],[1216,3476],[1216,3475],[1216,3474],[1216,3473],[1216,3472],[1216,3471],[1216,3470],[1216,3469],[1216,3468],[1216,3467],[1216,3466],[1216,3465],[1216,3464],[1216,3463],[1216,3462],[1216,3461],[1216,3460],[1215,3460],[1214,3460],[1213,3460],[1212,3460],[1211,3460],[1210,3460],[1209,3460],[1208,3460],[1208,3459],[1207,3459],[1206,3459],[1205,3459],[1205,3458],[1204,3458],[1204,3457],[1203,3457],[1203,3456],[1202,3456],[1201,3456],[1200,3456],[1199,3456],[1198,3456],[1197,3456],[1196,3456],[1195,3456],[1194,3456],[1193,3456],[1192,3456],[1191,3456],[1190,3456],[1189,3456],[1188,3456],[1187,3456],[1186,3456],[1185,3456],[1184,3456],[1183,3456],[1182,3456],[1181,3456],[1180,3456],[1179,3456],[1178,3456],[1177,3456],[1176,3456],[1175,3456],[1174,3456],[1173,3456],[1172,3456],[1171,3456],[1170,3456],[1169,3456],[1168,3456],[1167,3456],[1166,3456],[1165,3456],[1164,3456],[1163,3456],[1162,3456],[1161,3456],[1160,3456],[1159,3456],[1158,3456],[1157,3456],[1156,3456],[1155,3456],[1154,3456],[1153,3456],[1152,3456]]],[[[1252,3459],[1253,3459],[1253,3460],[1253,3461],[1254,3461],[1255,3461],[1256,3461],[1256,3462],[1257,3462],[1257,3463],[1258,3463],[1259,3463],[1259,3464],[1260,3464],[1261,3464],[1262,3464],[1263,3464],[1264,3464],[1265,3464],[1265,3465],[1266,3465],[1267,3465],[1268,3465],[1269,3465],[1269,3464],[1270,3464],[1271,3464],[1272,3464],[1272,3463],[1273,3463],[1274,3463],[1274,3462],[1275,3462],[1276,3462],[1277,3462],[1278,3462],[1279,3462],[1280,3462],[1280,3463],[1280,3464],[1280,3465],[1280,3466],[1280,3467],[1280,3468],[1280,3469],[1280,3470],[1280,3471],[1280,3472],[1280,3473],[1280,3474],[1280,3475],[1280,3476],[1280,3477],[1280,3478],[1280,3479],[1280,3480],[1280,3481],[1280,3482],[1280,3483],[1280,3484],[1280,3485],[1280,3486],[1280,3487],[1280,3488],[1280,3489],[1280,3490],[1280,3491],[1280,3492],[1280,3493],[1280,3494],[1280,3495],[1280,3496],[1280,3497],[1280,3498],[1280,3499],[1280,3500],[1280,3501],[1280,3502],[1280,3503],[1280,3504],[1280,3505],[1280,3506],[1280,3507],[1280,3508],[1280,3509],[1280,3510],[1280,3511],[1280,3512],[1280,3513],[1280,3514],[1280,3515],[1280,3516],[1280,3517],[1280,3518],[1280,3519],[1280,3520],[1279,3520],[1278,3520],[1277,3520],[1276,3520],[1275,3520],[1274,3520],[1273,3520],[1272,3520],[1271,3520],[1270,3520],[1269,3520],[1268,3520],[1267,3520],[1266,3520],[1265,3520],[1264,3520],[1263,3520],[1262,3520],[1261,3520],[1260,3520],[1259,3520],[1258,3520],[1257,3520],[1256,3520],[1255,3520],[1254,3520],[1253,3520],[1252,3520],[1251,3520],[1250,3520],[1249,3520],[1248,3520],[1247,3520],[1246,3520],[1245,3520],[1244,3520],[1243,3520],[1242,3520],[1241,3520],[1240,3520],[1239,3520],[1238,3520],[1237,3520],[1236,3520],[1235,3520],[1234,3520],[1233,3520],[1232,3520],[1231,3520],[1230,3520],[1229,3520],[1228,3520],[1227,3520],[1226,3520],[1225,3520],[1224,3520],[1223,3520],[1222,3520],[1221,3520],[1220,3520],[1219,3520],[1218,3520],[1217,3520],[1216,3520],[1216,3519],[1216,3518],[1216,3517],[1216,3516],[1216,3515],[1216,3514],[1216,3513],[1216,3512],[1216,3511],[1216,3510],[1216,3509],[1216,3508],[1216,3507],[1216,3506],[1216,3505],[1216,3504],[1216,3503],[1216,3502],[1216,3501],[1216,3500],[1216,3499],[1216,3498],[1216,3497],[1216,3496],[1216,3495],[1216,3494],[1216,3493],[1216,3492],[1216,3491],[1216,3490],[1216,3489],[1216,3488],[1216,3487],[1216,3486],[1216,3485],[1216,3484],[1216,3483],[1216,3482],[1216,3481],[1216,3480],[1216,3479],[1216,3478],[1216,3477],[1216,3476],[1216,3475],[1216,3474],[1216,3473],[1216,3472],[1216,3471],[1216,3470],[1216,3469],[1216,3468],[1216,3467],[1216,3466],[1216,3465],[1216,3464],[1216,3463],[1216,3462],[1216,3461],[1216,3460],[1217,3460],[1218,3460],[1219,3460],[1220,3460],[1221,3460],[1222,3460],[1223,3460],[1224,3460],[1225,3460],[1226,3460],[1227,3460],[1228,3460],[1228,3461],[1229,3461],[1230,3461],[1231,3461],[1232,3461],[1233,3461],[1234,3461],[1235,3461],[1236,3461],[1237,3461],[1238,3461],[1239,3461],[1240,3461],[1241,3461],[1242,3461],[1243,3461],[1244,3461],[1245,3461],[1246,3461],[1247,3461],[1248,3461],[1249,3461],[1250,3461],[1250,3460],[1251,3460],[1252,3460],[1252,3459]]],[[[1252,3459],[1252,3460],[1251,3460],[1250,3460],[1250,3461],[1249,3461],[1248,3461],[1247,3461],[1246,3461],[1245,3461],[1244,3461],[1243,3461],[1242,3461],[1241,3461],[1240,3461],[1239,3461],[1238,3461],[1237,3461],[1236,3461],[1235,3461],[1234,3461],[1233,3461],[1232,3461],[1231,3461],[1230,3461],[1229,3461],[1228,3461],[1228,3460],[1227,3460],[1226,3460],[1225,3460],[1224,3460],[1223,3460],[1222,3460],[1221,3460],[1220,3460],[1219,3460],[1218,3460],[1217,3460],[1216,3460],[1216,3461],[1216,3462],[1216,3463],[1216,3464],[1216,3465],[1216,3466],[1216,3467],[1216,3468],[1216,3469],[1216,3470],[1216,3471],[1216,3472],[1216,3473],[1216,3474],[1216,3475],[1216,3476],[1216,3477],[1216,3478],[1216,3479],[1216,3480],[1216,3481],[1216,3482],[1216,3483],[1216,3484],[1216,3485],[1216,3486],[1216,3487],[1216,3488],[1216,3489],[1216,3490],[1216,3491],[1216,3492],[1216,3493],[1216,3494],[1216,3495],[1216,3496],[1216,3497],[1216,3498],[1216,3499],[1216,3500],[1216,3501],[1216,3502],[1216,3503],[1216,3504],[1216,3505],[1216,3506],[1216,3507],[1216,3508],[1216,3509],[1216,3510],[1216,3511],[1216,3512],[1216,3513],[1216,3514],[1216,3515],[1216,3516],[1216,3517],[1216,3518],[1216,3519],[1216,3520],[1217,3520],[1218,3520],[1219,3520],[1220,3520],[1221,3520],[1222,3520],[1223,3520],[1224,3520],[1225,3520],[1226,3520],[1227,3520],[1228,3520],[1229,3520],[1230,3520],[1231,3520],[1232,3520],[1233,3520],[1234,3520],[1235,3520],[1236,3520],[1237,3520],[1238,3520],[1239,3520],[1240,3520],[1241,3520],[1242,3520],[1243,3520],[1244,3520],[1245,3520],[1246,3520],[1247,3520],[1248,3520],[1249,3520],[1250,3520],[1251,3520],[1252,3520],[1253,3520],[1254,3520],[1255,3520],[1256,3520],[1257,3520],[1258,3520],[1259,3520],[1260,3520],[1261,3520],[1262,3520],[1263,3520],[1264,3520],[1265,3520],[1266,3520],[1267,3520],[1268,3520],[1269,3520],[1270,3520],[1271,3520],[1272,3520],[1273,3520],[1274,3520],[1275,3520],[1276,3520],[1277,3520],[1278,3520],[1279,3520],[1280,3520],[1280,3519],[1280,3518],[1280,3517],[1280,3516],[1280,3515],[1280,3514],[1280,3513],[1280,3512],[1280,3511],[1280,3510],[1280,3509],[1280,3508],[1280,3507],[1280,3506],[1280,3505],[1280,3504],[1280,3503],[1280,3502],[1280,3501],[1280,3500],[1280,3499],[1280,3498],[1280,3497],[1280,3496],[1280,3495],[1280,3494],[1280,3493],[1280,3492],[1280,3491],[1280,3490],[1280,3489],[1280,3488],[1280,3487],[1280,3486],[1280,3485],[1280,3484],[1280,3483],[1280,3482],[1280,3481],[1280,3480],[1280,3479],[1280,3478],[1280,3477],[1280,3476],[1280,3475],[1280,3474],[1280,3473],[1280,3472],[1280,3471],[1280,3470],[1280,3469],[1280,3468],[1280,3467],[1280,3466],[1280,3465],[1280,3464],[1280,3463],[1280,3462],[1279,3462],[1278,3462],[1277,3462],[1276,3462],[1275,3462],[1274,3462],[1274,3463],[1273,3463],[1272,3463],[1272,3464],[1271,3464],[1270,3464],[1269,3464],[1269,3465],[1268,3465],[1267,3465],[1266,3465],[1265,3465],[1265,3464],[1264,3464],[1263,3464],[1262,3464],[1261,3464],[1260,3464],[1259,3464],[1259,3463],[1258,3463],[1257,3463],[1257,3462],[1256,3462],[1256,3461],[1255,3461],[1254,3461],[1253,3461],[1253,3460],[1253,3459],[1252,3459]]],[[[1283,3461],[1284,3461],[1285,3461],[1286,3461],[1287,3461],[1288,3461],[1289,3461],[1290,3461],[1291,3461],[1292,3461],[1293,3461],[1294,3461],[1295,3461],[1296,3461],[1297,3461],[1298,3461],[1299,3461],[1300,3461],[1301,3461],[1302,3461],[1303,3461],[1304,3461],[1304,3462],[1305,3462],[1306,3462],[1307,3462],[1308,3462],[1309,3462],[1310,3462],[1311,3462],[1312,3462],[1313,3462],[1314,3462],[1315,3462],[1316,3462],[1317,3462],[1318,3462],[1319,3462],[1320,3462],[1320,3463],[1321,3463],[1321,3464],[1322,3464],[1322,3465],[1323,3465],[1323,3466],[1324,3466],[1325,3466],[1325,3467],[1326,3467],[1326,3468],[1327,3468],[1328,3468],[1329,3468],[1329,3469],[1330,3469],[1331,3469],[1332,3469],[1333,3469],[1333,3470],[1334,3470],[1334,3471],[1335,3471],[1336,3471],[1336,3472],[1337,3472],[1338,3472],[1338,3473],[1339,3473],[1339,3474],[1340,3474],[1341,3474],[1341,3475],[1342,3475],[1343,3475],[1344,3475],[1344,3476],[1344,3477],[1344,3478],[1344,3479],[1344,3480],[1344,3481],[1344,3482],[1344,3483],[1344,3484],[1344,3485],[1344,3486],[1344,3487],[1344,3488],[1344,3489],[1344,3490],[1344,3491],[1344,3492],[1344,3493],[1344,3494],[1344,3495],[1344,3496],[1344,3497],[1344,3498],[1344,3499],[1344,3500],[1344,3501],[1344,3502],[1344,3503],[1344,3504],[1344,3505],[1344,3506],[1344,3507],[1344,3508],[1344,3509],[1344,3510],[1344,3511],[1344,3512],[1344,3513],[1344,3514],[1344,3515],[1344,3516],[1344,3517],[1344,3518],[1344,3519],[1344,3520],[1343,3520],[1342,3520],[1341,3520],[1340,3520],[1339,3520],[1338,3520],[1337,3520],[1336,3520],[1335,3520],[1334,3520],[1333,3520],[1332,3520],[1331,3520],[1330,3520],[1329,3520],[1328,3520],[1327,3520],[1326,3520],[1325,3520],[1324,3520],[1323,3520],[1322,3520],[1321,3520],[1320,3520],[1319,3520],[1318,3520],[1317,3520],[1316,3520],[1315,3520],[1314,3520],[1313,3520],[1312,3520],[1311,3520],[1310,3520],[1309,3520],[1308,3520],[1307,3520],[1306,3520],[1305,3520],[1304,3520],[1303,3520],[1302,3520],[1301,3520],[1300,3520],[1299,3520],[1298,3520],[1297,3520],[1296,3520],[1295,3520],[1294,3520],[1293,3520],[1292,3520],[1291,3520],[1290,3520],[1289,3520],[1288,3520],[1287,3520],[1286,3520],[1285,3520],[1284,3520],[1283,3520],[1282,3520],[1281,3520],[1280,3520],[1280,3519],[1280,3518],[1280,3517],[1280,3516],[1280,3515],[1280,3514],[1280,3513],[1280,3512],[1280,3511],[1280,3510],[1280,3509],[1280,3508],[1280,3507],[1280,3506],[1280,3505],[1280,3504],[1280,3503],[1280,3502],[1280,3501],[1280,3500],[1280,3499],[1280,3498],[1280,3497],[1280,3496],[1280,3495],[1280,3494],[1280,3493],[1280,3492],[1280,3491],[1280,3490],[1280,3489],[1280,3488],[1280,3487],[1280,3486],[1280,3485],[1280,3484],[1280,3483],[1280,3482],[1280,3481],[1280,3480],[1280,3479],[1280,3478],[1280,3477],[1280,3476],[1280,3475],[1280,3474],[1280,3473],[1280,3472],[1280,3471],[1280,3470],[1280,3469],[1280,3468],[1280,3467],[1280,3466],[1280,3465],[1280,3464],[1280,3463],[1280,3462],[1281,3462],[1282,3462],[1283,3462],[1283,3461]]],[[[1283,3461],[1283,3462],[1282,3462],[1281,3462],[1280,3462],[1280,3463],[1280,3464],[1280,3465],[1280,3466],[1280,3467],[1280,3468],[1280,3469],[1280,3470],[1280,3471],[1280,3472],[1280,3473],[1280,3474],[1280,3475],[1280,3476],[1280,3477],[1280,3478],[1280,3479],[1280,3480],[1280,3481],[1280,3482],[1280,3483],[1280,3484],[1280,3485],[1280,3486],[1280,3487],[1280,3488],[1280,3489],[1280,3490],[1280,3491],[1280,3492],[1280,3493],[1280,3494],[1280,3495],[1280,3496],[1280,3497],[1280,3498],[1280,3499],[1280,3500],[1280,3501],[1280,3502],[1280,3503],[1280,3504],[1280,3505],[1280,3506],[1280,3507],[1280,3508],[1280,3509],[1280,3510],[1280,3511],[1280,3512],[1280,3513],[1280,3514],[1280,3515],[1280,3516],[1280,3517],[1280,3518],[1280,3519],[1280,3520],[1281,3520],[1282,3520],[1283,3520],[1284,3520],[1285,3520],[1286,3520],[1287,3520],[1288,3520],[1289,3520],[1290,3520],[1291,3520],[1292,3520],[1293,3520],[1294,3520],[1295,3520],[1296,3520],[1297,3520],[1298,3520],[1299,3520],[1300,3520],[1301,3520],[1302,3520],[1303,3520],[1304,3520],[1305,3520],[1306,3520],[1307,3520],[1308,3520],[1309,3520],[1310,3520],[1311,3520],[1312,3520],[1313,3520],[1314,3520],[1315,3520],[1316,3520],[1317,3520],[1318,3520],[1319,3520],[1320,3520],[1321,3520],[1322,3520],[1323,3520],[1324,3520],[1325,3520],[1326,3520],[1327,3520],[1328,3520],[1329,3520],[1330,3520],[1331,3520],[1332,3520],[1333,3520],[1334,3520],[1335,3520],[1336,3520],[1337,3520],[1338,3520],[1339,3520],[1340,3520],[1341,3520],[1342,3520],[1343,3520],[1344,3520],[1344,3519],[1344,3518],[1344,3517],[1344,3516],[1344,3515],[1344,3514],[1344,3513],[1344,3512],[1344,3511],[1344,3510],[1344,3509],[1344,3508],[1344,3507],[1344,3506],[1344,3505],[1344,3504],[1344,3503],[1344,3502],[1344,3501],[1344,3500],[1344,3499],[1344,3498],[1344,3497],[1344,3496],[1344,3495],[1344,3494],[1344,3493],[1344,3492],[1344,3491],[1344,3490],[1344,3489],[1344,3488],[1344,3487],[1344,3486],[1344,3485],[1344,3484],[1344,3483],[1344,3482],[1344,3481],[1344,3480],[1344,3479],[1344,3478],[1344,3477],[1344,3476],[1344,3475],[1343,3475],[1342,3475],[1341,3475],[1341,3474],[1340,3474],[1339,3474],[1339,3473],[1338,3473],[1338,3472],[1337,3472],[1336,3472],[1336,3471],[1335,3471],[1334,3471],[1334,3470],[1333,3470],[1333,3469],[1332,3469],[1331,3469],[1330,3469],[1329,3469],[1329,3468],[1328,3468],[1327,3468],[1326,3468],[1326,3467],[1325,3467],[1325,3466],[1324,3466],[1323,3466],[1323,3465],[1322,3465],[1322,3464],[1321,3464],[1321,3463],[1320,3463],[1320,3462],[1319,3462],[1318,3462],[1317,3462],[1316,3462],[1315,3462],[1314,3462],[1313,3462],[1312,3462],[1311,3462],[1310,3462],[1309,3462],[1308,3462],[1307,3462],[1306,3462],[1305,3462],[1304,3462],[1304,3461],[1303,3461],[1302,3461],[1301,3461],[1300,3461],[1299,3461],[1298,3461],[1297,3461],[1296,3461],[1295,3461],[1294,3461],[1293,3461],[1292,3461],[1291,3461],[1290,3461],[1289,3461],[1288,3461],[1287,3461],[1286,3461],[1285,3461],[1284,3461],[1283,3461]]],[[[1356,3456],[1357,3456],[1358,3456],[1359,3456],[1360,3456],[1361,3456],[1362,3456],[1363,3456],[1364,3456],[1365,3456],[1366,3456],[1367,3456],[1368,3456],[1369,3456],[1370,3456],[1371,3456],[1372,3456],[1373,3456],[1374,3456],[1375,3456],[1376,3456],[1377,3456],[1378,3456],[1379,3456],[1380,3456],[1381,3456],[1382,3456],[1383,3456],[1384,3456],[1385,3456],[1386,3456],[1387,3456],[1388,3456],[1389,3456],[1390,3456],[1391,3456],[1392,3456],[1393,3456],[1394,3456],[1395,3456],[1396,3456],[1397,3456],[1398,3456],[1399,3456],[1400,3456],[1401,3456],[1402,3456],[1403,3456],[1404,3456],[1405,3456],[1406,3456],[1407,3456],[1408,3456],[1408,3457],[1408,3458],[1408,3459],[1408,3460],[1408,3461],[1408,3462],[1408,3463],[1408,3464],[1408,3465],[1408,3466],[1408,3467],[1408,3468],[1408,3469],[1408,3470],[1408,3471],[1408,3472],[1408,3473],[1408,3474],[1408,3475],[1408,3476],[1408,3477],[1408,3478],[1408,3479],[1408,3480],[1408,3481],[1408,3482],[1408,3483],[1408,3484],[1408,3485],[1408,3486],[1408,3487],[1408,3488],[1408,3489],[1408,3490],[1408,3491],[1408,3492],[1408,3493],[1408,3494],[1408,3495],[1408,3496],[1408,3497],[1408,3498],[1408,3499],[1408,3500],[1408,3501],[1408,3502],[1408,3503],[1408,3504],[1408,3505],[1408,3506],[1408,3507],[1408,3508],[1408,3509],[1408,3510],[1408,3511],[1408,3512],[1408,3513],[1408,3514],[1408,3515],[1408,3516],[1408,3517],[1408,3518],[1408,3519],[1408,3520],[1407,3520],[1406,3520],[1405,3520],[1404,3520],[1403,3520],[1402,3520],[1401,3520],[1400,3520],[1399,3520],[1398,3520],[1397,3520],[1396,3520],[1395,3520],[1394,3520],[1393,3520],[1392,3520],[1391,3520],[1390,3520],[1389,3520],[1388,3520],[1387,3520],[1386,3520],[1385,3520],[1384,3520],[1383,3520],[1382,3520],[1381,3520],[1380,3520],[1379,3520],[1378,3520],[1377,3520],[1376,3520],[1375,3520],[1374,3520],[1373,3520],[1372,3520],[1371,3520],[1370,3520],[1369,3520],[1368,3520],[1367,3520],[1366,3520],[1365,3520],[1364,3520],[1363,3520],[1362,3520],[1361,3520],[1360,3520],[1359,3520],[1358,3520],[1357,3520],[1356,3520],[1355,3520],[1354,3520],[1353,3520],[1352,3520],[1351,3520],[1350,3520],[1349,3520],[1348,3520],[1347,3520],[1346,3520],[1345,3520],[1344,3520],[1344,3519],[1344,3518],[1344,3517],[1344,3516],[1344,3515],[1344,3514],[1344,3513],[1344,3512],[1344,3511],[1344,3510],[1344,3509],[1344,3508],[1344,3507],[1344,3506],[1344,3505],[1344,3504],[1344,3503],[1344,3502],[1344,3501],[1344,3500],[1344,3499],[1344,3498],[1344,3497],[1344,3496],[1344,3495],[1344,3494],[1344,3493],[1344,3492],[1344,3491],[1344,3490],[1344,3489],[1344,3488],[1344,3487],[1344,3486],[1344,3485],[1344,3484],[1344,3483],[1344,3482],[1344,3481],[1344,3480],[1344,3479],[1344,3478],[1344,3477],[1344,3476],[1344,3475],[1345,3475],[1345,3476],[1346,3476],[1347,3476],[1348,3476],[1349,3476],[1350,3476],[1351,3476],[1352,3476],[1352,3477],[1353,3477],[1354,3477],[1355,3477],[1356,3477],[1357,3477],[1358,3477],[1359,3477],[1359,3476],[1360,3476],[1360,3475],[1361,3475],[1361,3474],[1362,3474],[1362,3473],[1362,3472],[1362,3471],[1362,3470],[1362,3469],[1362,3468],[1362,3467],[1362,3466],[1361,3466],[1361,3465],[1360,3465],[1360,3464],[1359,3464],[1359,3463],[1358,3463],[1358,3462],[1358,3461],[1358,3460],[1358,3459],[1358,3458],[1357,3458],[1357,3457],[1356,3457],[1356,3456]]],[[[1356,3456],[1356,3457],[1357,3457],[1357,3458],[1358,3458],[1358,3459],[1358,3460],[1358,3461],[1358,3462],[1358,3463],[1359,3463],[1359,3464],[1360,3464],[1360,3465],[1361,3465],[1361,3466],[1362,3466],[1362,3467],[1362,3468],[1362,3469],[1362,3470],[1362,3471],[1362,3472],[1362,3473],[1362,3474],[1361,3474],[1361,3475],[1360,3475],[1360,3476],[1359,3476],[1359,3477],[1358,3477],[1357,3477],[1356,3477],[1355,3477],[1354,3477],[1353,3477],[1352,3477],[1352,3476],[1351,3476],[1350,3476],[1349,3476],[1348,3476],[1347,3476],[1346,3476],[1345,3476],[1345,3475],[1344,3475],[1344,3476],[1344,3477],[1344,3478],[1344,3479],[1344,3480],[1344,3481],[1344,3482],[1344,3483],[1344,3484],[1344,3485],[1344,3486],[1344,3487],[1344,3488],[1344,3489],[1344,3490],[1344,3491],[1344,3492],[1344,3493],[1344,3494],[1344,3495],[1344,3496],[1344,3497],[1344,3498],[1344,3499],[1344,3500],[1344,3501],[1344,3502],[1344,3503],[1344,3504],[1344,3505],[1344,3506],[1344,3507],[1344,3508],[1344,3509],[1344,3510],[1344,3511],[1344,3512],[1344,3513],[1344,3514],[1344,3515],[1344,3516],[1344,3517],[1344,3518],[1344,3519],[1344,3520],[1345,3520],[1346,3520],[1347,3520],[1348,3520],[1349,3520],[1350,3520],[1351,3520],[1352,3520],[1353,3520],[1354,3520],[1355,3520],[1356,3520],[1357,3520],[1358,3520],[1359,3520],[1360,3520],[1361,3520],[1362,3520],[1363,3520],[1364,3520],[1365,3520],[1366,3520],[1367,3520],[1368,3520],[1369,3520],[1370,3520],[1371,3520],[1372,3520],[1373,3520],[1374,3520],[1375,3520],[1376,3520],[1377,3520],[1378,3520],[1379,3520],[1380,3520],[1381,3520],[1382,3520],[1383,3520],[1384,3520],[1385,3520],[1386,3520],[1387,3520],[1388,3520],[1389,3520],[1390,3520],[1391,3520],[1392,3520],[1393,3520],[1394,3520],[1395,3520],[1396,3520],[1397,3520],[1398,3520],[1399,3520],[1400,3520],[1401,3520],[1402,3520],[1403,3520],[1404,3520],[1405,3520],[1406,3520],[1407,3520],[1408,3520],[1408,3519],[1408,3518],[1408,3517],[1408,3516],[1408,3515],[1408,3514],[1408,3513],[1408,3512],[1408,3511],[1408,3510],[1408,3509],[1408,3508],[1408,3507],[1408,3506],[1408,3505],[1408,3504],[1408,3503],[1408,3502],[1408,3501],[1408,3500],[1408,3499],[1408,3498],[1408,3497],[1408,3496],[1408,3495],[1408,3494],[1408,3493],[1408,3492],[1408,3491],[1408,3490],[1408,3489],[1408,3488],[1408,3487],[1408,3486],[1408,3485],[1408,3484],[1408,3483],[1408,3482],[1408,3481],[1408,3480],[1408,3479],[1408,3478],[1408,3477],[1408,3476],[1408,3475],[1408,3474],[1408,3473],[1408,3472],[1408,3471],[1408,3470],[1408,3469],[1408,3468],[1408,3467],[1408,3466],[1408,3465],[1408,3464],[1408,3463],[1408,3462],[1408,3461],[1408,3460],[1408,3459],[1408,3458],[1408,3457],[1408,3456],[1407,3456],[1406,3456],[1405,3456],[1404,3456],[1403,3456],[1402,3456],[1401,3456],[1400,3456],[1399,3456],[1398,3456],[1397,3456],[1396,3456],[1395,3456],[1394,3456],[1393,3456],[1392,3456],[1391,3456],[1390,3456],[1389,3456],[1388,3456],[1387,3456],[1386,3456],[1385,3456],[1384,3456],[1383,3456],[1382,3456],[1381,3456],[1380,3456],[1379,3456],[1378,3456],[1377,3456],[1376,3456],[1375,3456],[1374,3456],[1373,3456],[1372,3456],[1371,3456],[1370,3456],[1369,3456],[1368,3456],[1367,3456],[1366,3456],[1365,3456],[1364,3456],[1363,3456],[1362,3456],[1361,3456],[1360,3456],[1359,3456],[1358,3456],[1357,3456],[1356,3456]]]]}},{"type":"Feature","properties":{"areaId":21,"name":"Varlamore","tileCount":1410295,"partCount":364},"geometry":{"type":"MultiPolygon","coordinates":[[[[1024,2624],[1088,2624],[1088,2688],[1024,2688],[1024,2624]]],[[[1024,2688],[1088,2688],[1088,2752],[1024,2752],[1024,2688]]],[[[1024,2752],[1088,2752],[1088,2816],[1024,2816],[1024,2752]]],[[[1024,2816],[1088,2816],[1088,2880],[1024,2880],[1024,2816]]],[[[1024,2880],[1088,2880],[1088,2944],[1024,2944],[1024,2880]]],[[[1024,2944],[1088,2944],[1088,3008],[1024,3008],[1024,2944]]],[[[1024,3008],[1088,3008],[1088,3072],[1024,3072],[1024,3008]]],[[[1024,3072],[1088,3072],[1088,3136],[1024,3136],[1024,3072]]],[[[1024,3136],[1088,3136],[1088,3200],[1024,3200],[1024,3136]]],[[[1024,3200],[1088,3200],[1088,3264],[1024,3264],[1024,3200]]],[[[1024,3264],[1088,3264],[1088,3328],[1024,3328],[1024,3264]]],[[[1024,3328],[1088,3328],[1088,3392],[1024,3392],[1024,3328]]],[[[1024,9216],[1088,9216],[1088,9280],[1024,9280],[1024,9216]]],[[[1024,9280],[1088,9280],[1088,9344],[1024,9344],[1024,9280]]],[[[1024,9344],[1088,9344],[1088,9408],[1024,9408],[1024,9344]]],[[[1024,9408],[1088,9408],[1088,9472],[1024,9472],[1024,9408]]],[[[1024,9472],[1088,9472],[1088,9536],[1024,9536],[1024,9472]]],[[[1024,9536],[1088,9536],[1088,9600],[1024,9600],[1024,9536]]],[[[1024,9600],[1088,9600],[1088,9664],[1024,9664],[1024,9600]]],[[[1024,9664],[1088,9664],[1088,9728],[1024,9728],[1024,9664]]],[[[1024,9728],[1088,9728],[1088,9792],[1024,9792],[1024,9728]]],[[[1024,9792],[1088,9792],[1088,9856],[1024,9856],[1024,9792]]],[[[1024,9856],[1088,9856],[1088,9920],[1024,9920],[1024,9856]]],[[[1088,2624],[1152,2624],[1152,2688],[1088,2688],[1088,2624]]],[[[1088,2688],[1152,2688],[1152,2752],[1088,2752],[1088,2688]]],[[[1088,2752],[1152,2752],[1152,2816],[1088,2816],[1088,2752]]],[[[1088,2816],[1152,2816],[1152,2880],[1088,2880],[1088,2816]]],[[[1088,2880],[1152,2880],[1152,2944],[1088,2944],[1088,2880]]],[[[1088,2944],[1152,2944],[1152,3008],[1088,3008],[1088,2944]]],[[[1088,3008],[1152,3008],[1152,3072],[1088,3072],[1088,3008]]],[[[1088,3072],[1152,3072],[1152,3136],[1088,3136],[1088,3072]]],[[[1088,3136],[1152,3136],[1152,3200],[1088,3200],[1088,3136]]],[[[1088,3200],[1152,3200],[1152,3264],[1088,3264],[1088,3200]]],[[[1088,3264],[1152,3264],[1152,3328],[1088,3328],[1088,3264]]],[[[1088,3328],[1152,3328],[1152,3392],[1088,3392],[1088,3328]]],[[[1088,3392],[1152,3392],[1152,3456],[1088,3456],[1088,3392]]],[[[1088,9216],[1152,9216],[1152,9280],[1088,9280],[1088,9216]]],[[[1088,9280],[1152,9280],[1152,9344],[1088,9344],[1088,9280]]],[[[1088,9344],[1152,9344],[1152,9408],[1088,9408],[1088,9344]]],[[[1088,9408],[1152,9408],[1152,9472],[1088,9472],[1088,9408]]],[[[1088,9472],[1152,9472],[1152,9536],[1088,9536],[1088,9472]]],[[[1088,9536],[1152,9536],[1152,9600],[1088,9600],[1088,9536]]],[[[1088,9600],[1152,9600],[1152,9664],[1088,9664],[1088,9600]]],[[[1088,9664],[1152,9664],[1152,9728],[1088,9728],[1088,9664]]],[[[1088,9728],[1152,9728],[1152,9792],[1088,9792],[1088,9728]]],[[[1088,9792],[1152,9792],[1152,9856],[1088,9856],[1088,9792]]],[[[1088,9856],[1152,9856],[1152,9920],[1088,9920],[1088,9856]]],[[[1152,2624],[1216,2624],[1216,2688],[1152,2688],[1152,2624]]],[[[1152,2688],[1216,2688],[1216,2752],[1152,2752],[1152,2688]]],[[[1152,2752],[1216,2752],[1216,2816],[1152,2816],[1152,2752]]],[[[1152,2816],[1216,2816],[1216,2880],[1152,2880],[1152,2816]]],[[[1152,2880],[1216,2880],[1216,2944],[1152,2944],[1152,2880]]],[[[1152,2944],[1216,2944],[1216,3008],[1152,3008],[1152,2944]]],[[[1152,3008],[1216,3008],[1216,3072],[1152,3072],[1152,3008]]],[[[1152,3072],[1216,3072],[1216,3136],[1152,3136],[1152,3072]]],[[[1152,3136],[1216,3136],[1216,3200],[1152,3200],[1152,3136]]],[[[1152,3200],[1216,3200],[1216,3264],[1152,3264],[1152,3200]]],[[[1152,3264],[1216,3264],[1216,3328],[1152,3328],[1152,3264]]],[[[1152,3328],[1216,3328],[1216,3392],[1152,3392],[1152,3328]]],[[[1152,9216],[1216,9216],[1216,9280],[1152,9280],[1152,9216]]],[[[1152,9280],[1216,9280],[1216,9344],[1152,9344],[1152,9280]]],[[[1152,9344],[1216,9344],[1216,9408],[1152,9408],[1152,9344]]],[[[1152,9408],[1216,9408],[1216,9472],[1152,9472],[1152,9408]]],[[[1152,9472],[1216,9472],[1216,9536],[1152,9536],[1152,9472]]],[[[1152,9536],[1216,9536],[1216,9600],[1152,9600],[1152,9536]]],[[[1152,9600],[1216,9600],[1216,9664],[1152,9664],[1152,9600]]],[[[1152,9664],[1216,9664],[1216,9728],[1152,9728],[1152,9664]]],[[[1152,9728],[1216,9728],[1216,9792],[1152,9792],[1152,9728]]],[[[1152,9792],[1216,9792],[1216,9856],[1152,9856],[1152,9792]]],[[[1152,9856],[1216,9856],[1216,9920],[1152,9920],[1152,9856]]],[[[1216,2624],[1280,2624],[1280,2688],[1216,2688],[1216,2624]]],[[[1216,2688],[1280,2688],[1280,2752],[1216,2752],[1216,2688]]],[[[1216,2752],[1280,2752],[1280,2816],[1216,2816],[1216,2752]]],[[[1216,2816],[1280,2816],[1280,2880],[1216,2880],[1216,2816]]],[[[1216,2880],[1280,2880],[1280,2944],[1216,2944],[1216,2880]]],[[[1216,2944],[1280,2944],[1280,3008],[1216,3008],[1216,2944]]],[[[1216,3008],[1280,3008],[1280,3072],[1216,3072],[1216,3008]]],[[[1216,3072],[1280,3072],[1280,3136],[1216,3136],[1216,3072]]],[[[1216,3136],[1280,3136],[1280,3200],[1216,3200],[1216,3136]]],[[[1216,3200],[1280,3200],[1280,3264],[1216,3264],[1216,3200]]],[[[1216,3264],[1280,3264],[1280,3328],[1216,3328],[1216,3264]]],[[[1216,3328],[1280,3328],[1280,3392],[1216,3392],[1216,3328]]],[[[1216,9216],[1280,9216],[1280,9280],[1216,9280],[1216,9216]]],[[[1216,9280],[1280,9280],[1280,9344],[1216,9344],[1216,9280]]],[[[1216,9344],[1280,9344],[1280,9408],[1216,9408],[1216,9344]]],[[[1216,9408],[1280,9408],[1280,9472],[1216,9472],[1216,9408]]],[[[1216,9472],[1280,9472],[1280,9536],[1216,9536],[1216,9472]]],[[[1216,9536],[1280,9536],[1280,9600],[1216,9600],[1216,9536]]],[[[1216,9600],[1280,9600],[1280,9664],[1216,9664],[1216,9600]]],[[[1216,9664],[1280,9664],[1280,9728],[1216,9728],[1216,9664]]],[[[1216,9728],[1280,9728],[1280,9792],[1216,9792],[1216,9728]]],[[[1216,9792],[1280,9792],[1280,9856],[1216,9856],[1216,9792]]],[[[1216,9856],[1280,9856],[1280,9920],[1216,9920],[1216,9856]]],[[[1280,2624],[1344,2624],[1344,2688],[1280,2688],[1280,2624]]],[[[1280,2688],[1344,2688],[1344,2752],[1280,2752],[1280,2688]]],[[[1280,2752],[1344,2752],[1344,2816],[1280,2816],[1280,2752]]],[[[1280,2816],[1344,2816],[1344,2880],[1280,2880],[1280,2816]]],[[[1280,2880],[1344,2880],[1344,2944],[1280,2944],[1280,2880]]],[[[1280,2944],[1344,2944],[1344,3008],[1280,3008],[1280,2944]]],[[[1280,3008],[1344,3008],[1344,3072],[1280,3072],[1280,3008]]],[[[1280,3072],[1344,3072],[1344,3136],[1280,3136],[1280,3072]]],[[[1280,3136],[1344,3136],[1344,3200],[1280,3200],[1280,3136]]],[[[1280,3200],[1344,3200],[1344,3264],[1280,3264],[1280,3200]]],[[[1280,3264],[1344,3264],[1344,3328],[1280,3328],[1280,3264]]],[[[1280,3328],[1344,3328],[1344,3392],[1280,3392],[1280,3328]]],[[[1280,9216],[1344,9216],[1344,9280],[1280,9280],[1280,9216]]],[[[1280,9280],[1344,9280],[1344,9344],[1280,9344],[1280,9280]]],[[[1280,9344],[1344,9344],[1344,9408],[1280,9408],[1280,9344]]],[[[1280,9408],[1344,9408],[1344,9472],[1280,9472],[1280,9408]]],[[[1280,9472],[1344,9472],[1344,9536],[1280,9536],[1280,9472]]],[[[1280,9536],[1344,9536],[1344,9600],[1280,9600],[1280,9536]]],[[[1280,9600],[1344,9600],[1344,9664],[1280,9664],[1280,9600]]],[[[1280,9664],[1344,9664],[1344,9728],[1280,9728],[1280,9664]]],[[[1280,9728],[1344,9728],[1344,9792],[1280,9792],[1280,9728]]],[[[1280,9792],[1344,9792],[1344,9856],[1280,9856],[1280,9792]]],[[[1280,9856],[1344,9856],[1344,9920],[1280,9920],[1280,9856]]],[[[1344,2624],[1408,2624],[1408,2688],[1344,2688],[1344,2624]]],[[[1344,2688],[1408,2688],[1408,2752],[1344,2752],[1344,2688]]],[[[1344,2752],[1408,2752],[1408,2816],[1344,2816],[1344,2752]]],[[[1344,2816],[1408,2816],[1408,2880],[1344,2880],[1344,2816]]],[[[1344,2880],[1408,2880],[1408,2944],[1344,2944],[1344,2880]]],[[[1344,2944],[1408,2944],[1408,3008],[1344,3008],[1344,2944]]],[[[1344,3008],[1408,3008],[1408,3072],[1344,3072],[1344,3008]]],[[[1344,3072],[1408,3072],[1408,3136],[1344,3136],[1344,3072]]],[[[1344,3136],[1408,3136],[1408,3200],[1344,3200],[1344,3136]]],[[[1344,3200],[1408,3200],[1408,3264],[1344,3264],[1344,3200]]],[[[1344,3264],[1408,3264],[1408,3328],[1344,3328],[1344,3264]]],[[[1344,9216],[1408,9216],[1408,9280],[1344,9280],[1344,9216]]],[[[1344,9280],[1408,9280],[1408,9344],[1344,9344],[1344,9280]]],[[[1344,9344],[1408,9344],[1408,9408],[1344,9408],[1344,9344]]],[[[1344,9408],[1408,9408],[1408,9472],[1344,9472],[1344,9408]]],[[[1344,9472],[1408,9472],[1408,9536],[1344,9536],[1344,9472]]],[[[1344,9536],[1408,9536],[1408,9600],[1344,9600],[1344,9536]]],[[[1344,9600],[1408,9600],[1408,9664],[1344,9664],[1344,9600]]],[[[1344,9664],[1408,9664],[1408,9728],[1344,9728],[1344,9664]]],[[[1344,9728],[1408,9728],[1408,9792],[1344,9792],[1344,9728]]],[[[1344,9792],[1408,9792],[1408,9856],[1344,9856],[1344,9792]]],[[[1344,9856],[1408,9856],[1408,9920],[1344,9920],[1344,9856]]],[[[1408,2624],[1472,2624],[1472,2688],[1408,2688],[1408,2624]]],[[[1408,2688],[1472,2688],[1472,2752],[1408,2752],[1408,2688]]],[[[1408,2752],[1472,2752],[1472,2816],[1408,2816],[1408,2752]]],[[[1408,2816],[1472,2816],[1472,2880],[1408,2880],[1408,2816]]],[[[1408,2880],[1472,2880],[1472,2944],[1408,2944],[1408,2880]]],[[[1408,2944],[1472,2944],[1472,3008],[1408,3008],[1408,2944]]],[[[1408,3008],[1472,3008],[1472,3072],[1408,3072],[1408,3008]]],[[[1408,3072],[1472,3072],[1472,3136],[1408,3136],[1408,3072]]],[[[1408,3136],[1472,3136],[1472,3200],[1408,3200],[1408,3136]]],[[[1408,3200],[1472,3200],[1472,3264],[1408,3264],[1408,3200]]],[[[1408,3264],[1472,3264],[1472,3328],[1408,3328],[1408,3264]]],[[[1408,9216],[1472,9216],[1472,9280],[1408,9280],[1408,9216]]],[[[1408,9280],[1472,9280],[1472,9344],[1408,9344],[1408,9280]]],[[[1408,9344],[1472,9344],[1472,9408],[1408,9408],[1408,9344]]],[[[1408,9408],[1472,9408],[1472,9472],[1408,9472],[1408,9408]]],[[[1408,9472],[1472,9472],[1472,9536],[1408,9536],[1408,9472]]],[[[1408,9536],[1472,9536],[1472,9600],[1408,9600],[1408,9536]]],[[[1408,9600],[1472,9600],[1472,9664],[1408,9664],[1408,9600]]],[[[1408,9664],[1472,9664],[1472,9728],[1408,9728],[1408,9664]]],[[[1408,9728],[1472,9728],[1472,9792],[1408,9792],[1408,9728]]],[[[1408,9792],[1472,9792],[1472,9856],[1408,9856],[1408,9792]]],[[[1408,9856],[1472,9856],[1472,9920],[1408,9920],[1408,9856]]],[[[1472,2624],[1536,2624],[1536,2688],[1472,2688],[1472,2624]]],[[[1472,2688],[1536,2688],[1536,2752],[1472,2752],[1472,2688]]],[[[1472,2752],[1536,2752],[1536,2816],[1472,2816],[1472,2752]]],[[[1472,2816],[1536,2816],[1536,2880],[1472,2880],[1472,2816]]],[[[1472,2880],[1536,2880],[1536,2944],[1472,2944],[1472,2880]]],[[[1472,2944],[1536,2944],[1536,3008],[1472,3008],[1472,2944]]],[[[1472,3008],[1536,3008],[1536,3072],[1472,3072],[1472,3008]]],[[[1472,3072],[1536,3072],[1536,3136],[1472,3136],[1472,3072]]],[[[1472,3136],[1536,3136],[1536,3200],[1472,3200],[1472,3136]]],[[[1472,3200],[1536,3200],[1536,3264],[1472,3264],[1472,3200]]],[[[1472,3264],[1536,3264],[1536,3328],[1472,3328],[1472,3264]]],[[[1472,3328],[1536,3328],[1536,3392],[1472,3392],[1472,3328]]],[[[1472,9216],[1536,9216],[1536,9280],[1472,9280],[1472,9216]]],[[[1472,9280],[1536,9280],[1536,9344],[1472,9344],[1472,9280]]],[[[1472,9344],[1536,9344],[1536,9408],[1472,9408],[1472,9344]]],[[[1472,9408],[1536,9408],[1536,9472],[1472,9472],[1472,9408]]],[[[1472,9472],[1536,9472],[1536,9536],[1472,9536],[1472,9472]]],[[[1472,9536],[1536,9536],[1536,9600],[1472,9600],[1472,9536]]],[[[1472,9600],[1536,9600],[1536,9664],[1472,9664],[1472,9600]]],[[[1472,9664],[1536,9664],[1536,9728],[1472,9728],[1472,9664]]],[[[1472,9728],[1536,9728],[1536,9792],[1472,9792],[1472,9728]]],[[[1472,9792],[1536,9792],[1536,9856],[1472,9856],[1472,9792]]],[[[1472,9856],[1536,9856],[1536,9920],[1472,9920],[1472,9856]]],[[[1536,2624],[1600,2624],[1600,2688],[1536,2688],[1536,2624]]],[[[1536,2688],[1600,2688],[1600,2752],[1536,2752],[1536,2688]]],[[[1536,2752],[1600,2752],[1600,2816],[1536,2816],[1536,2752]]],[[[1536,2816],[1600,2816],[1600,2880],[1536,2880],[1536,2816]]],[[[1536,2880],[1600,2880],[1600,2944],[1536,2944],[1536,2880]]],[[[1536,2944],[1600,2944],[1600,3008],[1536,3008],[1536,2944]]],[[[1536,3008],[1600,3008],[1600,3072],[1536,3072],[1536,3008]]],[[[1536,3072],[1600,3072],[1600,3136],[1536,3136],[1536,3072]]],[[[1536,3136],[1600,3136],[1600,3200],[1536,3200],[1536,3136]]],[[[1536,3200],[1600,3200],[1600,3264],[1536,3264],[1536,3200]]],[[[1536,3264],[1600,3264],[1600,3328],[1536,3328],[1536,3264]]],[[[1536,3328],[1600,3328],[1600,3392],[1536,3392],[1536,3328]]],[[[1536,9216],[1600,9216],[1600,9280],[1536,9280],[1536,9216]]],[[[1536,9280],[1600,9280],[1600,9344],[1536,9344],[1536,9280]]],[[[1536,9344],[1600,9344],[1600,9408],[1536,9408],[1536,9344]]],[[[1536,9408],[1600,9408],[1600,9472],[1536,9472],[1536,9408]]],[[[1536,9472],[1600,9472],[1600,9536],[1536,9536],[1536,9472]]],[[[1536,9536],[1600,9536],[1600,9600],[1536,9600],[1536,9536]]],[[[1536,9600],[1600,9600],[1600,9664],[1536,9664],[1536,9600]]],[[[1536,9664],[1600,9664],[1600,9728],[1536,9728],[1536,9664]]],[[[1536,9728],[1600,9728],[1600,9792],[1536,9792],[1536,9728]]],[[[1536,9792],[1600,9792],[1600,9856],[1536,9856],[1536,9792]]],[[[1600,2624],[1664,2624],[1664,2688],[1600,2688],[1600,2624]]],[[[1600,2688],[1664,2688],[1664,2752],[1600,2752],[1600,2688]]],[[[1600,2752],[1664,2752],[1664,2816],[1600,2816],[1600,2752]]],[[[1600,2816],[1664,2816],[1664,2880],[1600,2880],[1600,2816]]],[[[1600,2880],[1664,2880],[1664,2944],[1600,2944],[1600,2880]]],[[[1600,2944],[1664,2944],[1664,3008],[1600,3008],[1600,2944]]],[[[1600,3008],[1664,3008],[1664,3072],[1600,3072],[1600,3008]]],[[[1600,3072],[1664,3072],[1664,3136],[1600,3136],[1600,3072]]],[[[1600,3136],[1664,3136],[1664,3200],[1600,3200],[1600,3136]]],[[[1600,3200],[1664,3200],[1664,3264],[1600,3264],[1600,3200]]],[[[1600,3264],[1664,3264],[1664,3328],[1600,3328],[1600,3264]]],[[[1600,3328],[1664,3328],[1664,3392],[1600,3392],[1600,3328]]],[[[1600,9216],[1664,9216],[1664,9280],[1600,9280],[1600,9216]]],[[[1600,9280],[1664,9280],[1664,9344],[1600,9344],[1600,9280]]],[[[1600,9344],[1664,9344],[1664,9408],[1600,9408],[1600,9344]]],[[[1600,9408],[1664,9408],[1664,9472],[1600,9472],[1600,9408]]],[[[1600,9472],[1664,9472],[1664,9536],[1600,9536],[1600,9472]]],[[[1600,9536],[1664,9536],[1664,9600],[1600,9600],[1600,9536]]],[[[1600,9600],[1664,9600],[1664,9664],[1600,9664],[1600,9600]]],[[[1600,9664],[1664,9664],[1664,9728],[1600,9728],[1600,9664]]],[[[1600,9728],[1664,9728],[1664,9792],[1600,9792],[1600,9728]]],[[[1600,9792],[1664,9792],[1664,9856],[1600,9856],[1600,9792]]],[[[1600,9856],[1664,9856],[1664,9920],[1600,9920],[1600,9856]]],[[[1664,2624],[1728,2624],[1728,2688],[1664,2688],[1664,2624]]],[[[1664,2688],[1728,2688],[1728,2752],[1664,2752],[1664,2688]]],[[[1664,2752],[1728,2752],[1728,2816],[1664,2816],[1664,2752]]],[[[1664,2816],[1728,2816],[1728,2880],[1664,2880],[1664,2816]]],[[[1664,2880],[1728,2880],[1728,2944],[1664,2944],[1664,2880]]],[[[1664,2944],[1728,2944],[1728,3008],[1664,3008],[1664,2944]]],[[[1664,3008],[1728,3008],[1728,3072],[1664,3072],[1664,3008]]],[[[1664,3072],[1728,3072],[1728,3136],[1664,3136],[1664,3072]]],[[[1664,3136],[1728,3136],[1728,3200],[1664,3200],[1664,3136]]],[[[1664,3200],[1728,3200],[1728,3264],[1664,3264],[1664,3200]]],[[[1664,3264],[1728,3264],[1728,3328],[1664,3328],[1664,3264]]],[[[1664,3328],[1728,3328],[1728,3392],[1664,3392],[1664,3328]]],[[[1664,9216],[1728,9216],[1728,9280],[1664,9280],[1664,9216]]],[[[1664,9280],[1728,9280],[1728,9344],[1664,9344],[1664,9280]]],[[[1664,9344],[1728,9344],[1728,9408],[1664,9408],[1664,9344]]],[[[1664,9408],[1728,9408],[1728,9472],[1664,9472],[1664,9408]]],[[[1664,9472],[1728,9472],[1728,9536],[1664,9536],[1664,9472]]],[[[1664,9536],[1728,9536],[1728,9600],[1664,9600],[1664,9536]]],[[[1664,9600],[1728,9600],[1728,9664],[1664,9664],[1664,9600]]],[[[1664,9664],[1728,9664],[1728,9728],[1664,9728],[1664,9664]]],[[[1664,9728],[1728,9728],[1728,9792],[1664,9792],[1664,9728]]],[[[1664,9792],[1728,9792],[1728,9856],[1664,9856],[1664,9792]]],[[[1664,9856],[1728,9856],[1728,9920],[1664,9920],[1664,9856]]],[[[1728,2624],[1792,2624],[1792,2688],[1728,2688],[1728,2624]]],[[[1728,2688],[1792,2688],[1792,2752],[1728,2752],[1728,2688]]],[[[1728,2752],[1792,2752],[1792,2816],[1728,2816],[1728,2752]]],[[[1728,2816],[1792,2816],[1792,2880],[1728,2880],[1728,2816]]],[[[1728,2880],[1792,2880],[1792,2944],[1728,2944],[1728,2880]]],[[[1728,2944],[1792,2944],[1792,3008],[1728,3008],[1728,2944]]],[[[1728,3008],[1792,3008],[1792,3072],[1728,3072],[1728,3008]]],[[[1728,3072],[1792,3072],[1792,3136],[1728,3136],[1728,3072]]],[[[1728,3136],[1792,3136],[1792,3200],[1728,3200],[1728,3136]]],[[[1728,3200],[1792,3200],[1792,3264],[1728,3264],[1728,3200]]],[[[1728,3264],[1792,3264],[1792,3328],[1728,3328],[1728,3264]]],[[[1728,3328],[1792,3328],[1792,3392],[1728,3392],[1728,3328]]],[[[1728,9216],[1792,9216],[1792,9280],[1728,9280],[1728,9216]]],[[[1728,9280],[1792,9280],[1792,9344],[1728,9344],[1728,9280]]],[[[1728,9344],[1792,9344],[1792,9408],[1728,9408],[1728,9344]]],[[[1728,9408],[1792,9408],[1792,9472],[1728,9472],[1728,9408]]],[[[1728,9472],[1792,9472],[1792,9536],[1728,9536],[1728,9472]]],[[[1728,9536],[1792,9536],[1792,9600],[1728,9600],[1728,9536]]],[[[1728,9600],[1792,9600],[1792,9664],[1728,9664],[1728,9600]]],[[[1728,9664],[1792,9664],[1792,9728],[1728,9728],[1728,9664]]],[[[1728,9728],[1792,9728],[1792,9792],[1728,9792],[1728,9728]]],[[[1728,9792],[1792,9792],[1792,9856],[1728,9856],[1728,9792]]],[[[1728,9856],[1792,9856],[1792,9920],[1728,9920],[1728,9856]]],[[[1792,2624],[1856,2624],[1856,2688],[1792,2688],[1792,2624]]],[[[1792,2688],[1856,2688],[1856,2752],[1792,2752],[1792,2688]]],[[[1792,2752],[1856,2752],[1856,2816],[1792,2816],[1792,2752]]],[[[1792,2816],[1856,2816],[1856,2880],[1792,2880],[1792,2816]]],[[[1792,2880],[1856,2880],[1856,2944],[1792,2944],[1792,2880]]],[[[1792,2944],[1856,2944],[1856,3008],[1792,3008],[1792,2944]]],[[[1792,3008],[1856,3008],[1856,3072],[1792,3072],[1792,3008]]],[[[1792,3072],[1856,3072],[1856,3136],[1792,3136],[1792,3072]]],[[[1792,3136],[1856,3136],[1856,3200],[1792,3200],[1792,3136]]],[[[1792,3200],[1856,3200],[1856,3264],[1792,3264],[1792,3200]]],[[[1792,3264],[1856,3264],[1856,3328],[1792,3328],[1792,3264]]],[[[1792,3328],[1856,3328],[1856,3392],[1792,3392],[1792,3328]]],[[[1792,9216],[1856,9216],[1856,9280],[1792,9280],[1792,9216]]],[[[1792,9280],[1856,9280],[1856,9344],[1792,9344],[1792,9280]]],[[[1792,9344],[1856,9344],[1856,9408],[1792,9408],[1792,9344]]],[[[1792,9408],[1856,9408],[1856,9472],[1792,9472],[1792,9408]]],[[[1792,9472],[1856,9472],[1856,9536],[1792,9536],[1792,9472]]],[[[1792,9536],[1856,9536],[1856,9600],[1792,9600],[1792,9536]]],[[[1792,9600],[1856,9600],[1856,9664],[1792,9664],[1792,9600]]],[[[1792,9664],[1856,9664],[1856,9728],[1792,9728],[1792,9664]]],[[[1792,9728],[1856,9728],[1856,9792],[1792,9792],[1792,9728]]],[[[1792,9792],[1856,9792],[1856,9856],[1792,9856],[1792,9792]]],[[[1792,9856],[1856,9856],[1856,9920],[1792,9920],[1792,9856]]],[[[1856,2624],[1920,2624],[1920,2688],[1856,2688],[1856,2624]]],[[[1856,2688],[1920,2688],[1920,2752],[1856,2752],[1856,2688]]],[[[1856,2752],[1920,2752],[1920,2816],[1856,2816],[1856,2752]]],[[[1856,2816],[1920,2816],[1920,2880],[1856,2880],[1856,2816]]],[[[1856,2880],[1920,2880],[1920,2944],[1856,2944],[1856,2880]]],[[[1856,2944],[1920,2944],[1920,3008],[1856,3008],[1856,2944]]],[[[1856,3008],[1920,3008],[1920,3072],[1856,3072],[1856,3008]]],[[[1856,3072],[1920,3072],[1920,3136],[1856,3136],[1856,3072]]],[[[1856,3136],[1920,3136],[1920,3200],[1856,3200],[1856,3136]]],[[[1856,3200],[1920,3200],[1920,3264],[1856,3264],[1856,3200]]],[[[1856,3264],[1920,3264],[1920,3328],[1856,3328],[1856,3264]]],[[[1856,3328],[1920,3328],[1920,3392],[1856,3392],[1856,3328]]],[[[1856,9216],[1920,9216],[1920,9280],[1856,9280],[1856,9216]]],[[[1856,9280],[1920,9280],[1920,9344],[1856,9344],[1856,9280]]],[[[1856,9344],[1920,9344],[1920,9408],[1856,9408],[1856,9344]]],[[[1856,9408],[1920,9408],[1920,9472],[1856,9472],[1856,9408]]],[[[1856,9472],[1920,9472],[1920,9536],[1856,9536],[1856,9472]]],[[[1856,9536],[1920,9536],[1920,9600],[1856,9600],[1856,9536]]],[[[1856,9600],[1920,9600],[1920,9664],[1856,9664],[1856,9600]]],[[[1856,9664],[1920,9664],[1920,9728],[1856,9728],[1856,9664]]],[[[1856,9728],[1920,9728],[1920,9792],[1856,9792],[1856,9728]]],[[[1856,9792],[1920,9792],[1920,9856],[1856,9856],[1856,9792]]],[[[1856,9856],[1920,9856],[1920,9920],[1856,9920],[1856,9856]]],[[[1920,2624],[1984,2624],[1984,2688],[1920,2688],[1920,2624]]],[[[1920,2688],[1984,2688],[1984,2752],[1920,2752],[1920,2688]]],[[[1920,2752],[1984,2752],[1984,2816],[1920,2816],[1920,2752]]],[[[1920,2816],[1984,2816],[1984,2880],[1920,2880],[1920,2816]]],[[[1920,2880],[1984,2880],[1984,2944],[1920,2944],[1920,2880]]],[[[1920,2944],[1984,2944],[1984,3008],[1920,3008],[1920,2944]]],[[[1920,3008],[1984,3008],[1984,3072],[1920,3072],[1920,3008]]],[[[1920,3072],[1984,3072],[1984,3136],[1920,3136],[1920,3072]]],[[[1920,3136],[1984,3136],[1984,3200],[1920,3200],[1920,3136]]],[[[1920,3200],[1984,3200],[1984,3264],[1920,3264],[1920,3200]]],[[[2368,4352],[2432,4352],[2432,4416],[2368,4416],[2368,4352]]],[[[2368,4416],[2432,4416],[2432,4480],[2368,4480],[2368,4416]]],[[[2944,4736],[3008,4736],[3008,4800],[2944,4800],[2944,4736]]],[[[2944,4800],[3008,4800],[3008,4864],[2944,4864],[2944,4800]]],[[[3008,4736],[3072,4736],[3072,4800],[3008,4800],[3008,4736]]],[[[3008,4800],[3072,4800],[3072,4864],[3008,4864],[3008,4800]]],[[[3072,4736],[3136,4736],[3136,4800],[3072,4800],[3072,4736]]],[[[3072,4800],[3136,4800],[3136,4864],[3072,4864],[3072,4800]]],[[[1152,3392],[1153,3392],[1154,3392],[1155,3392],[1156,3392],[1157,3392],[1158,3392],[1159,3392],[1160,3392],[1161,3392],[1162,3392],[1163,3392],[1164,3392],[1165,3392],[1166,3392],[1167,3392],[1168,3392],[1169,3392],[1170,3392],[1171,3392],[1172,3392],[1173,3392],[1174,3392],[1175,3392],[1176,3392],[1177,3392],[1178,3392],[1179,3392],[1180,3392],[1181,3392],[1182,3392],[1183,3392],[1184,3392],[1185,3392],[1186,3392],[1187,3392],[1188,3392],[1189,3392],[1190,3392],[1191,3392],[1192,3392],[1193,3392],[1194,3392],[1195,3392],[1196,3392],[1197,3392],[1198,3392],[1199,3392],[1200,3392],[1201,3392],[1202,3392],[1203,3392],[1204,3392],[1205,3392],[1206,3392],[1207,3392],[1208,3392],[1209,3392],[1210,3392],[1211,3392],[1212,3392],[1213,3392],[1214,3392],[1215,3392],[1216,3392],[1216,3393],[1216,3394],[1216,3395],[1216,3396],[1216,3397],[1216,3398],[1216,3399],[1216,3400],[1216,3401],[1216,3402],[1216,3403],[1216,3404],[1216,3405],[1216,3406],[1216,3407],[1216,3408],[1216,3409],[1216,3410],[1216,3411],[1216,3412],[1216,3413],[1216,3414],[1216,3415],[1216,3416],[1216,3417],[1216,3418],[1216,3419],[1216,3420],[1216,3421],[1216,3422],[1216,3423],[1216,3424],[1216,3425],[1216,3426],[1216,3427],[1216,3428],[1216,3429],[1216,3430],[1216,3431],[1216,3432],[1216,3433],[1216,3434],[1216,3435],[1216,3436],[1216,3437],[1216,3438],[1216,3439],[1216,3440],[1216,3441],[1216,3442],[1216,3443],[1216,3444],[1216,3445],[1216,3446],[1216,3447],[1216,3448],[1216,3449],[1216,3450],[1216,3451],[1216,3452],[1216,3453],[1216,3454],[1216,3455],[1216,3456],[1215,3456],[1214,3456],[1213,3456],[1212,3456],[1211,3456],[1210,3456],[1209,3456],[1208,3456],[1207,3456],[1206,3456],[1205,3456],[1204,3456],[1203,3456],[1202,3456],[1201,3456],[1200,3456],[1199,3456],[1198,3456],[1197,3456],[1196,3456],[1195,3456],[1194,3456],[1193,3456],[1192,3456],[1191,3456],[1190,3456],[1189,3456],[1188,3456],[1187,3456],[1186,3456],[1185,3456],[1184,3456],[1183,3456],[1182,3456],[1181,3456],[1180,3456],[1179,3456],[1178,3456],[1177,3456],[1176,3456],[1175,3456],[1174,3456],[1173,3456],[1172,3456],[1171,3456],[1170,3456],[1169,3456],[1168,3456],[1167,3456],[1166,3456],[1165,3456],[1164,3456],[1163,3456],[1162,3456],[1161,3456],[1160,3456],[1159,3456],[1158,3456],[1157,3456],[1156,3456],[1155,3456],[1154,3456],[1153,3456],[1152,3456],[1152,3455],[1152,3454],[1152,3453],[1152,3452],[1152,3451],[1152,3450],[1152,3449],[1152,3448],[1152,3447],[1152,3446],[1152,3445],[1152,3444],[1152,3443],[1152,3442],[1152,3441],[1152,3440],[1152,3439],[1152,3438],[1152,3437],[1152,3436],[1152,3435],[1152,3434],[1152,3433],[1152,3432],[1152,3431],[1152,3430],[1152,3429],[1152,3428],[1152,3427],[1152,3426],[1152,3425],[1152,3424],[1152,3423],[1152,3422],[1152,3421],[1152,3420],[1152,3419],[1152,3418],[1152,3417],[1152,3416],[1152,3415],[1152,3414],[1152,3413],[1152,3412],[1152,3411],[1152,3410],[1152,3409],[1152,3408],[1152,3407],[1152,3406],[1152,3405],[1152,3404],[1152,3403],[1152,3402],[1152,3401],[1152,3400],[1152,3399],[1152,3398],[1152,3397],[1152,3396],[1152,3395],[1152,3394],[1152,3393],[1152,3392]]],[[[1152,3392],[1152,3393],[1152,3394],[1152,3395],[1152,3396],[1152,3397],[1152,3398],[1152,3399],[1152,3400],[1152,3401],[1152,3402],[1152,3403],[1152,3404],[1152,3405],[1152,3406],[1152,3407],[1152,3408],[1152,3409],[1152,3410],[1152,3411],[1152,3412],[1152,3413],[1152,3414],[1152,3415],[1152,3416],[1152,3417],[1152,3418],[1152,3419],[1152,3420],[1152,3421],[1152,3422],[1152,3423],[1152,3424],[1152,3425],[1152,3426],[1152,3427],[1152,3428],[1152,3429],[1152,3430],[1152,3431],[1152,3432],[1152,3433],[1152,3434],[1152,3435],[1152,3436],[1152,3437],[1152,3438],[1152,3439],[1152,3440],[1152,3441],[1152,3442],[1152,3443],[1152,3444],[1152,3445],[1152,3446],[1152,3447],[1152,3448],[1152,3449],[1152,3450],[1152,3451],[1152,3452],[1152,3453],[1152,3454],[1152,3455],[1152,3456],[1153,3456],[1154,3456],[1155,3456],[1156,3456],[1157,3456],[1158,3456],[1159,3456],[1160,3456],[1161,3456],[1162,3456],[1163,3456],[1164,3456],[1165,3456],[1166,3456],[1167,3456],[1168,3456],[1169,3456],[1170,3456],[1171,3456],[1172,3456],[1173,3456],[1174,3456],[1175,3456],[1176,3456],[1177,3456],[1178,3456],[1179,3456],[1180,3456],[1181,3456],[1182,3456],[1183,3456],[1184,3456],[1185,3456],[1186,3456],[1187,3456],[1188,3456],[1189,3456],[1190,3456],[1191,3456],[1192,3456],[1193,3456],[1194,3456],[1195,3456],[1196,3456],[1197,3456],[1198,3456],[1199,3456],[1200,3456],[1201,3456],[1202,3456],[1203,3456],[1204,3456],[1205,3456],[1206,3456],[1207,3456],[1208,3456],[1209,3456],[1210,3456],[1211,3456],[1212,3456],[1213,3456],[1214,3456],[1215,3456],[1216,3456],[1216,3455],[1216,3454],[1216,3453],[1216,3452],[1216,3451],[1216,3450],[1216,3449],[1216,3448],[1216,3447],[1216,3446],[1216,3445],[1216,3444],[1216,3443],[1216,3442],[1216,3441],[1216,3440],[1216,3439],[1216,3438],[1216,3437],[1216,3436],[1216,3435],[1216,3434],[1216,3433],[1216,3432],[1216,3431],[1216,3430],[1216,3429],[1216,3428],[1216,3427],[1216,3426],[1216,3425],[1216,3424],[1216,3423],[1216,3422],[1216,3421],[1216,3420],[1216,3419],[1216,3418],[1216,3417],[1216,3416],[1216,3415],[1216,3414],[1216,3413],[1216,3412],[1216,3411],[1216,3410],[1216,3409],[1216,3408],[1216,3407],[1216,3406],[1216,3405],[1216,3404],[1216,3403],[1216,3402],[1216,3401],[1216,3400],[1216,3399],[1216,3398],[1216,3397],[1216,3396],[1216,3395],[1216,3394],[1216,3393],[1216,3392],[1215,3392],[1214,3392],[1213,3392],[1212,3392],[1211,3392],[1210,3392],[1209,3392],[1208,3392],[1207,3392],[1206,3392],[1205,3392],[1204,3392],[1203,3392],[1202,3392],[1201,3392],[1200,3392],[1199,3392],[1198,3392],[1197,3392],[1196,3392],[1195,3392],[1194,3392],[1193,3392],[1192,3392],[1191,3392],[1190,3392],[1189,3392],[1188,3392],[1187,3392],[1186,3392],[1185,3392],[1184,3392],[1183,3392],[1182,3392],[1181,3392],[1180,3392],[1179,3392],[1178,3392],[1177,3392],[1176,3392],[1175,3392],[1174,3392],[1173,3392],[1172,3392],[1171,3392],[1170,3392],[1169,3392],[1168,3392],[1167,3392],[1166,3392],[1165,3392],[1164,3392],[1163,3392],[1162,3392],[1161,3392],[1160,3392],[1159,3392],[1158,3392],[1157,3392],[1156,3392],[1155,3392],[1154,3392],[1153,3392],[1152,3392]]],[[[1203,3456],[1204,3456],[1205,3456],[1206,3456],[1207,3456],[1208,3456],[1209,3456],[1210,3456],[1211,3456],[1212,3456],[1213,3456],[1214,3456],[1215,3456],[1216,3456],[1216,3457],[1216,3458],[1216,3459],[1216,3460],[1215,3460],[1214,3460],[1213,3460],[1212,3460],[1211,3460],[1210,3460],[1209,3460],[1208,3460],[1208,3459],[1207,3459],[1206,3459],[1205,3459],[1205,3458],[1204,3458],[1204,3457],[1203,3457],[1203,3456]]],[[[1203,3456],[1203,3457],[1204,3457],[1204,3458],[1205,3458],[1205,3459],[1206,3459],[1207,3459],[1208,3459],[1208,3460],[1209,3460],[1210,3460],[1211,3460],[1212,3460],[1213,3460],[1214,3460],[1215,3460],[1216,3460],[1216,3459],[1216,3458],[1216,3457],[1216,3456],[1215,3456],[1214,3456],[1213,3456],[1212,3456],[1211,3456],[1210,3456],[1209,3456],[1208,3456],[1207,3456],[1206,3456],[1205,3456],[1204,3456],[1203,3456]]],[[[1216,3392],[1217,3392],[1218,3392],[1219,3392],[1220,3392],[1221,3392],[1222,3392],[1223,3392],[1224,3392],[1225,3392],[1226,3392],[1227,3392],[1228,3392],[1229,3392],[1230,3392],[1231,3392],[1232,3392],[1233,3392],[1234,3392],[1235,3392],[1236,3392],[1237,3392],[1238,3392],[1239,3392],[1240,3392],[1241,3392],[1242,3392],[1243,3392],[1244,3392],[1245,3392],[1246,3392],[1247,3392],[1248,3392],[1249,3392],[1250,3392],[1251,3392],[1252,3392],[1253,3392],[1254,3392],[1255,3392],[1256,3392],[1257,3392],[1258,3392],[1259,3392],[1260,3392],[1261,3392],[1262,3392],[1263,3392],[1264,3392],[1265,3392],[1266,3392],[1267,3392],[1268,3392],[1269,3392],[1270,3392],[1271,3392],[1272,3392],[1273,3392],[1274,3392],[1275,3392],[1276,3392],[1277,3392],[1278,3392],[1279,3392],[1280,3392],[1280,3393],[1280,3394],[1280,3395],[1280,3396],[1280,3397],[1280,3398],[1280,3399],[1280,3400],[1280,3401],[1280,3402],[1280,3403],[1280,3404],[1280,3405],[1280,3406],[1280,3407],[1280,3408],[1280,3409],[1280,3410],[1280,3411],[1280,3412],[1280,3413],[1280,3414],[1280,3415],[1280,3416],[1280,3417],[1280,3418],[1280,3419],[1280,3420],[1280,3421],[1280,3422],[1280,3423],[1280,3424],[1280,3425],[1280,3426],[1280,3427],[1280,3428],[1280,3429],[1280,3430],[1280,3431],[1280,3432],[1280,3433],[1280,3434],[1280,3435],[1280,3436],[1280,3437],[1280,3438],[1280,3439],[1280,3440],[1280,3441],[1280,3442],[1280,3443],[1280,3444],[1280,3445],[1280,3446],[1280,3447],[1280,3448],[1280,3449],[1280,3450],[1280,3451],[1280,3452],[1280,3453],[1280,3454],[1280,3455],[1280,3456],[1279,3456],[1278,3456],[1277,3456],[1276,3456],[1275,3456],[1274,3456],[1273,3456],[1272,3456],[1271,3456],[1270,3456],[1269,3456],[1268,3456],[1267,3456],[1266,3456],[1265,3456],[1264,3456],[1263,3456],[1262,3456],[1261,3456],[1260,3456],[1259,3456],[1258,3456],[1257,3456],[1256,3456],[1255,3456],[1254,3456],[1253,3456],[1252,3456],[1251,3456],[1250,3456],[1249,3456],[1248,3456],[1247,3456],[1246,3456],[1245,3456],[1244,3456],[1243,3456],[1242,3456],[1241,3456],[1240,3456],[1239,3456],[1238,3456],[1237,3456],[1236,3456],[1235,3456],[1234,3456],[1233,3456],[1232,3456],[1231,3456],[1230,3456],[1229,3456],[1228,3456],[1227,3456],[1226,3456],[1225,3456],[1224,3456],[1223,3456],[1222,3456],[1221,3456],[1220,3456],[1219,3456],[1218,3456],[1217,3456],[1216,3456],[1216,3455],[1216,3454],[1216,3453],[1216,3452],[1216,3451],[1216,3450],[1216,3449],[1216,3448],[1216,3447],[1216,3446],[1216,3445],[1216,3444],[1216,3443],[1216,3442],[1216,3441],[1216,3440],[1216,3439],[1216,3438],[1216,3437],[1216,3436],[1216,3435],[1216,3434],[1216,3433],[1216,3432],[1216,3431],[1216,3430],[1216,3429],[1216,3428],[1216,3427],[1216,3426],[1216,3425],[1216,3424],[1216,3423],[1216,3422],[1216,3421],[1216,3420],[1216,3419],[1216,3418],[1216,3417],[1216,3416],[1216,3415],[1216,3414],[1216,3413],[1216,3412],[1216,3411],[1216,3410],[1216,3409],[1216,3408],[1216,3407],[1216,3406],[1216,3405],[1216,3404],[1216,3403],[1216,3402],[1216,3401],[1216,3400],[1216,3399],[1216,3398],[1216,3397],[1216,3396],[1216,3395],[1216,3394],[1216,3393],[1216,3392]]],[[[1216,3392],[1216,3393],[1216,3394],[1216,3395],[1216,3396],[1216,3397],[1216,3398],[1216,3399],[1216,3400],[1216,3401],[1216,3402],[1216,3403],[1216,3404],[1216,3405],[1216,3406],[1216,3407],[1216,3408],[1216,3409],[1216,3410],[1216,3411],[1216,3412],[1216,3413],[1216,3414],[1216,3415],[1216,3416],[1216,3417],[1216,3418],[1216,3419],[1216,3420],[1216,3421],[1216,3422],[1216,3423],[1216,3424],[1216,3425],[1216,3426],[1216,3427],[1216,3428],[1216,3429],[1216,3430],[1216,3431],[1216,3432],[1216,3433],[1216,3434],[1216,3435],[1216,3436],[1216,3437],[1216,3438],[1216,3439],[1216,3440],[1216,3441],[1216,3442],[1216,3443],[1216,3444],[1216,3445],[1216,3446],[1216,3447],[1216,3448],[1216,3449],[1216,3450],[1216,3451],[1216,3452],[1216,3453],[1216,3454],[1216,3455],[1216,3456],[1217,3456],[1218,3456],[1219,3456],[1220,3456],[1221,3456],[1222,3456],[1223,3456],[1224,3456],[1225,3456],[1226,3456],[1227,3456],[1228,3456],[1229,3456],[1230,3456],[1231,3456],[1232,3456],[1233,3456],[1234,3456],[1235,3456],[1236,3456],[1237,3456],[1238,3456],[1239,3456],[1240,3456],[1241,3456],[1242,3456],[1243,3456],[1244,3456],[1245,3456],[1246,3456],[1247,3456],[1248,3456],[1249,3456],[1250,3456],[1251,3456],[1252,3456],[1253,3456],[1254,3456],[1255,3456],[1256,3456],[1257,3456],[1258,3456],[1259,3456],[1260,3456],[1261,3456],[1262,3456],[1263,3456],[1264,3456],[1265,3456],[1266,3456],[1267,3456],[1268,3456],[1269,3456],[1270,3456],[1271,3456],[1272,3456],[1273,3456],[1274,3456],[1275,3456],[1276,3456],[1277,3456],[1278,3456],[1279,3456],[1280,3456],[1280,3455],[1280,3454],[1280,3453],[1280,3452],[1280,3451],[1280,3450],[1280,3449],[1280,3448],[1280,3447],[1280,3446],[1280,3445],[1280,3444],[1280,3443],[1280,3442],[1280,3441],[1280,3440],[1280,3439],[1280,3438],[1280,3437],[1280,3436],[1280,3435],[1280,3434],[1280,3433],[1280,3432],[1280,3431],[1280,3430],[1280,3429],[1280,3428],[1280,3427],[1280,3426],[1280,3425],[1280,3424],[1280,3423],[1280,3422],[1280,3421],[1280,3420],[1280,3419],[1280,3418],[1280,3417],[1280,3416],[1280,3415],[1280,3414],[1280,3413],[1280,3412],[1280,3411],[1280,3410],[1280,3409],[1280,3408],[1280,3407],[1280,3406],[1280,3405],[1280,3404],[1280,3403],[1280,3402],[1280,3401],[1280,3400],[1280,3399],[1280,3398],[1280,3397],[1280,3396],[1280,3395],[1280,3394],[1280,3393],[1280,3392],[1279,3392],[1278,3392],[1277,3392],[1276,3392],[1275,3392],[1274,3392],[1273,3392],[1272,3392],[1271,3392],[1270,3392],[1269,3392],[1268,3392],[1267,3392],[1266,3392],[1265,3392],[1264,3392],[1263,3392],[1262,3392],[1261,3392],[1260,3392],[1259,3392],[1258,3392],[1257,3392],[1256,3392],[1255,3392],[1254,3392],[1253,3392],[1252,3392],[1251,3392],[1250,3392],[1249,3392],[1248,3392],[1247,3392],[1246,3392],[1245,3392],[1244,3392],[1243,3392],[1242,3392],[1241,3392],[1240,3392],[1239,3392],[1238,3392],[1237,3392],[1236,3392],[1235,3392],[1234,3392],[1233,3392],[1232,3392],[1231,3392],[1230,3392],[1229,3392],[1228,3392],[1227,3392],[1226,3392],[1225,3392],[1224,3392],[1223,3392],[1222,3392],[1221,3392],[1220,3392],[1219,3392],[1218,3392],[1217,3392],[1216,3392]]],[[[1216,3456],[1217,3456],[1218,3456],[1219,3456],[1220,3456],[1221,3456],[1222,3456],[1223,3456],[1224,3456],[1225,3456],[1226,3456],[1227,3456],[1228,3456],[1229,3456],[1230,3456],[1231,3456],[1232,3456],[1233,3456],[1234,3456],[1235,3456],[1236,3456],[1237,3456],[1238,3456],[1239,3456],[1240,3456],[1241,3456],[1242,3456],[1243,3456],[1244,3456],[1245,3456],[1246,3456],[1247,3456],[1248,3456],[1249,3456],[1250,3456],[1251,3456],[1252,3456],[1253,3456],[1254,3456],[1255,3456],[1256,3456],[1257,3456],[1258,3456],[1259,3456],[1260,3456],[1261,3456],[1262,3456],[1263,3456],[1264,3456],[1265,3456],[1266,3456],[1267,3456],[1268,3456],[1269,3456],[1270,3456],[1271,3456],[1272,3456],[1273,3456],[1274,3456],[1275,3456],[1276,3456],[1277,3456],[1278,3456],[1279,3456],[1280,3456],[1280,3457],[1280,3458],[1280,3459],[1280,3460],[1280,3461],[1280,3462],[1279,3462],[1278,3462],[1277,3462],[1276,3462],[1275,3462],[1274,3462],[1274,3463],[1273,3463],[1272,3463],[1272,3464],[1271,3464],[1270,3464],[1269,3464],[1269,3465],[1268,3465],[1267,3465],[1266,3465],[1265,3465],[1265,3464],[1264,3464],[1263,3464],[1262,3464],[1261,3464],[1260,3464],[1259,3464],[1259,3463],[1258,3463],[1257,3463],[1257,3462],[1256,3462],[1256,3461],[1255,3461],[1254,3461],[1253,3461],[1253,3460],[1253,3459],[1252,3459],[1252,3460],[1251,3460],[1250,3460],[1250,3461],[1249,3461],[1248,3461],[1247,3461],[1246,3461],[1245,3461],[1244,3461],[1243,3461],[1242,3461],[1241,3461],[1240,3461],[1239,3461],[1238,3461],[1237,3461],[1236,3461],[1235,3461],[1234,3461],[1233,3461],[1232,3461],[1231,3461],[1230,3461],[1229,3461],[1228,3461],[1228,3460],[1227,3460],[1226,3460],[1225,3460],[1224,3460],[1223,3460],[1222,3460],[1221,3460],[1220,3460],[1219,3460],[1218,3460],[1217,3460],[1216,3460],[1216,3459],[1216,3458],[1216,3457],[1216,3456]]],[[[1216,3456],[1216,3457],[1216,3458],[1216,3459],[1216,3460],[1217,3460],[1218,3460],[1219,3460],[1220,3460],[1221,3460],[1222,3460],[1223,3460],[1224,3460],[1225,3460],[1226,3460],[1227,3460],[1228,3460],[1228,3461],[1229,3461],[1230,3461],[1231,3461],[1232,3461],[1233,3461],[1234,3461],[1235,3461],[1236,3461],[1237,3461],[1238,3461],[1239,3461],[1240,3461],[1241,3461],[1242,3461],[1243,3461],[1244,3461],[1245,3461],[1246,3461],[1247,3461],[1248,3461],[1249,3461],[1250,3461],[1250,3460],[1251,3460],[1252,3460],[1252,3459],[1253,3459],[1253,3460],[1253,3461],[1254,3461],[1255,3461],[1256,3461],[1256,3462],[1257,3462],[1257,3463],[1258,3463],[1259,3463],[1259,3464],[1260,3464],[1261,3464],[1262,3464],[1263,3464],[1264,3464],[1265,3464],[1265,3465],[1266,3465],[1267,3465],[1268,3465],[1269,3465],[1269,3464],[1270,3464],[1271,3464],[1272,3464],[1272,3463],[1273,3463],[1274,3463],[1274,3462],[1275,3462],[1276,3462],[1277,3462],[1278,3462],[1279,3462],[1280,3462],[1280,3461],[1280,3460],[1280,3459],[1280,3458],[1280,3457],[1280,3456],[1279,3456],[1278,3456],[1277,3456],[1276,3456],[1275,3456],[1274,3456],[1273,3456],[1272,3456],[1271,3456],[1270,3456],[1269,3456],[1268,3456],[1267,3456],[1266,3456],[1265,3456],[1264,3456],[1263,3456],[1262,3456],[1261,3456],[1260,3456],[1259,3456],[1258,3456],[1257,3456],[1256,3456],[1255,3456],[1254,3456],[1253,3456],[1252,3456],[1251,3456],[1250,3456],[1249,3456],[1248,3456],[1247,3456],[1246,3456],[1245,3456],[1244,3456],[1243,3456],[1242,3456],[1241,3456],[1240,3456],[1239,3456],[1238,3456],[1237,3456],[1236,3456],[1235,3456],[1234,3456],[1233,3456],[1232,3456],[1231,3456],[1230,3456],[1229,3456],[1228,3456],[1227,3456],[1226,3456],[1225,3456],[1224,3456],[1223,3456],[1222,3456],[1221,3456],[1220,3456],[1219,3456],[1218,3456],[1217,3456],[1216,3456]]],[[[1280,3392],[1281,3392],[1282,3392],[1283,3392],[1284,3392],[1285,3392],[1286,3392],[1287,3392],[1288,3392],[1289,3392],[1290,3392],[1291,3392],[1292,3392],[1293,3392],[1294,3392],[1295,3392],[1296,3392],[1297,3392],[1298,3392],[1299,3392],[1300,3392],[1301,3392],[1302,3392],[1303,3392],[1304,3392],[1305,3392],[1306,3392],[1307,3392],[1308,3392],[1309,3392],[1310,3392],[1311,3392],[1312,3392],[1313,3392],[1314,3392],[1315,3392],[1316,3392],[1317,3392],[1318,3392],[1319,3392],[1320,3392],[1321,3392],[1322,3392],[1323,3392],[1324,3392],[1325,3392],[1326,3392],[1327,3392],[1328,3392],[1329,3392],[1330,3392],[1331,3392],[1332,3392],[1333,3392],[1334,3392],[1335,3392],[1336,3392],[1337,3392],[1338,3392],[1339,3392],[1340,3392],[1341,3392],[1342,3392],[1343,3392],[1344,3392],[1344,3393],[1344,3394],[1344,3395],[1344,3396],[1344,3397],[1344,3398],[1344,3399],[1344,3400],[1344,3401],[1344,3402],[1344,3403],[1344,3404],[1344,3405],[1344,3406],[1344,3407],[1344,3408],[1344,3409],[1344,3410],[1344,3411],[1344,3412],[1344,3413],[1344,3414],[1344,3415],[1344,3416],[1344,3417],[1344,3418],[1344,3419],[1344,3420],[1344,3421],[1344,3422],[1344,3423],[1344,3424],[1344,3425],[1344,3426],[1344,3427],[1344,3428],[1344,3429],[1344,3430],[1344,3431],[1344,3432],[1344,3433],[1344,3434],[1344,3435],[1344,3436],[1344,3437],[1344,3438],[1344,3439],[1344,3440],[1344,3441],[1344,3442],[1344,3443],[1344,3444],[1344,3445],[1344,3446],[1344,3447],[1344,3448],[1344,3449],[1344,3450],[1344,3451],[1344,3452],[1344,3453],[1344,3454],[1344,3455],[1344,3456],[1343,3456],[1342,3456],[1341,3456],[1340,3456],[1339,3456],[1338,3456],[1337,3456],[1336,3456],[1335,3456],[1334,3456],[1333,3456],[1332,3456],[1331,3456],[1330,3456],[1329,3456],[1328,3456],[1327,3456],[1326,3456],[1325,3456],[1324,3456],[1323,3456],[1322,3456],[1321,3456],[1320,3456],[1319,3456],[1318,3456],[1317,3456],[1316,3456],[1315,3456],[1314,3456],[1313,3456],[1312,3456],[1311,3456],[1310,3456],[1309,3456],[1308,3456],[1307,3456],[1306,3456],[1305,3456],[1304,3456],[1303,3456],[1302,3456],[1301,3456],[1300,3456],[1299,3456],[1298,3456],[1297,3456],[1296,3456],[1295,3456],[1294,3456],[1293,3456],[1292,3456],[1291,3456],[1290,3456],[1289,3456],[1288,3456],[1287,3456],[1286,3456],[1285,3456],[1284,3456],[1283,3456],[1282,3456],[1281,3456],[1280,3456],[1280,3455],[1280,3454],[1280,3453],[1280,3452],[1280,3451],[1280,3450],[1280,3449],[1280,3448],[1280,3447],[1280,3446],[1280,3445],[1280,3444],[1280,3443],[1280,3442],[1280,3441],[1280,3440],[1280,3439],[1280,3438],[1280,3437],[1280,3436],[1280,3435],[1280,3434],[1280,3433],[1280,3432],[1280,3431],[1280,3430],[1280,3429],[1280,3428],[1280,3427],[1280,3426],[1280,3425],[1280,3424],[1280,3423],[1280,3422],[1280,3421],[1280,3420],[1280,3419],[1280,3418],[1280,3417],[1280,3416],[1280,3415],[1280,3414],[1280,3413],[1280,3412],[1280,3411],[1280,3410],[1280,3409],[1280,3408],[1280,3407],[1280,3406],[1280,3405],[1280,3404],[1280,3403],[1280,3402],[1280,3401],[1280,3400],[1280,3399],[1280,3398],[1280,3397],[1280,3396],[1280,3395],[1280,3394],[1280,3393],[1280,3392]]],[[[1280,3392],[1280,3393],[1280,3394],[1280,3395],[1280,3396],[1280,3397],[1280,3398],[1280,3399],[1280,3400],[1280,3401],[1280,3402],[1280,3403],[1280,3404],[1280,3405],[1280,3406],[1280,3407],[1280,3408],[1280,3409],[1280,3410],[1280,3411],[1280,3412],[1280,3413],[1280,3414],[1280,3415],[1280,3416],[1280,3417],[1280,3418],[1280,3419],[1280,3420],[1280,3421],[1280,3422],[1280,3423],[1280,3424],[1280,3425],[1280,3426],[1280,3427],[1280,3428],[1280,3429],[1280,3430],[1280,3431],[1280,3432],[1280,3433],[1280,3434],[1280,3435],[1280,3436],[1280,3437],[1280,3438],[1280,3439],[1280,3440],[1280,3441],[1280,3442],[1280,3443],[1280,3444],[1280,3445],[1280,3446],[1280,3447],[1280,3448],[1280,3449],[1280,3450],[1280,3451],[1280,3452],[1280,3453],[1280,3454],[1280,3455],[1280,3456],[1281,3456],[1282,3456],[1283,3456],[1284,3456],[1285,3456],[1286,3456],[1287,3456],[1288,3456],[1289,3456],[1290,3456],[1291,3456],[1292,3456],[1293,3456],[1294,3456],[1295,3456],[1296,3456],[1297,3456],[1298,3456],[1299,3456],[1300,3456],[1301,3456],[1302,3456],[1303,3456],[1304,3456],[1305,3456],[1306,3456],[1307,3456],[1308,3456],[1309,3456],[1310,3456],[1311,3456],[1312,3456],[1313,3456],[1314,3456],[1315,3456],[1316,3456],[1317,3456],[1318,3456],[1319,3456],[1320,3456],[1321,3456],[1322,3456],[1323,3456],[1324,3456],[1325,3456],[1326,3456],[1327,3456],[1328,3456],[1329,3456],[1330,3456],[1331,3456],[1332,3456],[1333,3456],[1334,3456],[1335,3456],[1336,3456],[1337,3456],[1338,3456],[1339,3456],[1340,3456],[1341,3456],[1342,3456],[1343,3456],[1344,3456],[1344,3455],[1344,3454],[1344,3453],[1344,3452],[1344,3451],[1344,3450],[1344,3449],[1344,3448],[1344,3447],[1344,3446],[1344,3445],[1344,3444],[1344,3443],[1344,3442],[1344,3441],[1344,3440],[1344,3439],[1344,3438],[1344,3437],[1344,3436],[1344,3435],[1344,3434],[1344,3433],[1344,3432],[1344,3431],[1344,3430],[1344,3429],[1344,3428],[1344,3427],[1344,3426],[1344,3425],[1344,3424],[1344,3423],[1344,3422],[1344,3421],[1344,3420],[1344,3419],[1344,3418],[1344,3417],[1344,3416],[1344,3415],[1344,3414],[1344,3413],[1344,3412],[1344,3411],[1344,3410],[1344,3409],[1344,3408],[1344,3407],[1344,3406],[1344,3405],[1344,3404],[1344,3403],[1344,3402],[1344,3401],[1344,3400],[1344,3399],[1344,3398],[1344,3397],[1344,3396],[1344,3395],[1344,3394],[1344,3393],[1344,3392],[1343,3392],[1342,3392],[1341,3392],[1340,3392],[1339,3392],[1338,3392],[1337,3392],[1336,3392],[1335,3392],[1334,3392],[1333,3392],[1332,3392],[1331,3392],[1330,3392],[1329,3392],[1328,3392],[1327,3392],[1326,3392],[1325,3392],[1324,3392],[1323,3392],[1322,3392],[1321,3392],[1320,3392],[1319,3392],[1318,3392],[1317,3392],[1316,3392],[1315,3392],[1314,3392],[1313,3392],[1312,3392],[1311,3392],[1310,3392],[1309,3392],[1308,3392],[1307,3392],[1306,3392],[1305,3392],[1304,3392],[1303,3392],[1302,3392],[1301,3392],[1300,3392],[1299,3392],[1298,3392],[1297,3392],[1296,3392],[1295,3392],[1294,3392],[1293,3392],[1292,3392],[1291,3392],[1290,3392],[1289,3392],[1288,3392],[1287,3392],[1286,3392],[1285,3392],[1284,3392],[1283,3392],[1282,3392],[1281,3392],[1280,3392]]],[[[1280,3456],[1281,3456],[1282,3456],[1283,3456],[1284,3456],[1285,3456],[1286,3456],[1287,3456],[1288,3456],[1289,3456],[1290,3456],[1291,3456],[1292,3456],[1293,3456],[1294,3456],[1295,3456],[1296,3456],[1297,3456],[1298,3456],[1299,3456],[1300,3456],[1301,3456],[1302,3456],[1303,3456],[1304,3456],[1305,3456],[1306,3456],[1307,3456],[1308,3456],[1309,3456],[1310,3456],[1311,3456],[1312,3456],[1313,3456],[1314,3456],[1315,3456],[1316,3456],[1317,3456],[1318,3456],[1319,3456],[1320,3456],[1321,3456],[1322,3456],[1323,3456],[1324,3456],[1325,3456],[1326,3456],[1327,3456],[1328,3456],[1329,3456],[1330,3456],[1331,3456],[1332,3456],[1333,3456],[1334,3456],[1335,3456],[1336,3456],[1337,3456],[1338,3456],[1339,3456],[1340,3456],[1341,3456],[1342,3456],[1343,3456],[1344,3456],[1344,3457],[1344,3458],[1344,3459],[1344,3460],[1344,3461],[1344,3462],[1344,3463],[1344,3464],[1344,3465],[1344,3466],[1344,3467],[1344,3468],[1344,3469],[1344,3470],[1344,3471],[1344,3472],[1344,3473],[1344,3474],[1344,3475],[1343,3475],[1342,3475],[1341,3475],[1341,3474],[1340,3474],[1339,3474],[1339,3473],[1338,3473],[1338,3472],[1337,3472],[1336,3472],[1336,3471],[1335,3471],[1334,3471],[1334,3470],[1333,3470],[1333,3469],[1332,3469],[1331,3469],[1330,3469],[1329,3469],[1329,3468],[1328,3468],[1327,3468],[1326,3468],[1326,3467],[1325,3467],[1325,3466],[1324,3466],[1323,3466],[1323,3465],[1322,3465],[1322,3464],[1321,3464],[1321,3463],[1320,3463],[1320,3462],[1319,3462],[1318,3462],[1317,3462],[1316,3462],[1315,3462],[1314,3462],[1313,3462],[1312,3462],[1311,3462],[1310,3462],[1309,3462],[1308,3462],[1307,3462],[1306,3462],[1305,3462],[1304,3462],[1304,3461],[1303,3461],[1302,3461],[1301,3461],[1300,3461],[1299,3461],[1298,3461],[1297,3461],[1296,3461],[1295,3461],[1294,3461],[1293,3461],[1292,3461],[1291,3461],[1290,3461],[1289,3461],[1288,3461],[1287,3461],[1286,3461],[1285,3461],[1284,3461],[1283,3461],[1283,3462],[1282,3462],[1281,3462],[1280,3462],[1280,3461],[1280,3460],[1280,3459],[1280,3458],[1280,3457],[1280,3456]]],[[[1280,3456],[1280,3457],[1280,3458],[1280,3459],[1280,3460],[1280,3461],[1280,3462],[1281,3462],[1282,3462],[1283,3462],[1283,3461],[1284,3461],[1285,3461],[1286,3461],[1287,3461],[1288,3461],[1289,3461],[1290,3461],[1291,3461],[1292,3461],[1293,3461],[1294,3461],[1295,3461],[1296,3461],[1297,3461],[1298,3461],[1299,3461],[1300,3461],[1301,3461],[1302,3461],[1303,3461],[1304,3461],[1304,3462],[1305,3462],[1306,3462],[1307,3462],[1308,3462],[1309,3462],[1310,3462],[1311,3462],[1312,3462],[1313,3462],[1314,3462],[1315,3462],[1316,3462],[1317,3462],[1318,3462],[1319,3462],[1320,3462],[1320,3463],[1321,3463],[1321,3464],[1322,3464],[1322,3465],[1323,3465],[1323,3466],[1324,3466],[1325,3466],[1325,3467],[1326,3467],[1326,3468],[1327,3468],[1328,3468],[1329,3468],[1329,3469],[1330,3469],[1331,3469],[1332,3469],[1333,3469],[1333,3470],[1334,3470],[1334,3471],[1335,3471],[1336,3471],[1336,3472],[1337,3472],[1338,3472],[1338,3473],[1339,3473],[1339,3474],[1340,3474],[1341,3474],[1341,3475],[1342,3475],[1343,3475],[1344,3475],[1344,3474],[1344,3473],[1344,3472],[1344,3471],[1344,3470],[1344,3469],[1344,3468],[1344,3467],[1344,3466],[1344,3465],[1344,3464],[1344,3463],[1344,3462],[1344,3461],[1344,3460],[1344,3459],[1344,3458],[1344,3457],[1344,3456],[1343,3456],[1342,3456],[1341,3456],[1340,3456],[1339,3456],[1338,3456],[1337,3456],[1336,3456],[1335,3456],[1334,3456],[1333,3456],[1332,3456],[1331,3456],[1330,3456],[1329,3456],[1328,3456],[1327,3456],[1326,3456],[1325,3456],[1324,3456],[1323,3456],[1322,3456],[1321,3456],[1320,3456],[1319,3456],[1318,3456],[1317,3456],[1316,3456],[1315,3456],[1314,3456],[1313,3456],[1312,3456],[1311,3456],[1310,3456],[1309,3456],[1308,3456],[1307,3456],[1306,3456],[1305,3456],[1304,3456],[1303,3456],[1302,3456],[1301,3456],[1300,3456],[1299,3456],[1298,3456],[1297,3456],[1296,3456],[1295,3456],[1294,3456],[1293,3456],[1292,3456],[1291,3456],[1290,3456],[1289,3456],[1288,3456],[1287,3456],[1286,3456],[1285,3456],[1284,3456],[1283,3456],[1282,3456],[1281,3456],[1280,3456]]],[[[1344,3392],[1345,3392],[1346,3392],[1347,3392],[1348,3392],[1349,3392],[1350,3392],[1351,3392],[1352,3392],[1353,3392],[1354,3392],[1355,3392],[1356,3392],[1357,3392],[1358,3392],[1359,3392],[1360,3392],[1361,3392],[1362,3392],[1363,3392],[1364,3392],[1365,3392],[1366,3392],[1367,3392],[1368,3392],[1369,3392],[1370,3392],[1371,3392],[1372,3392],[1373,3392],[1374,3392],[1375,3392],[1376,3392],[1377,3392],[1378,3392],[1379,3392],[1380,3392],[1381,3392],[1382,3392],[1383,3392],[1384,3392],[1385,3392],[1386,3392],[1387,3392],[1388,3392],[1389,3392],[1390,3392],[1391,3392],[1392,3392],[1393,3392],[1394,3392],[1395,3392],[1396,3392],[1397,3392],[1398,3392],[1399,3392],[1400,3392],[1401,3392],[1402,3392],[1403,3392],[1404,3392],[1405,3392],[1406,3392],[1407,3392],[1408,3392],[1408,3393],[1408,3394],[1408,3395],[1408,3396],[1408,3397],[1408,3398],[1408,3399],[1408,3400],[1408,3401],[1408,3402],[1408,3403],[1408,3404],[1408,3405],[1408,3406],[1408,3407],[1408,3408],[1408,3409],[1408,3410],[1408,3411],[1408,3412],[1408,3413],[1408,3414],[1408,3415],[1408,3416],[1408,3417],[1408,3418],[1408,3419],[1408,3420],[1408,3421],[1408,3422],[1408,3423],[1408,3424],[1408,3425],[1408,3426],[1408,3427],[1408,3428],[1408,3429],[1408,3430],[1408,3431],[1408,3432],[1408,3433],[1408,3434],[1408,3435],[1408,3436],[1408,3437],[1408,3438],[1408,3439],[1408,3440],[1408,3441],[1408,3442],[1408,3443],[1408,3444],[1408,3445],[1408,3446],[1408,3447],[1408,3448],[1408,3449],[1408,3450],[1408,3451],[1408,3452],[1408,3453],[1408,3454],[1408,3455],[1408,3456],[1407,3456],[1406,3456],[1405,3456],[1404,3456],[1403,3456],[1402,3456],[1401,3456],[1400,3456],[1399,3456],[1398,3456],[1397,3456],[1396,3456],[1395,3456],[1394,3456],[1393,3456],[1392,3456],[1391,3456],[1390,3456],[1389,3456],[1388,3456],[1387,3456],[1386,3456],[1385,3456],[1384,3456],[1383,3456],[1382,3456],[1381,3456],[1380,3456],[1379,3456],[1378,3456],[1377,3456],[1376,3456],[1375,3456],[1374,3456],[1373,3456],[1372,3456],[1371,3456],[1370,3456],[1369,3456],[1368,3456],[1367,3456],[1366,3456],[1365,3456],[1364,3456],[1363,3456],[1362,3456],[1361,3456],[1360,3456],[1359,3456],[1358,3456],[1357,3456],[1356,3456],[1355,3456],[1354,3456],[1353,3456],[1352,3456],[1351,3456],[1350,3456],[1349,3456],[1348,3456],[1347,3456],[1346,3456],[1345,3456],[1344,3456],[1344,3455],[1344,3454],[1344,3453],[1344,3452],[1344,3451],[1344,3450],[1344,3449],[1344,3448],[1344,3447],[1344,3446],[1344,3445],[1344,3444],[1344,3443],[1344,3442],[1344,3441],[1344,3440],[1344,3439],[1344,3438],[1344,3437],[1344,3436],[1344,3435],[1344,3434],[1344,3433],[1344,3432],[1344,3431],[1344,3430],[1344,3429],[1344,3428],[1344,3427],[1344,3426],[1344,3425],[1344,3424],[1344,3423],[1344,3422],[1344,3421],[1344,3420],[1344,3419],[1344,3418],[1344,3417],[1344,3416],[1344,3415],[1344,3414],[1344,3413],[1344,3412],[1344,3411],[1344,3410],[1344,3409],[1344,3408],[1344,3407],[1344,3406],[1344,3405],[1344,3404],[1344,3403],[1344,3402],[1344,3401],[1344,3400],[1344,3399],[1344,3398],[1344,3397],[1344,3396],[1344,3395],[1344,3394],[1344,3393],[1344,3392]]],[[[1344,3392],[1344,3393],[1344,3394],[1344,3395],[1344,3396],[1344,3397],[1344,3398],[1344,3399],[1344,3400],[1344,3401],[1344,3402],[1344,3403],[1344,3404],[1344,3405],[1344,3406],[1344,3407],[1344,3408],[1344,3409],[1344,3410],[1344,3411],[1344,3412],[1344,3413],[1344,3414],[1344,3415],[1344,3416],[1344,3417],[1344,3418],[1344,3419],[1344,3420],[1344,3421],[1344,3422],[1344,3423],[1344,3424],[1344,3425],[1344,3426],[1344,3427],[1344,3428],[1344,3429],[1344,3430],[1344,3431],[1344,3432],[1344,3433],[1344,3434],[1344,3435],[1344,3436],[1344,3437],[1344,3438],[1344,3439],[1344,3440],[1344,3441],[1344,3442],[1344,3443],[1344,3444],[1344,3445],[1344,3446],[1344,3447],[1344,3448],[1344,3449],[1344,3450],[1344,3451],[1344,3452],[1344,3453],[1344,3454],[1344,3455],[1344,3456],[1345,3456],[1346,3456],[1347,3456],[1348,3456],[1349,3456],[1350,3456],[1351,3456],[1352,3456],[1353,3456],[1354,3456],[1355,3456],[1356,3456],[1357,3456],[1358,3456],[1359,3456],[1360,3456],[1361,3456],[1362,3456],[1363,3456],[1364,3456],[1365,3456],[1366,3456],[1367,3456],[1368,3456],[1369,3456],[1370,3456],[1371,3456],[1372,3456],[1373,3456],[1374,3456],[1375,3456],[1376,3456],[1377,3456],[1378,3456],[1379,3456],[1380,3456],[1381,3456],[1382,3456],[1383,3456],[1384,3456],[1385,3456],[1386,3456],[1387,3456],[1388,3456],[1389,3456],[1390,3456],[1391,3456],[1392,3456],[1393,3456],[1394,3456],[1395,3456],[1396,3456],[1397,3456],[1398,3456],[1399,3456],[1400,3456],[1401,3456],[1402,3456],[1403,3456],[1404,3456],[1405,3456],[1406,3456],[1407,3456],[1408,3456],[1408,3455],[1408,3454],[1408,3453],[1408,3452],[1408,3451],[1408,3450],[1408,3449],[1408,3448],[1408,3447],[1408,3446],[1408,3445],[1408,3444],[1408,3443],[1408,3442],[1408,3441],[1408,3440],[1408,3439],[1408,3438],[1408,3437],[1408,3436],[1408,3435],[1408,3434],[1408,3433],[1408,3432],[1408,3431],[1408,3430],[1408,3429],[1408,3428],[1408,3427],[1408,3426],[1408,3425],[1408,3424],[1408,3423],[1408,3422],[1408,3421],[1408,3420],[1408,3419],[1408,3418],[1408,3417],[1408,3416],[1408,3415],[1408,3414],[1408,3413],[1408,3412],[1408,3411],[1408,3410],[1408,3409],[1408,3408],[1408,3407],[1408,3406],[1408,3405],[1408,3404],[1408,3403],[1408,3402],[1408,3401],[1408,3400],[1408,3399],[1408,3398],[1408,3397],[1408,3396],[1408,3395],[1408,3394],[1408,3393],[1408,3392],[1407,3392],[1406,3392],[1405,3392],[1404,3392],[1403,3392],[1402,3392],[1401,3392],[1400,3392],[1399,3392],[1398,3392],[1397,3392],[1396,3392],[1395,3392],[1394,3392],[1393,3392],[1392,3392],[1391,3392],[1390,3392],[1389,3392],[1388,3392],[1387,3392],[1386,3392],[1385,3392],[1384,3392],[1383,3392],[1382,3392],[1381,3392],[1380,3392],[1379,3392],[1378,3392],[1377,3392],[1376,3392],[1375,3392],[1374,3392],[1373,3392],[1372,3392],[1371,3392],[1370,3392],[1369,3392],[1368,3392],[1367,3392],[1366,3392],[1365,3392],[1364,3392],[1363,3392],[1362,3392],[1361,3392],[1360,3392],[1359,3392],[1358,3392],[1357,3392],[1356,3392],[1355,3392],[1354,3392],[1353,3392],[1352,3392],[1351,3392],[1350,3392],[1349,3392],[1348,3392],[1347,3392],[1346,3392],[1345,3392],[1344,3392]]],[[[1344,3456],[1345,3456],[1346,3456],[1347,3456],[1348,3456],[1349,3456],[1350,3456],[1351,3456],[1352,3456],[1353,3456],[1354,3456],[1355,3456],[1356,3456],[1356,3457],[1357,3457],[1357,3458],[1358,3458],[1358,3459],[1358,3460],[1358,3461],[1358,3462],[1358,3463],[1359,3463],[1359,3464],[1360,3464],[1360,3465],[1361,3465],[1361,3466],[1362,3466],[1362,3467],[1362,3468],[1362,3469],[1362,3470],[1362,3471],[1362,3472],[1362,3473],[1362,3474],[1361,3474],[1361,3475],[1360,3475],[1360,3476],[1359,3476],[1359,3477],[1358,3477],[1357,3477],[1356,3477],[1355,3477],[1354,3477],[1353,3477],[1352,3477],[1352,3476],[1351,3476],[1350,3476],[1349,3476],[1348,3476],[1347,3476],[1346,3476],[1345,3476],[1345,3475],[1344,3475],[1344,3474],[1344,3473],[1344,3472],[1344,3471],[1344,3470],[1344,3469],[1344,3468],[1344,3467],[1344,3466],[1344,3465],[1344,3464],[1344,3463],[1344,3462],[1344,3461],[1344,3460],[1344,3459],[1344,3458],[1344,3457],[1344,3456]]],[[[1344,3456],[1344,3457],[1344,3458],[1344,3459],[1344,3460],[1344,3461],[1344,3462],[1344,3463],[1344,3464],[1344,3465],[1344,3466],[1344,3467],[1344,3468],[1344,3469],[1344,3470],[1344,3471],[1344,3472],[1344,3473],[1344,3474],[1344,3475],[1345,3475],[1345,3476],[1346,3476],[1347,3476],[1348,3476],[1349,3476],[1350,3476],[1351,3476],[1352,3476],[1352,3477],[1353,3477],[1354,3477],[1355,3477],[1356,3477],[1357,3477],[1358,3477],[1359,3477],[1359,3476],[1360,3476],[1360,3475],[1361,3475],[1361,3474],[1362,3474],[1362,3473],[1362,3472],[1362,3471],[1362,3470],[1362,3469],[1362,3468],[1362,3467],[1362,3466],[1361,3466],[1361,3465],[1360,3465],[1360,3464],[1359,3464],[1359,3463],[1358,3463],[1358,3462],[1358,3461],[1358,3460],[1358,3459],[1358,3458],[1357,3458],[1357,3457],[1356,3457],[1356,3456],[1355,3456],[1354,3456],[1353,3456],[1352,3456],[1351,3456],[1350,3456],[1349,3456],[1348,3456],[1347,3456],[1346,3456],[1345,3456],[1344,3456]]],[[[1344,3328],[1345,3328],[1346,3328],[1347,3328],[1348,3328],[1349,3328],[1350,3328],[1351,3328],[1352,3328],[1353,3328],[1354,3328],[1355,3328],[1356,3328],[1357,3328],[1358,3328],[1359,3328],[1360,3328],[1361,3328],[1362,3328],[1363,3328],[1364,3328],[1365,3328],[1366,3328],[1367,3328],[1368,3328],[1369,3328],[1370,3328],[1371,3328],[1372,3328],[1373,3328],[1374,3328],[1375,3328],[1376,3328],[1377,3328],[1378,3328],[1379,3328],[1380,3328],[1381,3328],[1382,3328],[1383,3328],[1384,3328],[1385,3328],[1386,3328],[1387,3328],[1388,3328],[1389,3328],[1390,3328],[1391,3328],[1392,3328],[1393,3328],[1394,3328],[1395,3328],[1396,3328],[1397,3328],[1398,3328],[1399,3328],[1400,3328],[1401,3328],[1402,3328],[1403,3328],[1404,3328],[1405,3328],[1406,3328],[1407,3328],[1408,3328],[1408,3329],[1408,3330],[1408,3331],[1408,3332],[1408,3333],[1408,3334],[1408,3335],[1408,3336],[1408,3337],[1408,3338],[1408,3339],[1408,3340],[1408,3341],[1408,3342],[1408,3343],[1408,3344],[1408,3345],[1408,3346],[1408,3347],[1408,3348],[1408,3349],[1408,3350],[1408,3351],[1408,3352],[1408,3353],[1408,3354],[1408,3355],[1408,3356],[1408,3357],[1408,3358],[1408,3359],[1408,3360],[1408,3361],[1408,3362],[1408,3363],[1408,3364],[1408,3365],[1408,3366],[1408,3367],[1408,3368],[1408,3369],[1408,3370],[1408,3371],[1408,3372],[1408,3373],[1408,3374],[1408,3375],[1408,3376],[1408,3377],[1408,3378],[1408,3379],[1408,3380],[1408,3381],[1408,3382],[1408,3383],[1408,3384],[1408,3385],[1408,3386],[1408,3387],[1408,3388],[1408,3389],[1408,3390],[1408,3391],[1408,3392],[1407,3392],[1406,3392],[1405,3392],[1404,3392],[1403,3392],[1402,3392],[1401,3392],[1400,3392],[1399,3392],[1398,3392],[1397,3392],[1396,3392],[1395,3392],[1394,3392],[1393,3392],[1392,3392],[1391,3392],[1390,3392],[1389,3392],[1388,3392],[1387,3392],[1386,3392],[1385,3392],[1384,3392],[1383,3392],[1382,3392],[1381,3392],[1380,3392],[1379,3392],[1378,3392],[1377,3392],[1376,3392],[1375,3392],[1374,3392],[1373,3392],[1372,3392],[1371,3392],[1370,3392],[1369,3392],[1368,3392],[1367,3392],[1366,3392],[1365,3392],[1364,3392],[1363,3392],[1362,3392],[1361,3392],[1360,3392],[1359,3392],[1358,3392],[1357,3392],[1356,3392],[1355,3392],[1354,3392],[1353,3392],[1352,3392],[1351,3392],[1350,3392],[1349,3392],[1348,3392],[1347,3392],[1346,3392],[1345,3392],[1344,3392],[1344,3391],[1344,3390],[1344,3389],[1344,3388],[1344,3387],[1344,3386],[1344,3385],[1344,3384],[1344,3383],[1344,3382],[1344,3381],[1344,3380],[1344,3379],[1344,3378],[1344,3377],[1344,3376],[1344,3375],[1344,3374],[1344,3373],[1344,3372],[1344,3371],[1344,3370],[1344,3369],[1344,3368],[1344,3367],[1344,3366],[1344,3365],[1344,3364],[1344,3363],[1344,3362],[1344,3361],[1344,3360],[1344,3359],[1344,3358],[1344,3357],[1344,3356],[1344,3355],[1344,3354],[1344,3353],[1344,3352],[1344,3351],[1344,3350],[1344,3349],[1344,3348],[1344,3347],[1344,3346],[1344,3345],[1344,3344],[1344,3343],[1344,3342],[1344,3341],[1344,3340],[1344,3339],[1344,3338],[1344,3337],[1344,3336],[1344,3335],[1344,3334],[1344,3333],[1344,3332],[1344,3331],[1344,3330],[1344,3329],[1344,3328]]],[[[1344,3328],[1344,3329],[1344,3330],[1344,3331],[1344,3332],[1344,3333],[1344,3334],[1344,3335],[1344,3336],[1344,3337],[1344,3338],[1344,3339],[1344,3340],[1344,3341],[1344,3342],[1344,3343],[1344,3344],[1344,3345],[1344,3346],[1344,3347],[1344,3348],[1344,3349],[1344,3350],[1344,3351],[1344,3352],[1344,3353],[1344,3354],[1344,3355],[1344,3356],[1344,3357],[1344,3358],[1344,3359],[1344,3360],[1344,3361],[1344,3362],[1344,3363],[1344,3364],[1344,3365],[1344,3366],[1344,3367],[1344,3368],[1344,3369],[1344,3370],[1344,3371],[1344,3372],[1344,3373],[1344,3374],[1344,3375],[1344,3376],[1344,3377],[1344,3378],[1344,3379],[1344,3380],[1344,3381],[1344,3382],[1344,3383],[1344,3384],[1344,3385],[1344,3386],[1344,3387],[1344,3388],[1344,3389],[1344,3390],[1344,3391],[1344,3392],[1345,3392],[1346,3392],[1347,3392],[1348,3392],[1349,3392],[1350,3392],[1351,3392],[1352,3392],[1353,3392],[1354,3392],[1355,3392],[1356,3392],[1357,3392],[1358,3392],[1359,3392],[1360,3392],[1361,3392],[1362,3392],[1363,3392],[1364,3392],[1365,3392],[1366,3392],[1367,3392],[1368,3392],[1369,3392],[1370,3392],[1371,3392],[1372,3392],[1373,3392],[1374,3392],[1375,3392],[1376,3392],[1377,3392],[1378,3392],[1379,3392],[1380,3392],[1381,3392],[1382,3392],[1383,3392],[1384,3392],[1385,3392],[1386,3392],[1387,3392],[1388,3392],[1389,3392],[1390,3392],[1391,3392],[1392,3392],[1393,3392],[1394,3392],[1395,3392],[1396,3392],[1397,3392],[1398,3392],[1399,3392],[1400,3392],[1401,3392],[1402,3392],[1403,3392],[1404,3392],[1405,3392],[1406,3392],[1407,3392],[1408,3392],[1408,3391],[1408,3390],[1408,3389],[1408,3388],[1408,3387],[1408,3386],[1408,3385],[1408,3384],[1408,3383],[1408,3382],[1408,3381],[1408,3380],[1408,3379],[1408,3378],[1408,3377],[1408,3376],[1408,3375],[1408,3374],[1408,3373],[1408,3372],[1408,3371],[1408,3370],[1408,3369],[1408,3368],[1408,3367],[1408,3366],[1408,3365],[1408,3364],[1408,3363],[1408,3362],[1408,3361],[1408,3360],[1408,3359],[1408,3358],[1408,3357],[1408,3356],[1408,3355],[1408,3354],[1408,3353],[1408,3352],[1408,3351],[1408,3350],[1408,3349],[1408,3348],[1408,3347],[1408,3346],[1408,3345],[1408,3344],[1408,3343],[1408,3342],[1408,3341],[1408,3340],[1408,3339],[1408,3338],[1408,3337],[1408,3336],[1408,3335],[1408,3334],[1408,3333],[1408,3332],[1408,3331],[1408,3330],[1408,3329],[1408,3328],[1407,3328],[1406,3328],[1405,3328],[1404,3328],[1403,3328],[1402,3328],[1401,3328],[1400,3328],[1399,3328],[1398,3328],[1397,3328],[1396,3328],[1395,3328],[1394,3328],[1393,3328],[1392,3328],[1391,3328],[1390,3328],[1389,3328],[1388,3328],[1387,3328],[1386,3328],[1385,3328],[1384,3328],[1383,3328],[1382,3328],[1381,3328],[1380,3328],[1379,3328],[1378,3328],[1377,3328],[1376,3328],[1375,3328],[1374,3328],[1373,3328],[1372,3328],[1371,3328],[1370,3328],[1369,3328],[1368,3328],[1367,3328],[1366,3328],[1365,3328],[1364,3328],[1363,3328],[1362,3328],[1361,3328],[1360,3328],[1359,3328],[1358,3328],[1357,3328],[1356,3328],[1355,3328],[1354,3328],[1353,3328],[1352,3328],[1351,3328],[1350,3328],[1349,3328],[1348,3328],[1347,3328],[1346,3328],[1345,3328],[1344,3328]]],[[[1399,3386],[1400,3386],[1400,3387],[1400,3388],[1399,3388],[1399,3387],[1399,3386]]],[[[1399,3386],[1399,3387],[1399,3388],[1400,3388],[1400,3387],[1400,3386],[1399,3386]]],[[[1408,3328],[1409,3328],[1410,3328],[1411,3328],[1412,3328],[1413,3328],[1414,3328],[1415,3328],[1416,3328],[1417,3328],[1418,3328],[1419,3328],[1420,3328],[1421,3328],[1422,3328],[1423,3328],[1424,3328],[1425,3328],[1426,3328],[1427,3328],[1428,3328],[1429,3328],[1430,3328],[1431,3328],[1432,3328],[1433,3328],[1434,3328],[1435,3328],[1436,3328],[1437,3328],[1438,3328],[1439,3328],[1440,3328],[1441,3328],[1442,3328],[1443,3328],[1444,3328],[1445,3328],[1446,3328],[1447,3328],[1448,3328],[1449,3328],[1450,3328],[1451,3328],[1452,3328],[1453,3328],[1454,3328],[1455,3328],[1456,3328],[1457,3328],[1458,3328],[1459,3328],[1460,3328],[1461,3328],[1462,3328],[1463,3328],[1464,3328],[1465,3328],[1466,3328],[1467,3328],[1468,3328],[1469,3328],[1470,3328],[1471,3328],[1472,3328],[1472,3329],[1472,3330],[1472,3331],[1472,3332],[1472,3333],[1472,3334],[1472,3335],[1472,3336],[1472,3337],[1472,3338],[1472,3339],[1472,3340],[1472,3341],[1472,3342],[1472,3343],[1472,3344],[1472,3345],[1472,3346],[1472,3347],[1472,3348],[1472,3349],[1472,3350],[1472,3351],[1472,3352],[1472,3353],[1472,3354],[1472,3355],[1472,3356],[1472,3357],[1472,3358],[1472,3359],[1472,3360],[1472,3361],[1472,3362],[1472,3363],[1472,3364],[1472,3365],[1472,3366],[1472,3367],[1472,3368],[1472,3369],[1472,3370],[1472,3371],[1472,3372],[1472,3373],[1472,3374],[1472,3375],[1472,3376],[1472,3377],[1472,3378],[1472,3379],[1472,3380],[1472,3381],[1472,3382],[1472,3383],[1472,3384],[1472,3385],[1472,3386],[1472,3387],[1472,3388],[1472,3389],[1472,3390],[1472,3391],[1472,3392],[1471,3392],[1470,3392],[1469,3392],[1468,3392],[1467,3392],[1466,3392],[1465,3392],[1464,3392],[1463,3392],[1462,3392],[1461,3392],[1460,3392],[1459,3392],[1458,3392],[1457,3392],[1456,3392],[1455,3392],[1454,3392],[1453,3392],[1452,3392],[1451,3392],[1450,3392],[1449,3392],[1448,3392],[1447,3392],[1446,3392],[1445,3392],[1444,3392],[1443,3392],[1442,3392],[1441,3392],[1440,3392],[1439,3392],[1438,3392],[1437,3392],[1436,3392],[1435,3392],[1434,3392],[1433,3392],[1432,3392],[1431,3392],[1430,3392],[1429,3392],[1428,3392],[1427,3392],[1426,3392],[1425,3392],[1424,3392],[1423,3392],[1422,3392],[1421,3392],[1420,3392],[1419,3392],[1418,3392],[1417,3392],[1416,3392],[1415,3392],[1414,3392],[1413,3392],[1412,3392],[1411,3392],[1410,3392],[1409,3392],[1408,3392],[1408,3391],[1408,3390],[1408,3389],[1408,3388],[1408,3387],[1408,3386],[1408,3385],[1408,3384],[1408,3383],[1408,3382],[1408,3381],[1408,3380],[1408,3379],[1408,3378],[1408,3377],[1408,3376],[1408,3375],[1408,3374],[1408,3373],[1408,3372],[1408,3371],[1408,3370],[1408,3369],[1408,3368],[1408,3367],[1408,3366],[1408,3365],[1408,3364],[1408,3363],[1408,3362],[1408,3361],[1408,3360],[1408,3359],[1408,3358],[1408,3357],[1408,3356],[1408,3355],[1408,3354],[1408,3353],[1408,3352],[1408,3351],[1408,3350],[1408,3349],[1408,3348],[1408,3347],[1408,3346],[1408,3345],[1408,3344],[1408,3343],[1408,3342],[1408,3341],[1408,3340],[1408,3339],[1408,3338],[1408,3337],[1408,3336],[1408,3335],[1408,3334],[1408,3333],[1408,3332],[1408,3331],[1408,3330],[1408,3329],[1408,3328]]],[[[1408,3328],[1408,3329],[1408,3330],[1408,3331],[1408,3332],[1408,3333],[1408,3334],[1408,3335],[1408,3336],[1408,3337],[1408,3338],[1408,3339],[1408,3340],[1408,3341],[1408,3342],[1408,3343],[1408,3344],[1408,3345],[1408,3346],[1408,3347],[1408,3348],[1408,3349],[1408,3350],[1408,3351],[1408,3352],[1408,3353],[1408,3354],[1408,3355],[1408,3356],[1408,3357],[1408,3358],[1408,3359],[1408,3360],[1408,3361],[1408,3362],[1408,3363],[1408,3364],[1408,3365],[1408,3366],[1408,3367],[1408,3368],[1408,3369],[1408,3370],[1408,3371],[1408,3372],[1408,3373],[1408,3374],[1408,3375],[1408,3376],[1408,3377],[1408,3378],[1408,3379],[1408,3380],[1408,3381],[1408,3382],[1408,3383],[1408,3384],[1408,3385],[1408,3386],[1408,3387],[1408,3388],[1408,3389],[1408,3390],[1408,3391],[1408,3392],[1409,3392],[1410,3392],[1411,3392],[1412,3392],[1413,3392],[1414,3392],[1415,3392],[1416,3392],[1417,3392],[1418,3392],[1419,3392],[1420,3392],[1421,3392],[1422,3392],[1423,3392],[1424,3392],[1425,3392],[1426,3392],[1427,3392],[1428,3392],[1429,3392],[1430,3392],[1431,3392],[1432,3392],[1433,3392],[1434,3392],[1435,3392],[1436,3392],[1437,3392],[1438,3392],[1439,3392],[1440,3392],[1441,3392],[1442,3392],[1443,3392],[1444,3392],[1445,3392],[1446,3392],[1447,3392],[1448,3392],[1449,3392],[1450,3392],[1451,3392],[1452,3392],[1453,3392],[1454,3392],[1455,3392],[1456,3392],[1457,3392],[1458,3392],[1459,3392],[1460,3392],[1461,3392],[1462,3392],[1463,3392],[1464,3392],[1465,3392],[1466,3392],[1467,3392],[1468,3392],[1469,3392],[1470,3392],[1471,3392],[1472,3392],[1472,3391],[1472,3390],[1472,3389],[1472,3388],[1472,3387],[1472,3386],[1472,3385],[1472,3384],[1472,3383],[1472,3382],[1472,3381],[1472,3380],[1472,3379],[1472,3378],[1472,3377],[1472,3376],[1472,3375],[1472,3374],[1472,3373],[1472,3372],[1472,3371],[1472,3370],[1472,3369],[1472,3368],[1472,3367],[1472,3366],[1472,3365],[1472,3364],[1472,3363],[1472,3362],[1472,3361],[1472,3360],[1472,3359],[1472,3358],[1472,3357],[1472,3356],[1472,3355],[1472,3354],[1472,3353],[1472,3352],[1472,3351],[1472,3350],[1472,3349],[1472,3348],[1472,3347],[1472,3346],[1472,3345],[1472,3344],[1472,3343],[1472,3342],[1472,3341],[1472,3340],[1472,3339],[1472,3338],[1472,3337],[1472,3336],[1472,3335],[1472,3334],[1472,3333],[1472,3332],[1472,3331],[1472,3330],[1472,3329],[1472,3328],[1471,3328],[1470,3328],[1469,3328],[1468,3328],[1467,3328],[1466,3328],[1465,3328],[1464,3328],[1463,3328],[1462,3328],[1461,3328],[1460,3328],[1459,3328],[1458,3328],[1457,3328],[1456,3328],[1455,3328],[1454,3328],[1453,3328],[1452,3328],[1451,3328],[1450,3328],[1449,3328],[1448,3328],[1447,3328],[1446,3328],[1445,3328],[1444,3328],[1443,3328],[1442,3328],[1441,3328],[1440,3328],[1439,3328],[1438,3328],[1437,3328],[1436,3328],[1435,3328],[1434,3328],[1433,3328],[1432,3328],[1431,3328],[1430,3328],[1429,3328],[1428,3328],[1427,3328],[1426,3328],[1425,3328],[1424,3328],[1423,3328],[1422,3328],[1421,3328],[1420,3328],[1419,3328],[1418,3328],[1417,3328],[1416,3328],[1415,3328],[1414,3328],[1413,3328],[1412,3328],[1411,3328],[1410,3328],[1409,3328],[1408,3328]]],[[[1416,3377],[1417,3377],[1417,3378],[1416,3378],[1416,3377]]],[[[1416,3377],[1416,3378],[1417,3378],[1417,3377],[1416,3377]]],[[[1420,3386],[1421,3386],[1422,3386],[1423,3386],[1423,3387],[1422,3387],[1422,3388],[1421,3388],[1420,3388],[1419,3388],[1419,3387],[1420,3387],[1420,3386]]],[[[1420,3386],[1420,3387],[1419,3387],[1419,3388],[1420,3388],[1421,3388],[1422,3388],[1422,3387],[1423,3387],[1423,3386],[1422,3386],[1421,3386],[1420,3386]]]]}}]}